-- MySQL dump 10.17  Distrib 10.3.25-MariaDB, for debian-linux-gnu (x86_64)
--
-- Host: localhost    Database: bestshineshops
-- ------------------------------------------------------
-- Server version	10.3.25-MariaDB-0ubuntu0.20.04.1

/*!40101 SET @OLD_CHARACTER_SET_CLIENT=@@CHARACTER_SET_CLIENT */;
/*!40101 SET @OLD_CHARACTER_SET_RESULTS=@@CHARACTER_SET_RESULTS */;
/*!40101 SET @OLD_COLLATION_CONNECTION=@@COLLATION_CONNECTION */;
/*!40101 SET NAMES utf8mb4 */;
/*!40103 SET @OLD_TIME_ZONE=@@TIME_ZONE */;
/*!40103 SET TIME_ZONE='+00:00' */;
/*!40014 SET @OLD_UNIQUE_CHECKS=@@UNIQUE_CHECKS, UNIQUE_CHECKS=0 */;
/*!40014 SET @OLD_FOREIGN_KEY_CHECKS=@@FOREIGN_KEY_CHECKS, FOREIGN_KEY_CHECKS=0 */;
/*!40101 SET @OLD_SQL_MODE=@@SQL_MODE, SQL_MODE='NO_AUTO_VALUE_ON_ZERO' */;
/*!40111 SET @OLD_SQL_NOTES=@@SQL_NOTES, SQL_NOTES=0 */;

--
-- Table structure for table `advanced_salaries`
--

DROP TABLE IF EXISTS `advanced_salaries`;
/*!40101 SET @saved_cs_client     = @@character_set_client */;
/*!40101 SET character_set_client = utf8 */;
CREATE TABLE `advanced_salaries` (
  `id` bigint(20) unsigned NOT NULL AUTO_INCREMENT,
  `employee_id` int(11) NOT NULL,
  `company_id` int(11) DEFAULT NULL,
  `month` varchar(255) COLLATE utf8mb4_unicode_ci NOT NULL,
  `year` varchar(255) COLLATE utf8mb4_unicode_ci NOT NULL,
  `advanced_salary` varchar(255) COLLATE utf8mb4_unicode_ci DEFAULT NULL,
  `created_at` timestamp NULL DEFAULT NULL,
  `updated_at` timestamp NULL DEFAULT NULL,
  PRIMARY KEY (`id`)
) ENGINE=InnoDB AUTO_INCREMENT=8 DEFAULT CHARSET=utf8mb4 COLLATE=utf8mb4_unicode_ci;
/*!40101 SET character_set_client = @saved_cs_client */;

--
-- Dumping data for table `advanced_salaries`
--

LOCK TABLES `advanced_salaries` WRITE;
/*!40000 ALTER TABLE `advanced_salaries` DISABLE KEYS */;
INSERT INTO `advanced_salaries` VALUES (1,1,NULL,'december','2020','100000','2021-01-01 21:02:28','2021-01-01 22:06:48'),(2,2,NULL,'december','2020','10000','2021-01-01 21:06:55','2021-01-01 21:06:55'),(3,1,NULL,'january','2021','1500','2021-01-02 10:19:00','2021-01-02 10:19:00'),(4,7,NULL,'january','2021','1000','2021-01-02 10:20:21','2021-01-02 10:20:21'),(5,7,NULL,'february','2021','10000','2021-01-02 12:23:37','2021-01-02 12:23:37'),(6,36,NULL,'january','2021','5000','2021-01-04 11:24:32','2021-01-04 11:24:32'),(7,24,22,'january','2021','100','2021-01-22 08:44:05','2021-01-22 08:44:05');
/*!40000 ALTER TABLE `advanced_salaries` ENABLE KEYS */;
UNLOCK TABLES;

--
-- Table structure for table `attendances`
--

DROP TABLE IF EXISTS `attendances`;
/*!40101 SET @saved_cs_client     = @@character_set_client */;
/*!40101 SET character_set_client = utf8 */;
CREATE TABLE `attendances` (
  `id` bigint(20) unsigned NOT NULL AUTO_INCREMENT,
  `user_id` bigint(20) unsigned NOT NULL,
  `company_id` int(11) DEFAULT NULL,
  `attendance` tinyint(4) NOT NULL,
  `date` date NOT NULL,
  `month` varchar(255) COLLATE utf8mb4_unicode_ci DEFAULT NULL,
  `year` varchar(255) COLLATE utf8mb4_unicode_ci NOT NULL,
  `created_at` timestamp NULL DEFAULT NULL,
  `updated_at` timestamp NULL DEFAULT NULL,
  PRIMARY KEY (`id`)
) ENGINE=InnoDB AUTO_INCREMENT=85 DEFAULT CHARSET=utf8mb4 COLLATE=utf8mb4_unicode_ci;
/*!40101 SET character_set_client = @saved_cs_client */;

--
-- Dumping data for table `attendances`
--

LOCK TABLES `attendances` WRITE;
/*!40000 ALTER TABLE `attendances` DISABLE KEYS */;
INSERT INTO `attendances` VALUES (1,1,NULL,1,'2021-01-01','january','2021','2021-01-01 20:12:40','2021-01-01 20:12:40'),(2,2,NULL,1,'2021-01-01','january','2021','2021-01-01 20:12:40','2021-01-01 20:12:40'),(3,6,NULL,1,'2021-01-01','january','2021','2021-01-01 20:12:40','2021-01-01 20:12:40'),(4,7,NULL,1,'2021-01-01','january','2021','2021-01-01 20:12:40','2021-01-01 20:12:40'),(5,8,NULL,1,'2021-01-01','january','2021','2021-01-01 20:12:40','2021-01-01 20:12:40'),(6,9,NULL,1,'2021-01-01','january','2021','2021-01-01 20:12:40','2021-01-01 20:12:40'),(7,12,NULL,1,'2021-01-01','january','2021','2021-01-01 20:12:40','2021-01-01 20:12:40'),(8,13,NULL,1,'2021-01-01','january','2021','2021-01-01 20:12:40','2021-01-01 20:12:40'),(9,14,NULL,0,'2021-01-01','january','2021','2021-01-01 20:12:40','2021-01-01 20:38:24'),(10,15,NULL,0,'2021-01-01','january','2021','2021-01-01 20:12:40','2021-01-01 20:35:54'),(11,18,NULL,0,'2021-01-01','january','2021','2021-01-01 20:12:40','2021-01-01 20:12:40'),(20,1,NULL,1,'2021-01-02','january','2021','2021-01-02 10:23:00','2021-01-02 10:23:00'),(21,2,NULL,0,'2021-01-02','january','2021','2021-01-02 10:23:00','2021-01-02 10:23:00'),(22,6,NULL,0,'2021-01-02','january','2021','2021-01-02 10:23:00','2021-01-02 10:23:00'),(23,7,NULL,1,'2021-01-02','january','2021','2021-01-02 10:23:00','2021-01-02 10:23:00'),(24,8,NULL,0,'2021-01-02','january','2021','2021-01-02 10:23:00','2021-01-02 10:23:00'),(25,9,NULL,1,'2021-01-02','january','2021','2021-01-02 10:23:00','2021-01-02 10:23:00'),(26,12,NULL,0,'2021-01-02','january','2021','2021-01-02 10:23:00','2021-01-02 10:23:00'),(27,15,NULL,1,'2021-01-02','january','2021','2021-01-02 10:23:00','2021-01-02 10:23:00'),(28,1,NULL,1,'2021-01-04','january','2021','2021-01-04 11:24:02','2021-01-04 11:24:02'),(29,2,NULL,0,'2021-01-04','january','2021','2021-01-04 11:24:02','2021-01-04 11:24:02'),(30,6,NULL,0,'2021-01-04','january','2021','2021-01-04 11:24:02','2021-01-04 11:24:02'),(31,7,NULL,0,'2021-01-04','january','2021','2021-01-04 11:24:02','2021-01-04 11:24:02'),(32,8,NULL,1,'2021-01-04','january','2021','2021-01-04 11:24:02','2021-01-04 11:24:02'),(33,9,NULL,1,'2021-01-04','january','2021','2021-01-04 11:24:02','2021-01-04 11:24:02'),(34,12,NULL,0,'2021-01-04','january','2021','2021-01-04 11:24:02','2021-01-04 11:24:02'),(35,15,NULL,1,'2021-01-04','january','2021','2021-01-04 11:24:02','2021-01-04 11:24:02'),(36,26,NULL,0,'2021-01-04','january','2021','2021-01-04 11:24:02','2021-01-04 11:24:02'),(37,28,NULL,0,'2021-01-04','january','2021','2021-01-04 11:24:02','2021-01-04 11:24:02'),(38,29,NULL,0,'2021-01-04','january','2021','2021-01-04 11:24:02','2021-01-04 11:24:02'),(39,30,NULL,0,'2021-01-04','january','2021','2021-01-04 11:24:02','2021-01-04 11:24:02'),(40,31,NULL,0,'2021-01-04','january','2021','2021-01-04 11:24:02','2021-01-04 11:24:02'),(41,32,NULL,0,'2021-01-04','january','2021','2021-01-04 11:24:02','2021-01-04 11:24:02'),(42,33,NULL,0,'2021-01-04','january','2021','2021-01-04 11:24:02','2021-01-04 11:24:02'),(43,34,NULL,1,'2021-01-04','january','2021','2021-01-04 11:24:02','2021-01-04 11:24:02'),(44,35,NULL,0,'2021-01-04','january','2021','2021-01-04 11:24:02','2021-01-04 11:24:02'),(45,36,NULL,1,'2021-01-04','january','2021','2021-01-04 11:24:02','2021-01-04 11:24:02'),(46,37,NULL,1,'2021-01-04','january','2021','2021-01-04 11:24:02','2021-01-04 11:24:02'),(47,38,NULL,1,'2021-01-04','january','2021','2021-01-04 11:24:02','2021-01-04 11:24:02'),(48,39,NULL,0,'2021-01-04','january','2021','2021-01-04 11:24:02','2021-01-04 11:24:02'),(49,40,NULL,0,'2021-01-04','january','2021','2021-01-04 11:24:02','2021-01-04 11:24:02'),(50,1,NULL,1,'2021-01-05','january','2021','2021-01-05 14:35:17','2021-01-05 14:35:17'),(51,2,NULL,0,'2021-01-05','january','2021','2021-01-05 14:35:17','2021-01-05 14:35:17'),(52,6,NULL,0,'2021-01-05','january','2021','2021-01-05 14:35:17','2021-01-05 14:35:17'),(53,7,NULL,1,'2021-01-05','january','2021','2021-01-05 14:35:17','2021-01-05 14:35:17'),(54,8,NULL,0,'2021-01-05','january','2021','2021-01-05 14:35:17','2021-01-05 14:35:17'),(55,9,NULL,0,'2021-01-05','january','2021','2021-01-05 14:35:17','2021-01-05 14:36:54'),(56,12,NULL,0,'2021-01-05','january','2021','2021-01-05 14:35:17','2021-01-05 14:35:17'),(57,15,NULL,1,'2021-01-05','january','2021','2021-01-05 14:35:17','2021-01-05 14:35:17'),(58,26,NULL,0,'2021-01-05','january','2021','2021-01-05 14:35:17','2021-01-05 14:35:17'),(59,28,NULL,0,'2021-01-05','january','2021','2021-01-05 14:35:17','2021-01-05 14:35:17'),(60,29,NULL,0,'2021-01-05','january','2021','2021-01-05 14:35:17','2021-01-05 14:35:17'),(61,30,NULL,0,'2021-01-05','january','2021','2021-01-05 14:35:17','2021-01-05 14:35:17'),(62,31,NULL,1,'2021-01-05','january','2021','2021-01-05 14:35:17','2021-01-05 14:35:17'),(63,32,NULL,0,'2021-01-05','january','2021','2021-01-05 14:35:17','2021-01-05 14:35:17'),(64,33,NULL,0,'2021-01-05','january','2021','2021-01-05 14:35:17','2021-01-05 14:35:17'),(65,34,NULL,1,'2021-01-05','january','2021','2021-01-05 14:35:17','2021-01-05 14:35:17'),(66,35,NULL,0,'2021-01-05','january','2021','2021-01-05 14:35:17','2021-01-05 14:35:17'),(67,36,NULL,0,'2021-01-05','january','2021','2021-01-05 14:35:17','2021-01-05 14:35:17'),(68,37,NULL,1,'2021-01-05','january','2021','2021-01-05 14:35:17','2021-01-05 14:35:17'),(69,38,NULL,1,'2021-01-05','january','2021','2021-01-05 14:35:17','2021-01-05 14:35:17'),(70,39,NULL,0,'2021-01-05','january','2021','2021-01-05 14:35:17','2021-01-05 14:35:17'),(71,40,NULL,0,'2021-01-05','january','2021','2021-01-05 14:35:17','2021-01-05 14:35:17'),(72,1,NULL,1,'2021-01-06','january','2021','2021-01-06 06:23:39','2021-01-06 06:23:39'),(73,6,NULL,1,'2021-01-06','january','2021','2021-01-06 06:23:39','2021-01-06 06:23:39'),(74,7,NULL,1,'2021-01-06','january','2021','2021-01-06 06:23:39','2021-01-06 06:23:39'),(75,15,NULL,1,'2021-01-06','january','2021','2021-01-06 06:23:39','2021-01-06 06:23:39'),(76,34,NULL,1,'2021-01-06','january','2021','2021-01-06 06:23:39','2021-01-06 06:23:39'),(77,35,NULL,1,'2021-01-06','january','2021','2021-01-06 06:23:39','2021-01-06 06:23:39'),(78,36,NULL,1,'2021-01-06','january','2021','2021-01-06 06:23:39','2021-01-06 06:23:39'),(79,37,NULL,1,'2021-01-06','january','2021','2021-01-06 06:23:39','2021-01-06 06:23:39'),(80,38,NULL,1,'2021-01-06','january','2021','2021-01-06 06:23:39','2021-01-06 06:23:39'),(81,39,NULL,1,'2021-01-06','january','2021','2021-01-06 06:23:39','2021-01-06 06:23:39'),(82,40,NULL,1,'2021-01-06','january','2021','2021-01-06 06:23:39','2021-01-06 06:23:39'),(83,41,NULL,1,'2021-01-06','january','2021','2021-01-06 06:23:39','2021-01-06 06:23:39'),(84,24,22,1,'2021-01-22','january','2021','2021-01-22 08:36:17','2021-01-22 08:36:17');
/*!40000 ALTER TABLE `attendances` ENABLE KEYS */;
UNLOCK TABLES;

--
-- Table structure for table `companies`
--

DROP TABLE IF EXISTS `companies`;
/*!40101 SET @saved_cs_client     = @@character_set_client */;
/*!40101 SET character_set_client = utf8 */;
CREATE TABLE `companies` (
  `id` int(10) unsigned NOT NULL AUTO_INCREMENT,
  `company_name` varchar(255) COLLATE utf8mb4_unicode_ci NOT NULL,
  `email` varchar(255) COLLATE utf8mb4_unicode_ci NOT NULL,
  `user_id` int(11) DEFAULT NULL,
  `contact_no` varchar(255) COLLATE utf8mb4_unicode_ci NOT NULL,
  `address` varchar(255) COLLATE utf8mb4_unicode_ci NOT NULL,
  `city` varchar(255) COLLATE utf8mb4_unicode_ci NOT NULL,
  `image` varchar(255) COLLATE utf8mb4_unicode_ci NOT NULL,
  `plan` varchar(255) COLLATE utf8mb4_unicode_ci NOT NULL,
  `category` varchar(255) COLLATE utf8mb4_unicode_ci NOT NULL,
  `status` varchar(255) COLLATE utf8mb4_unicode_ci NOT NULL,
  `created_at` timestamp NULL DEFAULT NULL,
  `updated_at` timestamp NULL DEFAULT NULL,
  PRIMARY KEY (`id`)
) ENGINE=InnoDB AUTO_INCREMENT=70 DEFAULT CHARSET=utf8mb4 COLLATE=utf8mb4_unicode_ci;
/*!40101 SET character_set_client = @saved_cs_client */;

--
-- Dumping data for table `companies`
--

LOCK TABLES `companies` WRITE;
/*!40000 ALTER TABLE `companies` DISABLE KEYS */;
INSERT INTO `companies` VALUES (1,'kmm','kmm@gmail.com',NULL,'9003152804','aaaaaaa','sssssss','Chrysanthemum.jpg','Basic','0','1','2021-01-21 09:29:55','2021-01-21 09:29:55'),(2,'kmm2','kmm2@gmail.com',NULL,'9003152805','aaaaaaa','sssssss','Jellyfish.jpg','Basic','0','1','2021-01-21 09:48:31','2021-01-21 09:48:31'),(3,'kmm2','kmm2@gmail.com',NULL,'9003152805','aaaaaaa','sssssss','Jellyfish.jpg','Basic','0','1','2021-01-21 09:50:07','2021-01-21 09:50:07'),(4,'kmm4','kmm4@gmail.com',NULL,'9003152807','aaaaaaa','sssssss','school/8fe33a8dd3.jpg','Basic','0','1','2021-01-21 11:48:09',NULL),(5,'kmm5','kmm5@gmail.com',NULL,'9003152808','aaaaaaa','sssssss','school/f516f58139.jpg','Standard','0','1','2021-01-21 11:55:27',NULL),(6,'kmm6','kmm6@gmail.com',NULL,'9003152809','aaaaaaa','sssssss','school/c8370f95d9.jpg','Standard','0','1','2021-01-21 11:59:33',NULL),(7,'kmm9','kmm9@gmail.com',NULL,'9003152809','aaaaaaa','sssssss','school/3a7b32f0a4.jpg','Standard','0','1','2021-01-21 12:07:02',NULL),(8,'kmm30','kmm30@gmail.com',9,'9003152810','aaaaaaa','sssssss','school/2990bf7847.jpg','Standard','0','1','2021-01-21 12:11:48','2021-01-21 12:11:48'),(9,'kmm50','kmm50@gmail.com',10,'9080152894','aaaaaaa','sssssss','school/a1970783ee.jpg','Basic','0','1','2021-01-21 13:09:52','2021-01-21 13:09:52'),(10,'kmm100','kmm100@gmail.com',11,'9000011111','aaaaaaa','sssssss','school/ee3cde5af6.jpg','Standard','0','1','2021-01-21 13:11:12','2021-01-21 13:11:13'),(11,'kmm200','kmm200@gmail.com',12,'9003152200','aaaaaaa','sssssss','school/bf9f1bdb2b.jpg','Standard','0','1','2021-01-21 14:00:48','2021-01-21 14:00:49'),(12,'kmm333','kmm333@gmail.com',13,'9003133333','aaaaaaa','sssssss','school/46a0915a76.jpg','Standard','0','1','2021-01-21 14:23:15','2021-01-21 14:23:16'),(13,'kmm400','kmm400@gmail.com',14,'9003152400','aaaaaaa','sssssss','school/1f46be275d.jpg','Standard','0','1','2021-01-21 14:29:31','2021-01-21 14:29:32'),(14,'kmmm','kmmm@gmail.com',15,'9003152000','aaaaaaa','sssssss','school/b6853bd266.jpg','Standard','0','1','2021-01-21 14:56:45','2021-01-21 14:56:45'),(15,'kmm222','kmm222@gmail.com',16,'9003152111','aaaaaaa','sssssss','school/0ff6644ddf.jpg','Standard','0','1','2021-01-21 14:58:14','2021-01-21 14:58:14'),(16,'kmmmm','kmmmm@gmail.com',17,'9003100000','aaaaaaa','sssssss','school/40f3ef809e.jpg','Premium','0','1','2021-01-21 16:22:37','2021-01-21 16:22:37'),(17,'kmm3m','kmm3m@gmail.com',18,'9003122222','aaaaaaa','sssssss','school/d332e70c3a.jpg','Standard','0','1','2021-01-21 16:27:41','2021-01-21 16:27:41'),(18,'kmm3a','kmm3a@gmail.com',19,'9003333333','aaaaaaa','sssssss','school/75646544d4.jpg','Standard','0','1','2021-01-21 16:29:03','2021-01-21 16:29:03'),(19,'kmm3cc','kmm3cc@gmail.com',20,'9003177777','aaaaaaa','sssssss','school/ec8e7c58ea.jpg','Basic','0','1','2021-01-21 16:37:12','2021-01-21 16:37:12'),(20,'kmm3ll','kmm3ll@gmail.com',21,'9003155555','aaaaaaa','sssssss','school/247e12dcbf.jpg','Basic','0','1','2021-01-21 16:49:49','2021-01-21 16:49:50'),(21,'kmm3mmmm','kmm3mmmm@gmail.com',22,'9999999999','aaaaaaa','sssssss','school/95f126275f.jpg','Standard','0','1','2021-01-21 18:43:54','2021-01-21 18:43:55'),(22,'kmmadmin001','kmmadmin001@gmail.com',24,'9000000000','kmm','kmm','school/c0d3419c7b.jpg','Basic','0','1','2021-01-22 06:35:48','2021-01-22 06:35:48'),(23,'kmmadmin002','latest@gmail.com',25,'9000011111','kmm','kmm','school/5fd072ca8e.jpg','Basic','0','1','2021-01-22 12:52:39','2021-01-22 12:52:40'),(24,'KMM BASIC','kmmbasic@gmail.com',26,'9999999991','Trichy','Trichy','school/537cda7fee.png','Basic','0','1','2021-01-22 21:43:48','2021-01-22 21:43:48'),(25,'KMM STANDARD','kmmstandard@gmail.com',27,'9999999992','Trichy','Trichy','school/343d9d9afa.png','Standard','0','1','2021-01-22 21:47:41','2021-01-22 21:47:42'),(26,'KMM PREMIUM','kmmpremium@gmail.com',28,'9999999993','Trichy','Trichy','school/67a08ecf39.png','Premium','0','1','2021-01-22 21:50:01','2021-01-22 21:50:01'),(27,'kmm testing','kmmtesting@gmail.com',29,'9999999994','Trichy','Trichy','school/fa8b21c8f7.png','Basic','0','1','2021-01-23 08:49:01','2021-01-23 08:49:01'),(28,'KMM MICRO','kmmmicro@gmail.com',30,'9999999995','Trichy','Trichy','school/b1d41e6fda.png','Basic','0','1','2021-01-23 10:33:42','2021-01-23 10:33:42'),(29,'BESTSHINE BASIC','pallavarambasic@gmail.com',31,'9003152804','Pallavaram','Pallavaram','school/d776cf2f74.png','Basic','0','1','2021-01-26 16:11:30','2021-01-26 16:11:30'),(30,'Bestshine Standard','bestshine@gmail.com',32,'8220787248','Trichy','Trichy','school/6f5ee1797d.JPG','Standard','0','1','2021-01-26 16:35:55','2021-01-26 16:35:55'),(31,'Bestshine Standard','bestshinepallavaram@gmail.com',33,'9087506904','Trichy','Trichy','school/80c48ea3be.JPG','Standard','0','1','2021-01-26 16:43:46','2021-01-26 16:43:46'),(32,'Bestshine Standard','bestshinekaraikkal@gmail.com',34,'8220309479','Trichy','Trichy','school/22a2afbe2e.JPG','Standard','0','1','2021-01-26 16:46:48','2021-01-26 16:46:48'),(33,'Bestshine Standard','bestshinelalgudi@gmail.com',35,'9080745326','Trichy','Trichy','school/d329d6b749.JPG','Standard','0','1','2021-01-26 16:49:47','2021-01-26 16:49:47'),(34,'Bestshine Standard','bestshinekadayanallur@gmail.com',36,'8778950291','Trichy','Trichy','school/d97c0af27e.JPG','Standard','0','1','2021-01-26 16:52:32','2021-01-26 16:52:32'),(35,'Bestshine Standard','bestshinetitakudi@gmail.com',37,'9894455582','Trichy','Trichy','school/42ee35d357.JPG','Standard','0','1','2021-01-26 16:54:44','2021-01-26 16:54:44'),(36,'Bestshine Standard','bestshinemadurantakam@gmail.com',38,'9884276252,7358550935','Trichy','Trichy','school/28a80a82c3.JPG','Standard','0','1','2021-01-26 16:57:03','2021-01-26 16:57:03'),(37,'Bestshine Standard','bestshinekottayam@gmail.com',39,'8590822502','Trichy','Trichy','school/7f157fc52a.JPG','Standard','0','1','2021-01-26 16:59:57','2021-01-26 16:59:57'),(38,'Bestshine Standard','bestshinepattukottai@gmail.com',40,'7695803258','Trichy','Trichy','school/8008453c60.JPG','Standard','0','1','2021-01-26 17:02:06','2021-01-26 17:02:06'),(39,'Bestshine Standard','bestshineattur@gmail.com',41,'6374841511','Trichy','Trichy','school/6ac0ba04ab.JPG','Standard','0','1','2021-01-26 17:05:54','2021-01-26 17:05:55'),(40,'Bestshine Standard','bestshinebangaloreeast@gmail.com',42,'9845105895','Trichy','Trichy','school/14958f425e.JPG','Standard','0','1','2021-01-26 17:08:00','2021-01-26 17:08:00'),(41,'Bestshine Standard','bestshinekangayam@gmail.com',43,'9176585567','Trichy','Trichy','school/661d5f7279.JPG','Standard','0','1','2021-01-26 17:09:57','2021-01-26 17:09:58'),(42,'BESTSHINE BASIC','bestshinesalem@gmail.com',44,'9444433600','Salem','salem','school/7f6d4c9e1c.png','Basic','0','1','2021-01-26 17:10:30','2021-01-26 17:10:30'),(43,'Bestshine Standard','bestshinesrirangam@gmail.com',45,'9976067654','Trichy','Trichy','school/ace04d83f4.JPG','Standard','0','1','2021-01-26 17:11:48','2021-01-26 17:11:48'),(44,'BESTSHINE BASIC','bestshinebhuvanagiri@gmail.com',46,'9600998585','trichy','trichy','school/33d21e4122.png','Basic','0','1','2021-01-26 17:13:15','2021-01-26 17:13:15'),(45,'Bestshine Standard','bestshineozhukarai@gmail.com',47,'9790069042','Trichy','Trichy','school/08dc917502.JPG','Standard','0','1','2021-01-26 17:13:41','2021-01-26 17:13:41'),(46,'BESTSHINE BASIC','bestshinekarambakkam@gmail.com',48,'9788546486','trichy','trichy','school/e62b7ab70c.png','Basic','0','1','2021-01-26 17:14:59','2021-01-26 17:14:59'),(47,'Bestshine Standard','bestshinetambaram@gmail.com',49,'9025591248','Trichy','Trichy','school/e378e48f06.JPG','Standard','0','1','2021-01-26 17:15:21','2021-01-26 17:15:21'),(48,'BESTSHINE BASIC','bestshinemadukkarai@gmail.com',50,'6381711647','trichy','trichy','school/f46ce3683e.png','Basic','0','1','2021-01-26 17:16:29','2021-01-26 17:16:29'),(49,'Bestshine Standard','bestshineandipatti@gmail.com',51,'9626749487','Trichy','Trichy','school/2decb8fa81.JPG','Standard','0','1','2021-01-26 17:17:12','2021-01-26 17:17:12'),(50,'BESTSHINE BASIC','bestshinecoimbatoresouth@gmail.com',52,'8056327431','trichy','trichy','school/ad02ad8c91.png','Basic','0','1','2021-01-26 17:18:20','2021-01-26 17:18:20'),(51,'Bestshine Standard','bestshineaminjikarai@gmail.com',53,'9344088831','Trichy','Trichy','school/387f4d9799.JPG','Standard','0','1','2021-01-26 17:19:01','2021-01-26 17:19:01'),(52,'BESTSHINE BASIC','bestshinesomanur@gmail.com',54,'7548826774','trichy','trichy','school/b1dad02e25.png','Basic','0','1','2021-01-26 17:20:02','2021-01-26 17:20:02'),(53,'Bestshine Standard','bestshinethiruvaiyaru@gmail.com',55,'9443783966','Trichy','Trichy','school/02435e990d.JPG','Standard','0','1','2021-01-26 17:20:56','2021-01-26 17:20:56'),(54,'BESTSHINE BASIC','bestshinekrishnagiri@gmail.com',56,'9677659979','trichy','trichy','school/c1be940ae8.png','Basic','0','1','2021-01-26 17:21:36','2021-01-26 17:21:36'),(55,'Bestshine Standard','bestshinetenkasi@gmail.com',57,'7418879984','Trichy','Trichy','school/362556b6ee.JPG','Standard','0','1','2021-01-26 17:22:45','2021-01-26 17:22:45'),(56,'BESTSHINE BASIC','bestshinebangalorenorth@gmail.com',58,'9916429658','trichy','trichy','school/5b025dd8ab.png','Basic','0','1','2021-01-26 17:23:14','2021-01-26 17:23:14'),(57,'Bestshine Standard','bestshinetiruppurnorth@gmail.com',59,'9698214828','Trichy','Trichy','school/5fa5e40aeb.JPG','Standard','0','1','2021-01-26 17:24:31','2021-01-26 17:24:31'),(58,'BESTSHINE BASIC','bestshinepuducherry@gmail.com',60,'9025793662','trichy','trichy','school/f98d041329.png','Basic','0','1','2021-01-26 17:24:56','2021-01-26 17:24:56'),(59,'BESTSHINE BASIC','bestshinetambaram1@gmail.com',61,'9176056467','trichy','trichy','school/5d874d58d9.png','Basic','0','1','2021-01-26 17:27:28','2021-01-26 17:27:28'),(60,'BESTSHINE BASIC','bestshinethoothukudi@gmail.com',62,'9597245627','trichy','trichy','school/2d048b02cc.png','Basic','0','1','2021-01-26 17:30:22','2021-01-26 17:30:22'),(61,'Bestshine Standard','bestshinethiruvarur1@gmail.com',63,'8056329303','Trichy','Trichy','school/c8152f44a2.JPG','Standard','0','1','2021-01-26 17:31:57','2021-01-26 17:31:57'),(62,'Bestshine Micro','micro@gmail.com',65,'9999977777','Trichy','Trichy','school/c25aa8a306.JPG','Basic','0','1','2021-01-27 10:33:22','2021-01-27 10:33:23'),(63,'BSS','bestshinesalem12@gmail.com',66,'9003152802','trichy','trichy','school/48478890a7.png','Basic','0','1','2021-01-27 11:27:06','2021-01-27 11:27:06'),(64,'SRI BALAJI MODERN RICE MILL','sribalaji@gmail.com',69,'9940787918','No.50, G.S.T Road,Karunguzhi, Madurantakam Taluk, Chengalpattu Dt, TN - 603303','Karunguzhi','company/d5dbb87879.jpg','Basic','1','1','2021-02-07 08:19:30','2021-02-07 08:19:30'),(65,'GREEN STORE','greenstore@gmail.com',71,'9999955555','Kambur','Kambur','company/daa08cf984.jpg','Standard','0','1','2021-02-12 16:24:53','2021-02-12 16:24:53'),(66,'BESTSHINE MICRO','greenstore1@gmail.com',72,'1111111111','TRICHY','TRICHY','company/7a13168a29.png','Basic','0','1','2021-02-13 14:56:19','2021-02-13 14:56:19'),(67,'BESTSHINE BASIC','greenstore12@gmail.com',73,'1111111112','TRICHY','TRICHY','company/158a336e09.png','Basic','0','1','2021-02-13 14:58:19','2021-02-13 14:58:19'),(68,'BESTSHINE STANDARD','greenstore134@gmail.com',74,'1111111113','TRICHY','TRICHY','company/7523f3e345.png','Standard','0','1','2021-02-13 15:00:15','2021-02-13 15:00:15'),(69,'BESTSHINE PREMIUM','greenstore43@gmail.com',75,'1111111114','TRICHY','TRICHY','company/cf7e1ce365.png','Premium','0','1','2021-02-13 15:01:55','2021-02-13 15:01:56');
/*!40000 ALTER TABLE `companies` ENABLE KEYS */;
UNLOCK TABLES;

--
-- Table structure for table `customers`
--

DROP TABLE IF EXISTS `customers`;
/*!40101 SET @saved_cs_client     = @@character_set_client */;
/*!40101 SET character_set_client = utf8 */;
CREATE TABLE `customers` (
  `id` int(10) unsigned NOT NULL AUTO_INCREMENT,
  `client_name` varchar(255) COLLATE utf8mb4_unicode_ci NOT NULL,
  `company_id` int(11) DEFAULT NULL,
  `dates` varchar(255) COLLATE utf8mb4_unicode_ci NOT NULL,
  `customer_id` varchar(255) COLLATE utf8mb4_unicode_ci NOT NULL,
  `phone` varchar(255) COLLATE utf8mb4_unicode_ci NOT NULL,
  `address` varchar(255) COLLATE utf8mb4_unicode_ci NOT NULL,
  `email` varchar(255) COLLATE utf8mb4_unicode_ci DEFAULT NULL,
  `landmark` varchar(255) COLLATE utf8mb4_unicode_ci DEFAULT NULL,
  `description` varchar(255) COLLATE utf8mb4_unicode_ci DEFAULT NULL,
  `gst_tin` int(11) DEFAULT NULL,
  `created_at` timestamp NULL DEFAULT NULL,
  `updated_at` timestamp NULL DEFAULT NULL,
  `status` tinyint(1) NOT NULL DEFAULT 1,
  PRIMARY KEY (`id`)
) ENGINE=InnoDB AUTO_INCREMENT=79 DEFAULT CHARSET=utf8mb4 COLLATE=utf8mb4_unicode_ci;
/*!40101 SET character_set_client = @saved_cs_client */;

--
-- Dumping data for table `customers`
--

LOCK TABLES `customers` WRITE;
/*!40000 ALTER TABLE `customers` DISABLE KEYS */;
INSERT INTO `customers` VALUES (59,'Siva',NULL,'2021-01-18','Cust2021','9677037902','Kilamangalam',NULL,'Arasamaram',NULL,NULL,'2021-01-18 07:52:24',NULL,1),(60,'Guru',NULL,'2021-01-18','2022','7695803258','Kilamangalam',NULL,'Atower',NULL,NULL,'2021-01-18 11:36:33',NULL,1),(61,'Ramesh',NULL,'2021-01-19','2025','8122357563','Pattukottai',NULL,NULL,NULL,NULL,'2021-01-19 17:10:42',NULL,1),(62,'Guna',NULL,'2021-01-19','2026','7695803258','Pattukottai',NULL,NULL,NULL,NULL,'2021-01-19 17:25:48',NULL,1),(63,'Ravi',NULL,'2021-01-20','2027','9677037902','Kilamangalam',NULL,NULL,NULL,NULL,'2021-01-20 10:54:52',NULL,1),(64,'kmmcustomer',22,'2021-01-22','1001','9003152804','sss','kk@gmail.com','ffffff1',NULL,222,'2021-01-22 07:56:35','2021-01-22 07:57:09',1),(66,'selvam',50,'2021-01-26','selvam001','1245647565','kumar nager','selvam@gmail.com',NULL,NULL,NULL,'2021-01-26 21:33:38',NULL,1),(67,'Musraf Ali',62,'2021-01-27','1234512','2020210103','kambur',NULL,NULL,NULL,NULL,'2021-01-27 10:45:21','2021-01-27 11:09:11',1),(68,'Aasif',62,'2021-01-27','2222011110','9384906263','kambur',NULL,NULL,NULL,NULL,'2021-01-27 10:58:56','2021-01-27 11:08:54',1),(69,'Riyas',62,'2021-01-27','202121','9384906263','kambur',NULL,NULL,NULL,NULL,'2021-01-27 11:06:13','2021-01-27 11:08:48',1),(70,'Riyas1',62,'2021-01-27','2021211','9384906263','kambur',NULL,NULL,NULL,NULL,'2021-01-27 11:07:42','2021-01-27 11:51:00',1),(71,'Haji',63,'2021-01-27','20012021','9384906263','Kambur','haji@gmail.com',NULL,NULL,NULL,'2021-01-27 11:41:34',NULL,1),(72,'Haji',62,'2021-01-27','20012021','9384906263','Kambur',NULL,NULL,NULL,NULL,'2021-01-27 11:43:58','2021-01-27 11:45:35',1),(75,'Pandi k',49,'2021-01-27','pandi','9790018731','Andipatti','mahan22917@gmail.com','pillarkovil',NULL,1,'2021-01-27 12:10:07',NULL,1),(76,'Tharik',62,'2021-01-28','00112021','1234567810','Kambur',NULL,NULL,NULL,NULL,'2021-01-28 12:09:04','2021-01-28 12:48:16',1),(77,'PANDIAN',64,'2021-02-08','100','7358550935','MADHURANTHAKAM','arjunpandian25@gmail.com','CHURCH',NULL,123456789,'2021-02-08 14:36:39',NULL,1),(78,'SHRI AMUTHAM CATERING',48,'2021-02-11','Amutham','9994408330','61-D, Eachanari chettipalayam Road Eachanari Coimbatore -641021','shriamuthamcatering@gmail.com',NULL,NULL,NULL,'2021-02-11 10:43:44',NULL,1);
/*!40000 ALTER TABLE `customers` ENABLE KEYS */;
UNLOCK TABLES;

--
-- Table structure for table `expenses`
--

DROP TABLE IF EXISTS `expenses`;
/*!40101 SET @saved_cs_client     = @@character_set_client */;
/*!40101 SET character_set_client = utf8 */;
CREATE TABLE `expenses` (
  `id` int(10) unsigned NOT NULL AUTO_INCREMENT,
  `expenses_name` varchar(255) COLLATE utf8mb4_unicode_ci NOT NULL,
  `company_id` int(11) DEFAULT NULL,
  `party_name` varchar(255) COLLATE utf8mb4_unicode_ci NOT NULL,
  `totalamount` double NOT NULL,
  `paidamount` double NOT NULL,
  `dueamount` double NOT NULL,
  `product_name` varchar(255) COLLATE utf8mb4_unicode_ci NOT NULL,
  `created_by` varchar(100) COLLATE utf8mb4_unicode_ci NOT NULL,
  `modified_by` varchar(100) COLLATE utf8mb4_unicode_ci DEFAULT NULL,
  `created_at` timestamp NULL DEFAULT NULL,
  `updated_at` timestamp NULL DEFAULT NULL,
  PRIMARY KEY (`id`),
  KEY `expenses_created_by_foreign` (`created_by`),
  KEY `expenses_modified_by_foreign` (`modified_by`),
  CONSTRAINT `expenses_created_by_foreign` FOREIGN KEY (`created_by`) REFERENCES `users` (`username`) ON UPDATE CASCADE,
  CONSTRAINT `expenses_modified_by_foreign` FOREIGN KEY (`modified_by`) REFERENCES `users` (`username`) ON UPDATE CASCADE
) ENGINE=InnoDB AUTO_INCREMENT=16 DEFAULT CHARSET=utf8mb4 COLLATE=utf8mb4_unicode_ci;
/*!40101 SET character_set_client = @saved_cs_client */;

--
-- Dumping data for table `expenses`
--

LOCK TABLES `expenses` WRITE;
/*!40000 ALTER TABLE `expenses` DISABLE KEYS */;
INSERT INTO `expenses` VALUES (1,'Rent Expenses',NULL,'House Owner',50000,5000,45000,'home','superadmin','superadmin','2017-07-20 09:01:44','2017-07-20 09:01:57'),(2,'Bill payment',NULL,'Subusu',4000,4000,0,'Internet','superadmin','superadmin','2017-10-28 14:52:48','2020-12-31 12:34:15'),(3,'Computer',NULL,'Aslam',20000,20000,0,'qqqq','superadmin','superadmin','2020-12-31 12:37:28','2020-12-31 12:38:02'),(6,'handwash',NULL,'assam',500,450,50,'www','sundar123',NULL,'2020-12-31 13:59:15','2020-12-31 13:59:15'),(7,'Rent Expenses',NULL,'MUSRAF',500,400,100,'aquatech','superadmin','superadmin','2021-01-01 11:36:48','2021-01-01 11:38:07'),(8,'Bill payment',NULL,'Anwar',100,50,50,'computer','superadmin',NULL,'2021-01-04 11:22:37','2021-01-04 11:22:37'),(9,'hhhh',22,'dddd',123,1234,-1111,'ggggggg','6222shop',NULL,'2021-01-22 08:25:41','2021-01-22 08:25:41'),(10,'Ameer',62,'Anwar',50,45,5,'Mlik','202162Shop',NULL,'2021-01-27 10:47:05','2021-01-27 10:47:05'),(11,'Ameer',62,'Anwar',10000,5000,5000,'Vegtable','202162Shop',NULL,'2021-01-27 11:02:17','2021-01-27 11:02:17'),(12,'Ameer',62,'Anwar',2000,1000,1000,'aa','202162Shop',NULL,'2021-01-27 11:46:44','2021-01-27 11:46:44'),(13,'Aasif',62,'Riyas',200,200,0,'Apple','202162Shop',NULL,'2021-01-27 13:03:25','2021-01-27 13:03:25'),(14,'Stationery',24,'Ashwatha Papers',4000,4000,0,'Papers','202124Shop',NULL,'2021-01-29 19:33:25','2021-01-29 19:33:25'),(15,'Fuel',64,'murugan',1233,1233,0,'LIQUID','202164Shop',NULL,'2021-02-08 14:49:20','2021-02-08 14:49:20');
/*!40000 ALTER TABLE `expenses` ENABLE KEYS */;
UNLOCK TABLES;

--
-- Table structure for table `expensestitles`
--

DROP TABLE IF EXISTS `expensestitles`;
/*!40101 SET @saved_cs_client     = @@character_set_client */;
/*!40101 SET character_set_client = utf8 */;
CREATE TABLE `expensestitles` (
  `id` int(10) unsigned NOT NULL AUTO_INCREMENT,
  `name` varchar(255) COLLATE utf8mb4_unicode_ci NOT NULL,
  `company_id` int(11) DEFAULT NULL,
  `created_at` timestamp NULL DEFAULT NULL,
  `updated_at` timestamp NULL DEFAULT NULL,
  PRIMARY KEY (`id`)
) ENGINE=InnoDB AUTO_INCREMENT=15 DEFAULT CHARSET=utf8mb4 COLLATE=utf8mb4_unicode_ci;
/*!40101 SET character_set_client = @saved_cs_client */;

--
-- Dumping data for table `expensestitles`
--

LOCK TABLES `expensestitles` WRITE;
/*!40000 ALTER TABLE `expensestitles` DISABLE KEYS */;
INSERT INTO `expensestitles` VALUES (1,'Consumable Expenses',NULL,'2017-07-20 09:00:46','2017-07-20 09:00:46'),(2,'Rent Expenses',NULL,'2017-07-20 09:00:58','2017-07-20 09:00:58'),(3,'Bill payment',NULL,'2017-10-28 14:52:16','2017-10-28 14:52:16'),(4,'Computer',NULL,'2020-12-31 12:36:34','2020-12-31 12:36:34'),(5,'handwash',NULL,'2020-12-31 12:40:09','2020-12-31 12:40:09'),(6,'Petrol',NULL,'2021-01-06 06:29:21','2021-01-06 06:29:21'),(7,'tiele',NULL,'2021-01-22 08:22:52','2021-01-22 08:22:52'),(8,'hhhh',NULL,'2021-01-22 08:23:26','2021-01-22 08:23:26'),(9,'hhhh',22,'2021-01-22 08:24:49','2021-01-22 08:24:49'),(10,'Ameer',62,'2021-01-27 10:46:36','2021-01-27 10:46:36'),(11,'Aasif',62,'2021-01-27 13:03:04','2021-01-27 13:03:04'),(12,'Stationery',24,'2021-01-29 19:32:51','2021-01-29 19:32:51'),(13,'Fuel',64,'2021-02-08 14:46:28','2021-02-08 14:46:28'),(14,'Fuel',64,'2021-02-08 14:46:59','2021-02-08 14:46:59');
/*!40000 ALTER TABLE `expensestitles` ENABLE KEYS */;
UNLOCK TABLES;

--
-- Table structure for table `gst`
--

DROP TABLE IF EXISTS `gst`;
/*!40101 SET @saved_cs_client     = @@character_set_client */;
/*!40101 SET character_set_client = utf8 */;
CREATE TABLE `gst` (
  `id` int(10) unsigned NOT NULL AUTO_INCREMENT,
  `gst` varchar(10) COLLATE utf8mb4_unicode_ci NOT NULL,
  `company_id` int(11) DEFAULT NULL,
  `status` tinyint(1) NOT NULL DEFAULT 1,
  `created_at` timestamp NULL DEFAULT NULL,
  `updated_at` timestamp NULL DEFAULT NULL,
  PRIMARY KEY (`id`)
) ENGINE=InnoDB AUTO_INCREMENT=37 DEFAULT CHARSET=utf8mb4 COLLATE=utf8mb4_unicode_ci;
/*!40101 SET character_set_client = @saved_cs_client */;

--
-- Dumping data for table `gst`
--

LOCK TABLES `gst` WRITE;
/*!40000 ALTER TABLE `gst` DISABLE KEYS */;
INSERT INTO `gst` VALUES (4,'7',NULL,1,'2020-12-31 10:59:54','2020-12-31 10:59:54'),(5,'12',NULL,1,'2020-12-31 11:09:34','2020-12-31 11:09:34'),(6,'4',NULL,1,'2020-12-31 11:09:57','2020-12-31 11:09:57'),(8,'3',NULL,1,'2020-12-31 11:21:55','2020-12-31 11:21:55'),(9,'1',NULL,1,'2020-12-31 11:27:47','2020-12-31 11:27:47'),(10,'2',NULL,1,'2020-12-31 11:37:53','2020-12-31 11:37:53'),(11,'0',NULL,1,'2020-12-31 11:38:45','2020-12-31 11:38:45'),(12,'18',NULL,1,'2020-12-31 11:38:50','2020-12-31 11:38:50'),(13,'5',NULL,1,'2021-01-01 11:20:01','2021-01-01 11:20:01'),(14,'18',20,1,'2021-01-21 18:26:33','2021-01-21 18:26:33'),(15,'18',22,1,'2021-01-22 07:58:14','2021-01-22 07:58:14'),(16,'18',26,1,'2021-01-22 22:24:22','2021-01-22 22:24:22'),(17,'18',27,1,'2021-01-23 08:52:45','2021-01-23 08:52:45'),(18,'GST 18%',50,1,'2021-01-26 21:26:50','2021-01-26 21:28:39'),(19,'GST 12%',50,1,'2021-01-26 21:27:28','2021-01-26 21:28:56'),(20,'2',62,1,'2021-01-27 10:38:46','2021-01-27 10:38:46'),(21,'5',62,1,'2021-01-27 10:38:55','2021-01-27 10:38:55'),(22,'1',62,1,'2021-01-27 11:00:31','2021-01-27 11:00:31'),(23,'0',62,1,'2021-01-27 11:54:26','2021-01-27 11:54:26'),(24,'8',62,1,'2021-01-27 11:54:35','2021-01-27 11:54:35'),(25,'18',32,1,'2021-01-27 23:14:54','2021-01-27 23:14:54'),(26,'0',32,1,'2021-01-27 23:15:02','2021-01-27 23:15:02'),(27,'0',24,1,'2021-01-29 19:26:16','2021-01-29 19:26:16'),(28,'4',24,1,'2021-01-29 19:26:23','2021-01-29 19:26:23'),(29,'8',24,1,'2021-01-29 19:26:30','2021-01-29 19:26:30'),(30,'12',24,1,'2021-01-29 19:26:37','2021-01-29 19:26:37'),(31,'0',64,1,'2021-02-08 11:24:05','2021-02-08 11:24:05'),(32,'18',64,1,'2021-02-08 11:24:43','2021-02-08 11:24:43'),(33,'18',37,1,'2021-02-10 23:18:13','2021-02-10 23:18:13'),(34,'9',37,1,'2021-02-11 13:20:47','2021-02-11 16:00:00'),(35,'18',63,1,'2021-02-11 15:40:54','2021-02-11 15:40:54'),(36,'12',37,1,'2021-02-11 15:58:54','2021-02-11 15:59:27');
/*!40000 ALTER TABLE `gst` ENABLE KEYS */;
UNLOCK TABLES;

--
-- Table structure for table `invoice_nos`
--

DROP TABLE IF EXISTS `invoice_nos`;
/*!40101 SET @saved_cs_client     = @@character_set_client */;
/*!40101 SET character_set_client = utf8 */;
CREATE TABLE `invoice_nos` (
  `id` int(10) unsigned NOT NULL AUTO_INCREMENT,
  `company_id` varchar(255) COLLATE utf8mb4_unicode_ci NOT NULL,
  `customer_id` varchar(255) COLLATE utf8mb4_unicode_ci NOT NULL,
  `invoice_id` varchar(255) COLLATE utf8mb4_unicode_ci NOT NULL,
  `subtotal` double NOT NULL,
  `gst_total` double NOT NULL,
  `grand_total` double NOT NULL,
  `discount_amt` double NOT NULL,
  `paid_amt` double NOT NULL,
  `due_amt` double NOT NULL,
  `created_at` timestamp NULL DEFAULT NULL,
  `updated_at` timestamp NULL DEFAULT NULL,
  PRIMARY KEY (`id`)
) ENGINE=InnoDB AUTO_INCREMENT=2 DEFAULT CHARSET=utf8mb4 COLLATE=utf8mb4_unicode_ci;
/*!40101 SET character_set_client = @saved_cs_client */;

--
-- Dumping data for table `invoice_nos`
--

LOCK TABLES `invoice_nos` WRITE;
/*!40000 ALTER TABLE `invoice_nos` DISABLE KEYS */;
INSERT INTO `invoice_nos` VALUES (1,'63','0','BSSREC630001',600,108,708,0,1000,-292,'2021-02-11 22:31:07','2021-02-11 22:31:07');
/*!40000 ALTER TABLE `invoice_nos` ENABLE KEYS */;
UNLOCK TABLES;

--
-- Table structure for table `invoicenos`
--

DROP TABLE IF EXISTS `invoicenos`;
/*!40101 SET @saved_cs_client     = @@character_set_client */;
/*!40101 SET character_set_client = utf8 */;
CREATE TABLE `invoicenos` (
  `product_id` varchar(255) COLLATE utf8mb4_unicode_ci DEFAULT NULL,
  `customer_id` varchar(255) COLLATE utf8mb4_unicode_ci NOT NULL,
  `company_id` int(11) DEFAULT NULL,
  `invoice_id` varchar(255) COLLATE utf8mb4_unicode_ci NOT NULL,
  `subtotal` double NOT NULL,
  `gst_total` double NOT NULL,
  `grand_total` double NOT NULL,
  `discount_amt` double NOT NULL,
  `paid_amt` double NOT NULL,
  `due_amt` double NOT NULL,
  `created_at` timestamp NULL DEFAULT NULL,
  `updated_at` timestamp NULL DEFAULT NULL
) ENGINE=InnoDB DEFAULT CHARSET=utf8mb4 COLLATE=utf8mb4_unicode_ci;
/*!40101 SET character_set_client = @saved_cs_client */;

--
-- Dumping data for table `invoicenos`
--

LOCK TABLES `invoicenos` WRITE;
/*!40000 ALTER TABLE `invoicenos` DISABLE KEYS */;
INSERT INTO `invoicenos` VALUES (NULL,'333',NULL,'INV-001',300132,15002.64,315134.64,500,50000,264634.64,'2020-12-25 17:50:59','2020-12-25 17:50:59'),(NULL,'333',NULL,'INV-002',300132,15002.64,315134.64,422,50000,264712.64,'2020-12-26 14:09:16','2020-12-26 14:09:16'),(NULL,'334',NULL,'INV-003',100000,5000,105000,2000,100000,3000,'2020-12-26 14:21:11','2020-12-26 14:21:11'),(NULL,'334',NULL,'INV-004',100000,5000,105000,0,105000,0,'2020-12-26 16:36:21','2020-12-26 16:36:21'),(NULL,'12345',NULL,'INV-005',60,3,63,0,63,0,'2020-12-31 11:28:06','2020-12-31 11:28:06'),(NULL,'304059',NULL,'INV-006',120,6,126,5,126,0,'2020-12-31 12:05:08','2020-12-31 12:05:08'),(NULL,'123112',NULL,'INV-007',40,2,42,2,4,36,'2020-12-31 12:45:11','2020-12-31 12:45:11'),(NULL,'musrafhussain',NULL,'INV-008',60,3,63,5,63,-5,'2020-12-31 12:51:49','2020-12-31 12:51:49'),(NULL,'anwar',NULL,'INV-009',60,3,63,1,63,-1,'2020-12-31 12:53:46','2020-12-31 12:53:46'),(NULL,'000120',NULL,'INV-010',2400,48,2448,3,2448,-3,'2020-12-31 12:55:09','2020-12-31 12:55:09'),(NULL,'anwarameer',NULL,'INV-011',250,7.5,257.5,0,257.5,0,'2020-12-31 13:04:37','2020-12-31 13:04:37'),(NULL,'musraftamil',NULL,'INV-012',3200,64,3264,5,3264,-5,'2020-12-31 13:05:29','2020-12-31 13:05:29'),(NULL,'anwarassif',NULL,'INV-013',120000,6000,126000,3,126000,-3,'2020-12-31 13:06:27','2020-12-31 13:06:27'),(NULL,'12345',NULL,'INV-014',600,30,630,0,630,0,'2020-12-31 13:20:18','2020-12-31 13:20:18'),(NULL,'304059',NULL,'INV-015',600,30,630,2,630,-2,'2020-12-31 13:21:31','2020-12-31 13:21:31'),(NULL,'musrafhussain',NULL,'INV-016',620,21,641,2,641,-2,'2020-12-31 15:15:17','2020-12-31 15:15:17'),(NULL,'musrafhussain',NULL,'INV-017',500,15,515,2,515,-2,'2020-12-31 15:16:19','2020-12-31 15:16:19'),(NULL,'12345',NULL,'INV-018',200,10,210,5,210,-5,'2020-12-31 15:17:11','2020-12-31 15:17:11'),(NULL,'aaaaa',NULL,'INV-019',8000,160,8160,5,8160,-5,'2020-12-31 15:18:52','2020-12-31 15:18:52'),(NULL,'aaaaa',NULL,'INV-020',500,15,515,2,515,-2,'2020-12-31 15:19:45','2020-12-31 15:19:45'),(NULL,'wwww',NULL,'INV-021',600,18,618,2,618,-2,'2020-12-31 15:22:28','2020-12-31 15:22:28'),(NULL,'123123',NULL,'INV-022',620,19,639,5,1000,-366,'2020-12-31 15:23:18','2020-12-31 15:23:18'),(NULL,'123123',NULL,'INV-023',620,19,639,5,639,-5,'2020-12-31 15:49:45','2020-12-31 15:49:45'),(NULL,'12345',NULL,'INV-024',600,18,618,2,618,-2,'2020-12-31 15:51:55','2020-12-31 15:51:55'),(NULL,'12345',NULL,'INV-025',240000,12000,252000,5,252000,-5,'2020-12-31 15:53:33','2020-12-31 15:53:33'),(NULL,'jhlkjsadffg',NULL,'INV-026',40000,2000,42000,2,42000,-2,'2020-12-31 15:55:45','2020-12-31 15:55:45'),(NULL,'123123',NULL,'INV-027',20,1,21,1,100,-80,'2020-12-31 16:32:07','2020-12-31 16:32:07'),(NULL,'000120',NULL,'INV-028',200000,10000,210000,5,210000,-5,'2020-12-31 16:34:43','2020-12-31 16:34:43'),(NULL,'000120',NULL,'INV-029',200000,10000,210000,5,210000,-5,'2020-12-31 16:39:00','2020-12-31 16:39:00'),(NULL,'000120',NULL,'INV-030',200000,10000,210000,10,210000,-10,'2020-12-31 16:39:29','2020-12-31 16:39:29'),(NULL,'123123',NULL,'INV-031',200020,10001,210021,0,21000,189021,'2020-12-31 16:51:02','2020-12-31 16:51:02'),(NULL,'123123',NULL,'INV-032',200020,10001,210021,0,200000,10021,'2020-12-31 16:53:47','2020-12-31 16:53:47'),(NULL,'304059',NULL,'INV-033',40000,2000,42000,2,42000,-2,'2020-12-31 16:59:26','2020-12-31 16:59:26'),(NULL,'12321',NULL,'INV-034',40000,2000,42000,200,50000,-8200,'2020-12-31 19:00:11','2020-12-31 19:00:11'),(NULL,'anwar',NULL,'INV-035',20000,1000,21000,3,21000,-3,'2021-01-01 10:43:28','2021-01-01 10:43:28'),(NULL,'7218',NULL,'INV-036',1000,20,1020,5,1020,-5,'2021-01-01 10:56:06','2021-01-01 10:56:06'),(NULL,'72181',NULL,'INV-037',80,5.6,85.6,2,85.6,-2,'2021-01-01 11:24:18','2021-01-01 11:24:18'),(NULL,'091209',NULL,'INV-038',200,10,210,5,210,-5,'2021-01-01 12:23:00','2021-01-01 12:23:00'),(NULL,'091209',NULL,'INV-039',400,20,420,2,420,-2,'2021-01-01 12:24:16','2021-01-01 12:24:16'),(NULL,'909012',NULL,'INV-040',400,20,420,5,420,-5,'2021-01-01 12:26:13','2021-01-01 12:26:13'),(NULL,'<><><><><><>',NULL,'INV-041',600,30,630,2,630,-2,'2021-01-01 12:29:22','2021-01-01 12:29:22'),(NULL,'were',NULL,'INV-042',300,15,315,0,315,0,'2021-01-01 12:30:42','2021-01-01 12:30:42'),(NULL,'pqrasd',NULL,'INV-043',10000,600,10600,10,10600,-10,'2021-01-01 12:32:53','2021-01-01 12:32:53'),(NULL,'what',NULL,'INV-044',600,30,630,5,630,-5,'2021-01-01 12:37:11','2021-01-01 12:37:11'),(NULL,'then',NULL,'INV-045',60,3,63,1,63,-1,'2021-01-01 12:41:21','2021-01-01 12:41:21'),(NULL,'qerer',NULL,'INV-046',800,56,856,5,856,-5,'2021-01-02 10:29:36','2021-01-02 10:29:36'),(NULL,'then',NULL,'INV-047',12000,600,12600,10,12600,-10,'2021-01-02 10:30:11','2021-01-02 10:30:11'),(NULL,'was',NULL,'INV-048',400,20,420,10,420,-10,'2021-01-02 10:30:39','2021-01-02 10:30:39'),(NULL,'what',NULL,'INV-049',400,20,420,2,420,-2,'2021-01-02 10:31:21','2021-01-02 10:31:21'),(NULL,'pqrasd',NULL,'INV-050',360,18,378,2,378,-2,'2021-01-02 10:32:17','2021-01-02 10:32:17'),(NULL,'then',NULL,'INV-051',60,3,63,0,100,-37,'2021-01-02 11:33:42','2021-01-02 11:33:42'),(NULL,'304059078',NULL,'INV-052',160,8,168,2,1,165,'2021-01-02 11:34:20','2021-01-02 11:34:20'),(NULL,'musrafhussain',NULL,'INV-053',40000,2000,42000,5,42000,-5,'2021-01-02 12:44:49','2021-01-02 12:44:49'),(NULL,'12321',NULL,'INV-054',60,3,63,0,63,0,'2021-01-02 14:57:36','2021-01-02 14:57:36'),(NULL,'musrafhussain',NULL,'INV-055',120,6,126,0,126,0,'2021-01-02 15:00:38','2021-01-02 15:00:38'),(NULL,'anwar',NULL,'INV-056',20000,1000,21000,5,21000,-5,'2021-01-02 15:06:50','2021-01-02 15:06:50'),(NULL,'12321',NULL,'INV-057',1000,50,1050,2,1050,-2,'2021-01-02 15:07:39','2021-01-02 15:07:39'),(NULL,'musrafhussain',NULL,'INV-058',20,1,21,0,21,0,'2021-01-02 15:26:31','2021-01-02 15:26:31'),(NULL,'123098',NULL,'INV-059',200,10,210,1,210,-1,'2021-01-04 11:08:05','2021-01-04 11:08:05'),(NULL,'123113',NULL,'INV-060',4800,96,4896,5,4896,-5,'2021-01-04 11:16:44','2021-01-04 11:16:44'),(NULL,'304059078',NULL,'INV-061',75,3.75,78.75,2,78.75,-2,'2021-01-04 11:26:24','2021-01-04 11:26:24'),(NULL,'123113',NULL,'INV-062',3000,0,3000,2,3000,-2,'2021-01-04 11:27:17','2021-01-04 11:27:17'),(NULL,'123113',NULL,'INV-063',800,16,816,2,816,-2,'2021-01-04 11:29:23','2021-01-04 11:29:23'),(NULL,'anwaraasif',NULL,'INV-064',20000,1000,21000,5,21000,-5,'2021-01-04 11:47:23','2021-01-04 11:47:23'),(NULL,'12',NULL,'INV-065',20000,1000,21000,3,21000,-3,'2021-01-04 12:30:33','2021-01-04 12:30:33'),(NULL,'12345',NULL,'INV-066',500,90,590,0,590,0,'2021-01-05 20:38:14','2021-01-05 20:38:14'),(NULL,'12345',NULL,'INV-067',500,90,590,0,600,-10,'2021-01-05 20:44:26','2021-01-05 20:44:26'),(NULL,'12345',NULL,'INV-068',500,90,590,0,600,-10,'2021-01-05 20:46:54','2021-01-05 20:46:54'),(NULL,'12345',NULL,'INV-069',500,90,590,0,600,-10,'2021-01-05 20:48:40','2021-01-05 20:48:40'),(NULL,'12345',NULL,'INV-070',500,90,590,0,600,-10,'2021-01-05 22:55:24','2021-01-05 22:55:24'),(NULL,'cust01',NULL,'INV-071',10000,1800,11800,0,15000,-3200,'2021-01-06 09:10:09','2021-01-06 09:10:09'),(NULL,'12345',NULL,'INV-072',43000,7740,50740,0,50000,740,'2021-01-10 19:21:08','2021-01-10 19:21:08'),(NULL,'123',NULL,'INV-073',16500,2970,19470,0,20000,-530,'2021-01-11 09:02:25','2021-01-11 09:02:25'),(NULL,'123',NULL,'INV-074',10000,1800,11800,0,10000,1800,'2021-01-11 09:09:07','2021-01-11 09:09:07'),(NULL,'CUST02',NULL,'INV-075',16500,2970,19470,100,15000,4370,'2021-01-13 08:21:41','2021-01-13 08:21:41'),(NULL,'CUST03',NULL,'INV-076',0,0,0,0,1,-1,'2021-01-13 08:36:01','2021-01-13 08:36:01'),(NULL,'5555',NULL,'INV-077',10000,1800,11800,0,12000,-200,'2021-01-18 00:45:54','2021-01-18 00:45:54'),(NULL,'5555',NULL,'INV-078',16500,2970,19470,0,20000,-530,'2021-01-18 00:47:40','2021-01-18 00:47:40'),(NULL,'5555',NULL,'INV-079',0,0,0,0,0,0,'2021-01-18 00:48:57','2021-01-18 00:48:57'),(NULL,'Cust2021',NULL,'INV-080',10000,1800,11800,0,12000,-200,'2021-01-18 09:36:17','2021-01-18 09:36:17'),(NULL,'Cust2021',NULL,'INV-081',16500,2970,19470,0,20000,-530,'2021-01-18 09:37:18','2021-01-18 09:37:18'),(NULL,'2021',NULL,'INV-082',16500,2970,19470,0,10000,9470,'2021-01-18 11:28:03','2021-01-18 11:28:03'),(NULL,'2022',NULL,'INV-083',0,0,0,0,1,-1,'2021-01-18 11:37:29','2021-01-18 11:37:29'),(NULL,'2025',NULL,'INV-084',16500,2970,19470,0,2000,17470,'2021-01-19 17:13:52','2021-01-19 17:13:52'),(NULL,'2026',NULL,'INV-085',16500,2970,19470,200,2000,17270,'2021-01-19 17:26:52','2021-01-19 17:26:52'),(NULL,'2027',NULL,'INV-086',0,0,0,0,1,-1,'2021-01-20 10:56:28','2021-01-20 10:56:28'),(NULL,'2028',NULL,'INV-087',10000,1800,11800,0,100,11700,'2021-01-20 12:42:19','2021-01-20 12:42:19'),(NULL,'2025',20,'INV-001',100,18,118,0,120,-2,'2021-01-21 18:41:45','2021-01-21 18:41:45'),(NULL,'10011',22,'INV-001',200,36,236,0,240,-4,'2021-01-22 08:07:42','2021-01-22 08:07:42'),(NULL,'0',26,'INV-001',200,36,236,0,240,-4,'2021-01-22 23:00:50','2021-01-22 23:00:50'),(NULL,'0',27,'INV-001',200,36,236,0,250,-14,'2021-01-23 08:53:38','2021-01-23 08:53:38'),(NULL,'0',27,'INV-002',200,36,236,0,250,-14,'2021-01-23 08:56:26','2021-01-23 08:56:26'),(NULL,'123113',27,'INV-003',400,72,472,2,472,-2,'2021-01-23 14:26:34','2021-01-23 14:26:34'),(NULL,'0',62,'INV-001',25,0.5,25.5,1,25.5,-1,'2021-01-27 10:42:28','2021-01-27 10:42:28'),(NULL,'0',62,'INV-002',50,1,51,2,51,-2,'2021-01-27 10:43:52','2021-01-27 10:43:52'),(NULL,'0',62,'INV-003',25,0.5,25.5,3,25.5,-3,'2021-01-27 10:49:56','2021-01-27 10:49:56'),(NULL,'0',62,'INV-004',40,2,42,2,42,-2,'2021-01-27 10:53:47','2021-01-27 10:53:47'),(NULL,'0',62,'INV-005',60,3,63,5,63,-5,'2021-01-27 10:55:33','2021-01-27 10:55:33'),(NULL,'0',62,'INV-006',20,1,21,0,21,0,'2021-01-27 10:56:23','2021-01-27 10:56:23'),(NULL,'0',62,'INV-007',40,2,42,2,42,-2,'2021-01-27 10:59:29','2021-01-27 10:59:29'),(NULL,'20202020',62,'INV-008',20,1,21,1,21,-1,'2021-01-27 11:01:09','2021-01-27 11:01:09'),(NULL,'2222011110',62,'INV-009',44,2.2,46.2,1,46.2,-1,'2021-01-27 11:10:07','2021-01-27 11:10:07'),(NULL,'2222011110',62,'INV-010',50,1,51,1,51,-1,'2021-01-27 11:11:23','2021-01-27 11:11:23'),(NULL,'0',62,'INV-011',50,1,51,1,51,-1,'2021-01-27 11:18:21','2021-01-27 11:18:21'),(NULL,'0000000',62,'INV-012',25,0.5,25.5,1,25,-0.5,'2021-01-27 11:48:14','2021-01-27 11:48:14'),(NULL,'0',62,'INV-013',20,1,21,1,21,-1,'2021-01-27 11:52:17','2021-01-27 11:52:17'),(NULL,'0',62,'INV-014',30,0.3,30.3,2,30.3,-2,'2021-01-27 11:57:36','2021-01-27 11:57:36'),(NULL,'0',62,'INV-015',30,0.3,30.3,2,30.3,-2,'2021-01-27 12:10:06','2021-01-27 12:10:06'),(NULL,'0',62,'INV-016',50,1,51,2,51,-2,'2021-01-27 12:57:33','2021-01-27 12:57:33'),(NULL,'0',62,'INV-017',40,0.4,40.4,1,40.4,-1,'2021-01-27 13:00:22','2021-01-27 13:00:22'),(NULL,'0',62,'INV-018',20,1,21,1,21,-1,'2021-01-27 13:11:57','2021-01-27 13:11:57'),(NULL,'0',62,'INV-019',20,1,21,1,21,-1,'2021-01-27 13:12:32','2021-01-27 13:12:32'),(NULL,'0',62,'INV-020',40,0.4,40.4,1,40.4,-1,'2021-01-27 14:21:10','2021-01-27 14:21:10'),(NULL,'0',62,'INV-021',20,0.2,20.2,1,20.2,-1,'2021-01-27 14:32:50','2021-01-27 14:32:50'),(NULL,'0',62,'INV-022',60,2.2,62.2,3,62.2,-3,'2021-01-27 14:33:33','2021-01-27 14:33:33'),(NULL,'0',62,'INV-023',105,2.1,107.1,0,107.1,0,'2021-01-27 14:34:38','2021-01-27 14:34:38'),(NULL,'0',62,'INV-024',110,2.7,112.7,0,112.7,0,'2021-01-27 14:35:35','2021-01-27 14:35:35'),(NULL,'0',62,'INV-025',490,12.9,502.9,1,502.9,-1,'2021-01-27 14:37:19','2021-01-27 14:37:19'),(NULL,'0',62,'INV-026',20,0.2,20.2,1,20.2,-1,'2021-01-27 15:39:04','2021-01-27 15:39:04'),(NULL,'0',32,'INV-001',100,18,118,0,120,-2,'2021-01-27 23:17:07','2021-01-27 23:17:07'),(NULL,'0',32,'INV-002',100,0,100,0,100,0,'2021-01-27 23:35:00','2021-01-27 23:35:00'),(NULL,'0',62,'INV-027',700,14,714,1,714,-1,'2021-01-28 11:51:14','2021-01-28 11:51:14'),(NULL,'0',62,'INV-028',1600,0,1600,0,1600,0,'2021-01-28 17:03:28','2021-01-28 17:03:28'),(NULL,'0',62,'INV-029',7000,0,7000,1,7000,-1,'2021-01-29 10:29:27','2021-01-29 10:29:27'),(NULL,'C0001',24,'INV-001',400,16,416,0,416,0,'2021-01-29 19:29:19','2021-01-29 19:29:19'),(NULL,'0',64,'INV-001',8000,0,8000,50,10000,-2050,'2021-02-08 11:51:49','2021-02-08 11:51:49'),(NULL,'100',64,'INV-002',1000,0,1000,0,6000,-5000,'2021-02-08 14:43:33','2021-02-08 14:43:33'),(NULL,'0',37,'INV-001',35,6.3,41.3,0,50,-8.7,'2021-02-11 13:10:25','2021-02-11 13:10:25'),(NULL,'0',37,'INV-002',137,6.3,143.3,3,500,-359.7,'2021-02-11 13:24:59','2021-02-11 13:24:59'),(NULL,'0',63,'INV-001',200,36,236,0,500,-264,'2021-02-11 15:41:54','2021-02-11 15:41:54'),(NULL,'0',37,'INV-003',35,6.3,41.3,0,50,-8.7,'2021-02-11 15:41:57','2021-02-11 15:41:57'),(NULL,'0',37,'INV-004',60,10.8,70.8,2,500,-431.2,'2021-02-11 15:50:19','2021-02-11 15:50:19');
/*!40000 ALTER TABLE `invoicenos` ENABLE KEYS */;
UNLOCK TABLES;

--
-- Table structure for table `invoiceprofiles`
--

DROP TABLE IF EXISTS `invoiceprofiles`;
/*!40101 SET @saved_cs_client     = @@character_set_client */;
/*!40101 SET character_set_client = utf8 */;
CREATE TABLE `invoiceprofiles` (
  `id` int(10) unsigned NOT NULL,
  `serialPrefix` varchar(255) COLLATE utf8mb4_unicode_ci NOT NULL,
  `company_id` int(11) DEFAULT NULL,
  `serialNumberStart` varchar(255) COLLATE utf8mb4_unicode_ci NOT NULL,
  `invoiceNotes` text COLLATE utf8mb4_unicode_ci NOT NULL,
  `invoiceTerms` text COLLATE utf8mb4_unicode_ci NOT NULL,
  `created_at` timestamp NULL DEFAULT NULL,
  `updated_at` timestamp NULL DEFAULT NULL
) ENGINE=InnoDB DEFAULT CHARSET=utf8mb4 COLLATE=utf8mb4_unicode_ci;
/*!40101 SET character_set_client = @saved_cs_client */;

--
-- Dumping data for table `invoiceprofiles`
--

LOCK TABLES `invoiceprofiles` WRITE;
/*!40000 ALTER TABLE `invoiceprofiles` DISABLE KEYS */;
INSERT INTO `invoiceprofiles` VALUES (1,'INV-',NULL,'001','pppppppppppppppp','ppppppffffffffffffffff',NULL,'2020-11-26 08:27:06');
/*!40000 ALTER TABLE `invoiceprofiles` ENABLE KEYS */;
UNLOCK TABLES;

--
-- Table structure for table `location_track`
--

DROP TABLE IF EXISTS `location_track`;
/*!40101 SET @saved_cs_client     = @@character_set_client */;
/*!40101 SET character_set_client = utf8 */;
CREATE TABLE `location_track` (
  `id` int(10) unsigned NOT NULL AUTO_INCREMENT,
  `address` varchar(255) COLLATE utf8mb4_unicode_ci DEFAULT NULL,
  `user_name` varchar(255) COLLATE utf8mb4_unicode_ci DEFAULT NULL,
  `company_id` int(11) DEFAULT NULL,
  `created_at` timestamp NULL DEFAULT NULL,
  `updated_at` timestamp NULL DEFAULT NULL,
  PRIMARY KEY (`id`)
) ENGINE=InnoDB DEFAULT CHARSET=utf8mb4 COLLATE=utf8mb4_unicode_ci;
/*!40101 SET character_set_client = @saved_cs_client */;

--
-- Dumping data for table `location_track`
--

LOCK TABLES `location_track` WRITE;
/*!40000 ALTER TABLE `location_track` DISABLE KEYS */;
/*!40000 ALTER TABLE `location_track` ENABLE KEYS */;
UNLOCK TABLES;

--
-- Table structure for table `materials`
--

DROP TABLE IF EXISTS `materials`;
/*!40101 SET @saved_cs_client     = @@character_set_client */;
/*!40101 SET character_set_client = utf8 */;
CREATE TABLE `materials` (
  `id` int(10) unsigned NOT NULL AUTO_INCREMENT,
  `material_name` varchar(255) COLLATE utf8mb4_unicode_ci DEFAULT NULL,
  `order_id` varchar(255) COLLATE utf8mb4_unicode_ci DEFAULT NULL,
  `company_id` int(11) DEFAULT NULL,
  `customer_id` varchar(255) COLLATE utf8mb4_unicode_ci DEFAULT NULL,
  `qty` varchar(255) COLLATE utf8mb4_unicode_ci DEFAULT NULL,
  `price` varchar(255) COLLATE utf8mb4_unicode_ci DEFAULT NULL,
  `start_date` date DEFAULT NULL,
  `end_date` date DEFAULT NULL,
  `created_at` timestamp NULL DEFAULT NULL,
  `updated_at` timestamp NULL DEFAULT NULL,
  PRIMARY KEY (`id`)
) ENGINE=InnoDB AUTO_INCREMENT=72 DEFAULT CHARSET=utf8mb4 COLLATE=utf8mb4_unicode_ci;
/*!40101 SET character_set_client = @saved_cs_client */;

--
-- Dumping data for table `materials`
--

LOCK TABLES `materials` WRITE;
/*!40000 ALTER TABLE `materials` DISABLE KEYS */;
INSERT INTO `materials` VALUES (15,NULL,'WO-20201231006',NULL,NULL,NULL,NULL,NULL,NULL,'2020-12-31 13:40:40',NULL),(16,NULL,'WO-20201231004',NULL,NULL,NULL,NULL,NULL,NULL,'2020-12-31 13:41:43',NULL),(17,'filter','WO-20201231002',NULL,NULL,'2','500','2020-12-31','2021-01-10','2020-12-31 13:50:23',NULL),(18,NULL,'WO-20201231001',NULL,NULL,NULL,NULL,NULL,NULL,'2020-12-31 13:53:41',NULL),(19,NULL,'WO-20201231003',NULL,NULL,NULL,NULL,NULL,NULL,'2020-12-31 14:02:12',NULL),(20,NULL,'WO-20201231008',NULL,NULL,NULL,NULL,NULL,NULL,'2020-12-31 15:04:01',NULL),(21,'filter','WO-20201231010',NULL,NULL,'1','500','2020-12-31','2021-01-10','2020-12-31 15:36:39',NULL),(22,NULL,'WO-20201231005',NULL,NULL,NULL,NULL,NULL,NULL,'2020-12-31 15:47:58',NULL),(23,NULL,'WO-20201231009',NULL,NULL,NULL,NULL,NULL,NULL,'2020-12-31 20:07:39',NULL),(24,NULL,'WO-20201231007',NULL,NULL,NULL,NULL,NULL,NULL,'2020-12-31 20:09:28',NULL),(25,'filter','WO-20201231011',NULL,NULL,'1','500','2020-12-31','2021-01-10','2020-12-31 23:23:16',NULL),(26,'bolt','WO-20201231011',NULL,NULL,'1','400',NULL,NULL,'2020-12-31 23:23:16',NULL),(27,'filter','WO-20201231012',NULL,NULL,'1','500','2020-12-31','2021-01-10','2020-12-31 23:33:50',NULL),(28,'bolt','WO-20201231012',NULL,NULL,'1','4000',NULL,NULL,'2020-12-31 23:33:50',NULL),(29,'filter','WO-20201231013',NULL,'000120','1','500','2020-12-31','2021-01-07','2020-12-31 23:36:48',NULL),(30,'sss','WO-20210101016',NULL,'000120',NULL,'200',NULL,NULL,'2021-01-01 11:30:34',NULL),(31,'computer','WO-20210101015',NULL,'musraftamil','1','1000','2020-12-30','2021-01-15','2021-01-01 11:44:15',NULL),(32,'Drinks','WO-20210101017',NULL,'musrafhussain','2','20',NULL,NULL,'2021-01-01 11:49:40',NULL),(33,'Drinks','WO-20210102019',NULL,'then',NULL,'20','2021-01-01','2021-01-10','2021-01-02 10:37:53',NULL),(34,'Drinks','WO-20210102020',NULL,'was',NULL,'20','2021-01-01','2021-01-10','2021-01-02 10:50:03',NULL),(35,'computer','WO-20210101018',NULL,'musrafhussain',NULL,'3000','2021-01-01','2021-05-15','2021-01-02 10:51:39',NULL),(36,'computer','WO-20210102021',NULL,'what','2','700','2021-01-01','2021-09-01','2021-01-02 11:15:31',NULL),(37,'computer','WO-20210102022',NULL,'what','1','5000','2021-01-01','2021-08-03','2021-01-02 12:38:24',NULL),(38,'computer','WO-20210102023',NULL,'then','2','7000','2021-01-02','2022-01-20','2021-01-02 12:40:57',NULL),(39,NULL,'WO-20210102024',NULL,'musrafhussain',NULL,NULL,NULL,NULL,'2021-01-02 16:10:31',NULL),(40,'computer','WO-20210104025',NULL,'909012','2','5000','2020-08-01','2021-03-17','2021-01-04 11:40:24',NULL),(41,'computer','WO-20210104028',NULL,'123113','2','5000','2020-09-17','2021-01-04','2021-01-04 11:42:15',NULL),(42,'energy drink','WO-20210104026',NULL,'72181',NULL,'100','2021-01-01','2021-01-30','2021-01-04 11:49:20',NULL),(43,'wire','WO-20210104027',NULL,'123113','2','500','2021-01-01','2021-01-30','2021-01-04 11:50:38',NULL),(44,'Computer','WO-20210104029',NULL,'72181','222','2000','2020-12-01','2021-02-01','2021-01-04 12:23:06',NULL),(45,'Complete','WO-20210104030',NULL,'ANWARAASIF','22222211','300','2020-12-01','2021-02-18','2021-01-04 12:24:24',NULL),(46,'Complete','WO-20210104030',NULL,'ANWARAASIF','22222211','300','2020-12-01','2021-02-18','2021-01-04 12:24:25',NULL),(47,'filter','WO-20210105032',NULL,'12345','2','1000','2021-01-01','2021-01-05','2021-01-05 22:41:37',NULL),(48,'ssss','WO-20210105032',NULL,'12345','1','500',NULL,NULL,'2021-01-05 22:41:37',NULL),(49,'filter','WO-20210105032',NULL,'12345','2','1000','2021-01-01','2021-01-05','2021-01-05 22:42:47',NULL),(50,'ssss','WO-20210105032',NULL,'12345','1','500',NULL,NULL,'2021-01-05 22:42:47',NULL),(51,'filter1','WO-20210105033',NULL,'12345','2','10000','2021-01-01','2021-01-30','2021-01-05 22:44:57',NULL),(52,'ssss','WO-20210105033',NULL,'12345','1','500',NULL,NULL,'2021-01-05 22:44:57',NULL),(53,'filter','WO-20210105034',NULL,'12345','2','10000','2021-01-01','2021-01-30','2021-01-05 22:51:18',NULL),(54,'ssss','WO-20210105034',NULL,'12345','1','500',NULL,NULL,'2021-01-05 22:51:18',NULL),(55,'filter','WO-20210106035',NULL,'12345','2','1000','2021-01-01','2021-01-06','2021-01-06 08:39:05',NULL),(56,'filter','WO-20210106036',NULL,'cust01','1','1000','2021-01-06','2021-01-31','2021-01-06 09:26:22',NULL),(57,'bolt','WO-20210106036',NULL,'cust01','1','100',NULL,NULL,'2021-01-06 09:26:22',NULL),(58,'Spunge','WO-20210107038',NULL,'cust01','1','100','2021-01-09','2021-01-29','2021-01-09 10:42:49',NULL),(59,'fil','WO-20210106037',NULL,'cust01',NULL,NULL,'2021-01-10','2021-01-31','2021-01-10 19:08:21',NULL),(60,'fil','WO-20210110040',NULL,'12345',NULL,NULL,NULL,NULL,'2021-01-10 19:13:57',NULL),(61,'dddd','WO-20210110040',NULL,'12345',NULL,NULL,'2021-01-10','2021-01-31','2021-01-10 19:13:57',NULL),(62,'fil','WO-20210110041',NULL,'12345',NULL,NULL,NULL,NULL,'2021-01-10 19:26:58',NULL),(63,'fil','WO-20210110042',NULL,'12345',NULL,NULL,NULL,NULL,'2021-01-10 19:33:45',NULL),(64,NULL,'WO-20210110039',NULL,'12345',NULL,NULL,NULL,NULL,'2021-01-10 19:37:18',NULL),(65,NULL,'WO-20210111043',NULL,'12345',NULL,NULL,NULL,NULL,'2021-01-11 08:40:47',NULL),(66,'REVIVA','WO-20210113044',NULL,'CUST03',NULL,NULL,NULL,NULL,'2021-01-13 08:39:15',NULL),(67,'Spunge','WO-20210118047',NULL,'Cust2021',NULL,NULL,NULL,NULL,'2021-01-18 11:09:51',NULL),(68,'Spunge','WO-20210118048',NULL,'Cust2021',NULL,NULL,NULL,NULL,'2021-01-18 11:19:24',NULL),(69,'Spunge','WO-20210118049',NULL,'2022',NULL,NULL,NULL,NULL,'2021-01-18 11:38:26',NULL),(70,'Spunge','WO-20210119051',NULL,'2026',NULL,NULL,NULL,NULL,'2021-01-19 17:28:49',NULL),(71,'Spunge','WO-20210119050',NULL,'2025',NULL,NULL,NULL,NULL,'2021-01-20 12:48:24',NULL);
/*!40000 ALTER TABLE `materials` ENABLE KEYS */;
UNLOCK TABLES;

--
-- Table structure for table `migrations`
--

DROP TABLE IF EXISTS `migrations`;
/*!40101 SET @saved_cs_client     = @@character_set_client */;
/*!40101 SET character_set_client = utf8 */;
CREATE TABLE `migrations` (
  `id` int(10) unsigned NOT NULL AUTO_INCREMENT,
  `migration` varchar(255) COLLATE utf8mb4_unicode_ci NOT NULL,
  `batch` int(11) NOT NULL,
  PRIMARY KEY (`id`)
) ENGINE=InnoDB AUTO_INCREMENT=77 DEFAULT CHARSET=utf8mb4 COLLATE=utf8mb4_unicode_ci;
/*!40101 SET character_set_client = @saved_cs_client */;

--
-- Dumping data for table `migrations`
--

LOCK TABLES `migrations` WRITE;
/*!40000 ALTER TABLE `migrations` DISABLE KEYS */;
INSERT INTO `migrations` VALUES (1,'2014_10_12_000000_create_users_table',1),(2,'2014_10_12_100000_create_password_resets_table',2),(3,'2017_05_28_124228_create_roles_table',3),(4,'2017_05_28_124417_create_user_roles_table',4),(5,'2017_05_28_124654_create_permissions_table',5),(6,'2017_05_28_124806_create_role_permissions_table',6),(7,'2017_05_28_125406_create_modules_table',7),(8,'2017_05_28_125428_create_role_modules_table',8),(9,'2017_06_07_103849_create_productcategories_table',9),(10,'2017_06_07_103917_create_products_table',10),(11,'2017_06_09_071114_create_sales_table',11),(12,'2017_06_26_093722_create_expenses_table',12),(13,'2017_07_06_132245_create_salescarts_table',13),(14,'2017_07_06_141913_create_expensestitles_table',14),(15,'2017_07_07_125933_create_purchases_table',15),(17,'2017_07_17_084213_create_transactions_table',16),(18,'2020_12_23_202925_create_Servicetypes_table',17),(19,'2020_12_23_215804_create_clients_table',18),(20,'2020_12_23_222549_create_customers_table',19),(21,'2020_12_24_084635_add_status_to_customers_table',20),(22,'2020_12_24_221516_add_gst_and_customer_id_to_salescarts_table',21),(23,'2020_12_03_180128_create_gst_table',22),(24,'2020_12_24_232842_add_gst_percent_to_products_table',23),(25,'2020_12_25_225520_create_invoicenos_table',24),(26,'2020_12_25_232853_add_customer_id_to_sales_table',25),(27,'2020_12_26_213846_add_warenty_end_to_salescarts_table',26),(28,'2020_12_26_213939_add_warenty_end_to_sales_table',26),(29,'2020_12_27_155851_create_serviceorders_table',27),(30,'2020_12_28_055528_add_product_id_to_serviceorders_table',28),(31,'2020_12_29_045005_create_materials_table',29),(32,'2020_12_29_010151_create_serviceorders_table',30),(33,'2020_12_31_224327_add_customer_id_to_materials_table',31),(34,'2020_11_29_192146_create_advanced_salaries_table',32),(35,'2020_12_05_114912_create_salaries_table',33),(36,'2021_01_01_223039_add_salary_to_users_table',34),(37,'2021_01_10_215710_add_dates_to_customers_table',35),(38,'2021_01_11_073136_create_sms_status_table',36),(39,'2021_01_10_214614_add_date_to_customers_table',37),(40,'2021_01_14_125535_create_location_track_table',37),(41,'2021_01_21_075424_add_type_to_users_table',37),(42,'2021_01_21_141630_create_companies_table',38),(43,'2021_01_21_150808_add_hint_password_to_users_table',39),(44,'2021_01_21_153128_add_user_id_to_companies_table',40),(45,'2021_01_21_183100_add_company_id_to_roles_table',41),(46,'2021_01_21_183156_add_company_id_to_modules_table',41),(47,'2021_01_21_195449_add_company_id_to_role_modules_table',42),(48,'2021_01_21_200906_add_company_id_to_role_permissions_table',43),(49,'2021_01_21_223711_add_company_id_to_advanced_salaries_table',44),(50,'2021_01_21_223755_add_company_id_to_attendances_table',44),(51,'2021_01_21_223848_add_company_id_to_customers_table',44),(52,'2021_01_21_223929_add_company_id_to_expenses_table',44),(53,'2021_01_21_224008_add_company_id_to_expensestitles_table',44),(54,'2021_01_21_224040_add_company_id_to_gst_table',44),(55,'2021_01_21_224159_add_company_id_to_invoicenos_table',44),(56,'2021_01_21_224239_add_company_id_to_invoiceprofiles_table',44),(57,'2021_01_21_224337_add_company_id_to_location_track_table',44),(58,'2021_01_21_224415_add_company_id_to_materials_table',44),(59,'2021_01_21_224611_add_company_id_to_productcategories_table',44),(60,'2021_01_21_224711_add_company_id_to_products_table',44),(61,'2021_01_21_224751_add_company_id_to_purchases_table',44),(62,'2021_01_21_224837_add_company_id_to_salaries_table',44),(63,'2021_01_21_224914_add_company_id_to_sales_table',44),(64,'2021_01_21_224956_add_company_id_to_salescarts_table',44),(65,'2021_01_21_225030_add_company_id_to_serviceorders_table',44),(66,'2021_01_21_225104_add_company_id_to_servicetypes_table',44),(67,'2021_01_21_225141_add_company_id_to_sms_status_table',44),(68,'2021_01_21_225217_add_company_id_to_transactions_table',44),(69,'2021_01_21_225356_add_company_id_to_user_roles_table',44),(70,'2021_01_28_161145_add_codes_to_products_table',45),(71,'2021_01_28_162612_add_slugs_to_productcategories_table',45),(72,'2021_01_28_171357_add_codess_to_products_table',46),(73,'2021_01_28_171500_add_slugss_to_productcategories_table',46),(74,'2021_02_11_221944_create_invoice_noss_table',47),(75,'2021_02_11_224808_create_units_table',48),(76,'2021_02_11_232103_add_units_to_products_table',48);
/*!40000 ALTER TABLE `migrations` ENABLE KEYS */;
UNLOCK TABLES;

--
-- Table structure for table `modules`
--

DROP TABLE IF EXISTS `modules`;
/*!40101 SET @saved_cs_client     = @@character_set_client */;
/*!40101 SET character_set_client = utf8 */;
CREATE TABLE `modules` (
  `id` int(10) unsigned NOT NULL AUTO_INCREMENT,
  `name` varchar(100) COLLATE utf8mb4_unicode_ci NOT NULL,
  `company_id` int(11) DEFAULT NULL,
  `module_key` varchar(150) COLLATE utf8mb4_unicode_ci NOT NULL,
  `module_url` varchar(150) COLLATE utf8mb4_unicode_ci NOT NULL,
  `module_icon` varchar(50) COLLATE utf8mb4_unicode_ci DEFAULT NULL,
  `module_rank` int(11) NOT NULL,
  `view_sidebar` tinyint(1) NOT NULL DEFAULT 0,
  `created_at` timestamp NULL DEFAULT NULL,
  `updated_at` timestamp NULL DEFAULT NULL,
  PRIMARY KEY (`id`),
  UNIQUE KEY `modules_name_unique` (`name`),
  UNIQUE KEY `modules_module_key_unique` (`module_key`),
  UNIQUE KEY `modules_module_url_unique` (`module_url`)
) ENGINE=InnoDB AUTO_INCREMENT=25 DEFAULT CHARSET=utf8mb4 COLLATE=utf8mb4_unicode_ci;
/*!40101 SET character_set_client = @saved_cs_client */;

--
-- Dumping data for table `modules`
--

LOCK TABLES `modules` WRITE;
/*!40000 ALTER TABLE `modules` DISABLE KEYS */;
INSERT INTO `modules` VALUES (1,'Dashboard',8,'dashboard','dashboard-panel','fa fa-home',1,1,'2017-06-21 12:30:00','2021-01-02 15:14:25'),(2,'User Management',8,'user_management','user-list','fa fa-user',2,1,'2017-06-05 22:44:05','2021-01-18 09:20:45'),(3,'Module Management',8,'module_management','module-list','fa fa-signal',3,1,'2017-06-06 19:38:48','2021-01-18 09:31:29'),(4,'Role Management',8,'role_management','role-list','fa fa-eye',5,1,'2017-06-06 19:55:09','2021-01-18 09:33:12'),(5,'Permission Management',8,'permission_management','permission-list','fa fa-refresh',4,1,'2017-06-06 22:27:01','2021-01-18 09:31:36'),(6,'Productcategory MGMT',NULL,'productcategory_mgmt','productcategory-list','fa fa-flag',6,1,'2017-06-07 18:09:49','2021-01-18 09:32:59'),(7,'Product Management',NULL,'product_management','product-list','fa fa-product-hunt',7,1,'2017-06-07 18:11:25','2021-01-21 16:56:22'),(8,'Sales Management',NULL,'sales_management','sales-create','fa fa-shopping-cart',9,1,'2017-06-08 19:37:53','2021-01-18 09:19:56'),(10,'Expenses Management',NULL,'expenses_management','expenses-list','fa fa-usd',13,1,'2017-06-22 18:52:09','2021-01-18 09:31:18'),(14,'Purchase Management',NULL,'purchase_management','purchase-list','fa fa-list',10,1,'2017-07-07 01:23:47','2021-01-18 09:32:39'),(15,'Transaction',NULL,'bank_transaction','transaction-list','fa fa-dashboard',16,1,'2017-07-15 23:41:04','2021-02-04 16:14:57'),(16,'Service Order',NULL,'service_order','serviceorder-list','fa fa-dashboard',11,1,'2020-12-23 10:17:04','2021-01-18 09:20:12'),(17,'Customer Management',NULL,'customer_key','customer-list','fa fa-dashboard',8,1,'2020-12-23 16:48:05','2021-01-22 03:27:53'),(18,'Setting',NULL,'setting_key','setting-create','fa fa-dashboard',20,1,'2020-12-25 16:45:50','2021-01-18 09:20:21'),(19,'Technician SO',NULL,'order-task','order_task','fa fa-dashboard',12,1,'2020-12-28 02:43:34','2021-01-18 09:20:36'),(20,'All Reports',NULL,'report_management','report-list','fa fa-dashboard',15,1,'2021-01-01 10:56:56','2021-01-18 09:15:40'),(21,'Attendance',NULL,'attendance_management','attendance_create','fa fa-dashboard',17,1,'2021-01-01 19:52:39','2021-01-18 09:30:49'),(22,'Advance Salary',NULL,'advancesalary_management','advancesalary-create','fa fa-dashboard',18,1,'2021-01-01 21:00:07','2021-01-21 15:52:49'),(23,'Salary',NULL,'salary_management','salary-index','fa fa-dashboard',19,1,'2021-01-01 23:12:29','2021-01-18 09:33:21'),(24,'Service Reminder',NULL,'reminder_service','reminder-service','fa fa-dashboard',10,1,'2021-01-11 08:11:18','2021-01-11 08:24:07');
/*!40000 ALTER TABLE `modules` ENABLE KEYS */;
UNLOCK TABLES;

--
-- Table structure for table `password_resets`
--

DROP TABLE IF EXISTS `password_resets`;
/*!40101 SET @saved_cs_client     = @@character_set_client */;
/*!40101 SET character_set_client = utf8 */;
CREATE TABLE `password_resets` (
  `email` varchar(255) COLLATE utf8mb4_unicode_ci NOT NULL,
  `token` varchar(255) COLLATE utf8mb4_unicode_ci NOT NULL,
  `created_at` timestamp NULL DEFAULT NULL,
  KEY `password_resets_email_index` (`email`(191))
) ENGINE=InnoDB DEFAULT CHARSET=utf8mb4 COLLATE=utf8mb4_unicode_ci;
/*!40101 SET character_set_client = @saved_cs_client */;

--
-- Dumping data for table `password_resets`
--

LOCK TABLES `password_resets` WRITE;
/*!40000 ALTER TABLE `password_resets` DISABLE KEYS */;
/*!40000 ALTER TABLE `password_resets` ENABLE KEYS */;
UNLOCK TABLES;

--
-- Table structure for table `permissions`
--

DROP TABLE IF EXISTS `permissions`;
/*!40101 SET @saved_cs_client     = @@character_set_client */;
/*!40101 SET character_set_client = utf8 */;
CREATE TABLE `permissions` (
  `id` int(10) unsigned NOT NULL AUTO_INCREMENT,
  `name` varchar(100) COLLATE utf8mb4_unicode_ci NOT NULL,
  `permission_key` varchar(100) COLLATE utf8mb4_unicode_ci NOT NULL,
  `created_at` timestamp NULL DEFAULT NULL,
  `updated_at` timestamp NULL DEFAULT NULL,
  PRIMARY KEY (`id`),
  UNIQUE KEY `permissions_name_unique` (`name`),
  UNIQUE KEY `permissions_permission_key_unique` (`permission_key`)
) ENGINE=InnoDB AUTO_INCREMENT=82 DEFAULT CHARSET=utf8mb4 COLLATE=utf8mb4_unicode_ci;
/*!40101 SET character_set_client = @saved_cs_client */;

--
-- Dumping data for table `permissions`
--

LOCK TABLES `permissions` WRITE;
/*!40000 ALTER TABLE `permissions` DISABLE KEYS */;
INSERT INTO `permissions` VALUES (1,'Create New User','user-register','2017-06-06 21:12:20','2017-06-06 21:12:20'),(2,'Module Create','module-create','2017-06-07 23:18:50','2017-06-07 23:18:50'),(3,'Module View','module-list','2017-06-07 23:19:11','2017-06-07 23:19:11'),(4,'Module Delete','module-delete','2017-06-07 23:19:26','2017-06-07 23:19:26'),(5,'Module Edit','module-edit','2017-06-07 23:19:43','2017-06-07 23:19:43'),(6,'Role View','role-list','2017-06-07 23:20:39','2017-06-07 23:20:39'),(7,'Role Create','role-create','2017-06-07 23:20:52','2017-06-07 23:20:52'),(8,'Permission Asign','permission-asign','2017-06-07 23:21:16','2017-06-07 23:32:14'),(9,'Permission Create','permission-create','2017-06-07 23:21:48','2017-06-07 23:21:48'),(10,'Permission Views','permission-list','2017-06-07 23:22:07','2017-06-07 23:22:07'),(11,'Permission Edit','permission-edit','2017-06-07 23:22:46','2017-06-07 23:22:46'),(12,'Permission Delete','permission-delete','2017-06-07 23:23:18','2017-06-07 23:23:18'),(13,'Productcategory View','productcategory-list','2017-06-07 23:33:40','2017-06-07 23:33:40'),(14,'Product Category Create','productcategory-create','2017-06-07 23:34:38','2017-06-07 23:34:38'),(15,'Product Category Edit','productcategory-edit','2017-06-07 23:35:00','2017-06-07 23:35:00'),(16,'Product Category Delete','productcategory-delete','2017-06-07 23:35:21','2017-06-07 23:35:21'),(17,'Product View','product-list','2017-06-07 23:39:33','2017-06-07 23:39:33'),(18,'Product Create','product-create','2017-06-07 23:39:50','2017-06-07 23:39:50'),(19,'Product Edit','product-edit','2017-06-07 23:40:06','2017-06-07 23:40:06'),(20,'Product Delete','product-delete','2017-06-07 23:40:45','2017-06-07 23:40:45'),(25,'Sales view','sales-list','2017-07-16 23:57:39','2017-07-16 23:57:39'),(26,'Make/Create Sales','sales-create','2017-07-16 23:59:43','2017-07-16 23:59:43'),(30,'Purchase view','purchase-list','2017-07-17 00:24:38','2017-07-17 00:24:38'),(31,'Make new Purchase','purchase-create','2017-07-17 00:25:03','2017-07-17 00:25:03'),(32,'purchase Update/Confirm Dueamount','purchase-update','2017-07-17 00:25:41','2017-07-17 00:25:41'),(33,'Expenses View','expenses-list','2017-07-17 00:30:32','2017-07-17 00:30:32'),(34,'Expenses Create','expenses-create','2017-07-17 00:31:24','2017-07-17 00:31:24'),(35,'Expenses Edit','expenses-edit','2017-07-17 00:31:43','2017-07-17 00:31:43'),(36,'Expenses Delete','expenses-delete','2017-07-17 00:32:04','2017-07-17 00:32:04'),(37,'Expenses Heading Create','expenses-heading','2017-07-17 00:33:34','2017-07-17 00:33:34'),(45,'User Password Change','password-change','2017-07-17 00:54:08','2017-07-17 00:54:08'),(46,'Transcation/Bank view','transaction-list','2017-07-17 22:30:39','2017-07-17 22:30:39'),(47,'Transaction remaining Deposite update','transaction-update','2017-07-17 22:31:56','2017-07-17 22:31:56'),(48,'Transaction Entry','transaction-create','2017-07-17 22:32:23','2017-07-17 22:32:23'),(49,'Serviceorder-create','serviceorder-create','2020-12-26 14:29:02','2020-12-26 14:29:02'),(50,'User View','user-list','2021-01-02 00:03:44','2021-01-02 00:03:44'),(51,'User Edit','user-edit','2021-01-02 00:05:33','2021-01-02 00:05:33'),(52,'User Delete','user-delete','2021-01-02 07:41:03','2021-01-02 07:41:03'),(53,'Role Delete','role-delete','2021-01-02 07:50:21','2021-01-02 07:50:21'),(54,'Customer View','customer-list','2021-01-02 07:54:22','2021-01-02 07:54:22'),(55,'Customer Create','customer-create','2021-01-02 07:55:24','2021-01-02 07:55:24'),(56,'Customer Edit','customer-edit','2021-01-02 07:55:59','2021-01-02 07:55:59'),(57,'Customer Delete','customer-delete','2021-01-02 07:57:02','2021-01-02 07:57:02'),(58,'Service Order View','serviceorder-list','2021-01-02 08:03:34','2021-01-02 08:03:34'),(59,'Service Type Create','servicetype-create','2021-01-02 08:04:58','2021-01-02 08:04:58'),(60,'Service Type View','servicetype-list','2021-01-02 08:05:34','2021-01-02 08:05:34'),(61,'Service Type Delete','servicetype-delete','2021-01-02 08:06:37','2021-01-02 08:06:37'),(62,'Service Order Task','order_task','2021-01-02 08:08:16','2021-01-02 08:08:16'),(63,'Service Order Status Update','workorder-taskupdate','2021-01-02 08:10:50','2021-01-02 08:10:50'),(64,'All Reports View','report-list','2021-01-02 08:12:49','2021-01-02 08:12:49'),(65,'Sales Report View','sales-report','2021-01-02 08:14:38','2021-01-02 08:14:38'),(66,'Attendance Create','attendance_create','2021-01-02 08:16:32','2021-01-02 08:16:32'),(67,'Attendance View','attendance-index','2021-01-02 08:17:02','2021-01-02 08:17:02'),(68,'Attendance Show','attendance-show','2021-01-02 08:17:30','2021-01-02 08:17:30'),(69,'Attendance Edit','attendance-edit','2021-01-02 08:18:04','2021-01-02 08:18:04'),(70,'Attendance Delete','attendance-destroy','2021-01-02 08:18:55','2021-01-02 08:18:55'),(71,'Advance Salary Create','advancesalary-create','2021-01-02 08:19:40','2021-01-02 08:19:40'),(72,'Advance Salary View','advsalary-index','2021-01-02 08:20:06','2021-01-02 08:20:06'),(73,'Advance Salary Show','advsalary-show','2021-01-02 08:20:30','2021-01-02 08:20:30'),(74,'Advance Salary Edit','advsalary-edit','2021-01-02 08:20:56','2021-01-02 08:20:56'),(75,'Advance Salary Delete','advsalary-destroy','2021-01-02 08:21:34','2021-01-02 08:21:34'),(76,'Salary View','salary-index','2021-01-02 08:22:42','2021-01-02 08:22:42'),(77,'GST Create','gst-create','2021-01-02 10:21:59','2021-01-02 10:21:59'),(78,'GST View','user-view','2021-01-02 10:22:19','2021-01-02 10:22:19'),(79,'GST Edit','gst-edit','2021-01-02 10:22:38','2021-01-02 10:22:38'),(80,'GST Delete','gst-delete','2021-01-02 10:23:13','2021-01-02 10:23:13'),(81,'Sales Carts Create','salescarts-create','2021-01-02 11:29:11','2021-01-02 11:29:11');
/*!40000 ALTER TABLE `permissions` ENABLE KEYS */;
UNLOCK TABLES;

--
-- Table structure for table `productcategories`
--

DROP TABLE IF EXISTS `productcategories`;
/*!40101 SET @saved_cs_client     = @@character_set_client */;
/*!40101 SET character_set_client = utf8 */;
CREATE TABLE `productcategories` (
  `id` int(10) unsigned NOT NULL AUTO_INCREMENT,
  `name` varchar(150) COLLATE utf8mb4_unicode_ci NOT NULL,
  `company_id` int(11) DEFAULT NULL,
  `slug` varchar(50) COLLATE utf8mb4_unicode_ci DEFAULT NULL,
  `slugss` varchar(255) COLLATE utf8mb4_unicode_ci DEFAULT NULL,
  `slugs` int(11) DEFAULT NULL,
  `status` tinyint(1) NOT NULL DEFAULT 1,
  `created_by` varchar(100) COLLATE utf8mb4_unicode_ci NOT NULL,
  `modified_by` varchar(100) COLLATE utf8mb4_unicode_ci DEFAULT NULL,
  `created_at` timestamp NULL DEFAULT NULL,
  `updated_at` timestamp NULL DEFAULT NULL,
  PRIMARY KEY (`id`),
  UNIQUE KEY `productcategories_slug_unique` (`slug`),
  KEY `productcategories_created_by_foreign` (`created_by`),
  KEY `productcategories_modified_by_foreign` (`modified_by`),
  CONSTRAINT `productcategories_created_by_foreign` FOREIGN KEY (`created_by`) REFERENCES `users` (`username`) ON UPDATE CASCADE,
  CONSTRAINT `productcategories_modified_by_foreign` FOREIGN KEY (`modified_by`) REFERENCES `users` (`username`) ON UPDATE CASCADE
) ENGINE=InnoDB AUTO_INCREMENT=81 DEFAULT CHARSET=utf8mb4 COLLATE=utf8mb4_unicode_ci;
/*!40101 SET character_set_client = @saved_cs_client */;

--
-- Dumping data for table `productcategories`
--

LOCK TABLES `productcategories` WRITE;
/*!40000 ALTER TABLE `productcategories` DISABLE KEYS */;
INSERT INTO `productcategories` VALUES (22,'Tools',NULL,'tools',NULL,NULL,1,'superadmin','superadmin','2021-01-02 15:38:14','2021-01-04 11:04:38'),(23,'PIPES',NULL,'pipes',NULL,NULL,1,'superadmin',NULL,'2021-01-05 16:40:27','2021-01-05 16:40:27'),(24,'Aqua Guard',NULL,'aqua-guard',NULL,NULL,1,'superadmin',NULL,'2021-01-06 09:02:42','2021-01-06 09:02:42'),(25,'aqua tech',NULL,'aqua-tech',NULL,NULL,1,'superadmin',NULL,'2021-01-07 13:44:17','2021-01-07 13:44:17'),(26,'aquaguard',NULL,'aquaguard',NULL,NULL,1,'superadmin',NULL,'2021-01-07 13:44:34','2021-01-07 13:44:34'),(27,'misty',NULL,'misty',NULL,NULL,1,'superadmin',NULL,'2021-01-07 13:44:49','2021-01-07 13:44:49'),(28,'Aquatouch',NULL,'aquatouch',NULL,NULL,1,'superadmin',NULL,'2021-01-19 22:04:53','2021-01-19 22:04:53'),(29,'kmm Electronics',20,'kmm-electronics',NULL,NULL,1,'3720shop',NULL,'2021-01-21 18:18:59','2021-01-21 18:18:59'),(30,'electronics',22,'electronics',NULL,NULL,1,'6222shop',NULL,'2021-01-22 07:57:56','2021-01-22 07:57:56'),(31,'Computer',26,'computer',NULL,NULL,1,'202126Shop',NULL,'2021-01-22 22:15:56','2021-01-22 22:15:56'),(33,'computers',27,'computers',NULL,NULL,1,'202127Shop',NULL,'2021-01-23 08:52:35','2021-01-23 08:52:35'),(36,'Home Applainces',50,'home-applainces',NULL,NULL,1,'202150Shop',NULL,'2021-01-26 21:25:48','2021-01-26 21:25:48'),(37,'Cosmetics',50,'cosmetics',NULL,NULL,1,'202150Shop',NULL,'2021-01-26 21:30:32','2021-01-26 21:30:32'),(38,'Beauty',41,'beauty',NULL,NULL,1,'202141Shop','202141Shop','2021-01-27 07:26:15','2021-01-27 07:26:45'),(40,'Milk',62,'milk','Milk',NULL,1,'202162Shop','202162Shop','2021-01-27 10:37:59','2021-01-29 16:01:35'),(41,'7UP',62,'7up','7up',NULL,1,'202162Shop','202162Shop','2021-01-27 10:50:27','2021-01-29 16:01:49'),(44,'Vegtables',62,'vegtables','vegtables',NULL,1,'202162Shop','202162Shop','2021-01-27 10:54:24','2021-01-29 16:02:13'),(45,'All Product',62,'all-product','All product',NULL,1,'202162Shop','202162Shop','2021-01-27 11:00:17','2021-01-29 16:02:35'),(46,'Apple',62,'apple','Apple',NULL,1,'202162Shop','202162Shop','2021-01-27 12:58:25','2021-01-29 16:02:54'),(47,'Orange',62,'orange','Orange',NULL,1,'202162Shop','202162Shop','2021-01-27 12:58:42','2021-01-29 16:03:06'),(48,'Pest items',62,'past-items','pest-items',NULL,1,'202162Shop','202162Shop','2021-01-27 14:18:05','2021-01-29 16:03:45'),(50,'Electronics123',32,'electronics12','electronics123',NULL,1,'202132Shop','202132Shop','2021-01-27 23:13:02','2021-01-28 17:27:02'),(59,'computers1',62,'computers1','Computers1',NULL,1,'202162Shop','202162Shop','2021-01-28 12:03:09','2021-01-29 16:03:26'),(60,'Laptop',62,'laptop','Laptop',NULL,1,'202162Shop','202162Shop','2021-01-28 12:27:00','2021-01-29 16:03:57'),(66,'Electronics2',32,NULL,'electronics2',NULL,1,'202132Shop','202132Shop','2021-01-28 17:21:02','2021-01-28 17:26:54'),(67,'tata salt',58,NULL,'50',NULL,1,'202158Shop',NULL,'2021-01-29 06:20:45','2021-01-29 06:20:45'),(68,'sugar',58,NULL,'100',NULL,1,'202158Shop',NULL,'2021-01-29 06:21:23','2021-01-29 06:21:23'),(69,'toor dhal',58,NULL,'toor-dhal',NULL,1,'202158Shop',NULL,'2021-01-29 06:22:45','2021-01-29 06:22:45'),(70,'Milk',62,NULL,'milk',NULL,1,'202162Shop',NULL,'2021-01-29 10:21:12','2021-01-29 10:21:12'),(71,'7UP',62,NULL,'7up',NULL,1,'202162Shop',NULL,'2021-01-29 12:23:26','2021-01-29 12:23:26'),(72,'Apples',62,NULL,'apples',NULL,1,'202162Shop',NULL,'2021-01-29 16:01:17','2021-01-29 16:01:17'),(73,'Health & Wealth',24,NULL,'health-&-wealth',NULL,1,'202124Shop',NULL,'2021-01-29 19:25:08','2021-01-29 19:25:08'),(74,'wholesale',64,NULL,'wholesale',NULL,1,'202164Shop',NULL,'2021-02-08 11:20:13','2021-02-08 11:20:13'),(75,'Retailer',64,NULL,'retailer',NULL,1,'202164Shop',NULL,'2021-02-08 11:20:40','2021-02-08 11:20:40'),(76,'T-Shirts',37,NULL,'t-shirts',NULL,1,'202137Shop',NULL,'2021-02-10 23:04:00','2021-02-10 23:04:00'),(77,'Vegetables',37,NULL,'vegetables',NULL,1,'202137Shop',NULL,'2021-02-10 23:23:26','2021-02-10 23:23:26'),(78,'KMMDD',63,NULL,'kmmdd',NULL,1,'202163Shop',NULL,'2021-02-11 15:40:44','2021-02-11 15:40:44'),(79,'cosmetics',37,NULL,'cosmetics',NULL,1,'202137Shop','202137Shop','2021-02-11 15:46:00','2021-02-11 15:47:55'),(80,'Bisket',65,NULL,'bisket',NULL,1,'202165Shop',NULL,'2021-02-12 17:19:40','2021-02-12 17:19:40');
/*!40000 ALTER TABLE `productcategories` ENABLE KEYS */;
UNLOCK TABLES;

--
-- Table structure for table `products`
--

DROP TABLE IF EXISTS `products`;
/*!40101 SET @saved_cs_client     = @@character_set_client */;
/*!40101 SET character_set_client = utf8 */;
CREATE TABLE `products` (
  `id` int(10) unsigned NOT NULL AUTO_INCREMENT,
  `productcategory_id` int(10) unsigned NOT NULL,
  `name` varchar(255) COLLATE utf8mb4_unicode_ci NOT NULL,
  `company_id` int(11) DEFAULT NULL,
  `units` varchar(255) COLLATE utf8mb4_unicode_ci NOT NULL,
  `code` varchar(50) COLLATE utf8mb4_unicode_ci DEFAULT NULL,
  `codess` varchar(255) COLLATE utf8mb4_unicode_ci DEFAULT NULL,
  `codes` int(11) DEFAULT NULL,
  `quantity` int(11) NOT NULL,
  `stock` int(11) DEFAULT NULL,
  `price` double NOT NULL,
  `gst_percent` varchar(255) COLLATE utf8mb4_unicode_ci DEFAULT NULL,
  `status` tinyint(1) NOT NULL DEFAULT 1,
  `created_by` varchar(100) COLLATE utf8mb4_unicode_ci NOT NULL,
  `modified_by` varchar(100) COLLATE utf8mb4_unicode_ci DEFAULT NULL,
  `created_at` timestamp NULL DEFAULT NULL,
  `updated_at` timestamp NULL DEFAULT NULL,
  PRIMARY KEY (`id`),
  UNIQUE KEY `products_code_unique` (`code`),
  KEY `products_productcategory_id_foreign` (`productcategory_id`),
  KEY `products_created_by_foreign` (`created_by`),
  KEY `products_modified_by_foreign` (`modified_by`),
  CONSTRAINT `products_created_by_foreign` FOREIGN KEY (`created_by`) REFERENCES `users` (`username`) ON UPDATE CASCADE,
  CONSTRAINT `products_modified_by_foreign` FOREIGN KEY (`modified_by`) REFERENCES `users` (`username`) ON UPDATE CASCADE,
  CONSTRAINT `products_productcategory_id_foreign` FOREIGN KEY (`productcategory_id`) REFERENCES `productcategories` (`id`) ON DELETE CASCADE ON UPDATE CASCADE
) ENGINE=InnoDB AUTO_INCREMENT=85 DEFAULT CHARSET=utf8mb4 COLLATE=utf8mb4_unicode_ci;
/*!40101 SET character_set_client = @saved_cs_client */;

--
-- Dumping data for table `products`
--

LOCK TABLES `products` WRITE;
/*!40000 ALTER TABLE `products` DISABLE KEYS */;
INSERT INTO `products` VALUES (40,22,'kmm',NULL,'','123',NULL,NULL,102,98,500,'18',1,'superadmin',NULL,'2021-01-05 20:37:45','2021-01-18 07:55:43'),(41,24,'Small Aqua Ro',NULL,'','aqua001',NULL,NULL,10,4,10000,'18',1,'superadmin',NULL,'2021-01-06 09:05:04','2021-01-20 12:42:07'),(42,24,'REVIVA ACTIVE COPPER',NULL,'','51',NULL,NULL,10,1,16500,'18',1,'superadmin',NULL,'2021-01-07 13:47:27','2021-01-19 17:26:20'),(43,27,'THIRD PARTY SERVICE',NULL,'','4567',NULL,NULL,100,96,0,'0',1,'superadmin',NULL,'2021-01-13 08:32:59','2021-01-20 10:56:19'),(44,29,'kmm product',20,'','001',NULL,NULL,10,9,100,'18',1,'3720shop',NULL,'2021-01-21 18:27:18','2021-01-21 18:41:26'),(45,30,'camera',22,'','002',NULL,NULL,20,19,200,'18',1,'6222shop',NULL,'2021-01-22 08:06:48','2021-01-22 08:07:26'),(46,31,'Monitor',26,'','M001',NULL,NULL,100,99,200,'18',1,'202126Shop',NULL,'2021-01-22 22:25:29','2021-01-22 22:25:53'),(47,33,'computer',27,'','100aa',NULL,NULL,100,96,200,'18',1,'202127Shop',NULL,'2021-01-23 08:53:12','2021-01-23 14:26:20'),(48,36,'Washing Machine',50,'','Was001',NULL,NULL,6,2,5000,'GST 18%',1,'202150Shop',NULL,'2021-01-26 21:29:15','2021-01-26 21:40:21'),(49,36,'Refridgerator',50,'','Fridge 001',NULL,NULL,5,4,10000,'GST 18%',1,'202150Shop',NULL,'2021-01-26 21:30:07','2021-01-26 21:34:26'),(50,37,'Hair Shampoo',50,'','hair sham 001',NULL,NULL,15,14,250,'GST 18%',1,'202150Shop',NULL,'2021-01-26 21:31:04','2021-01-26 21:41:05'),(51,37,'Bath Soap',50,'','Bth 001',NULL,NULL,25,25,50,'GST 18%',1,'202150Shop',NULL,'2021-01-26 21:32:28','2021-01-26 21:32:28'),(53,40,'Milk',62,'','01','1',NULL,62,50,25,'2',1,'202162Shop','202162Shop','2021-01-27 10:40:45','2021-01-29 12:27:54'),(54,41,'7UP',62,'','02','2',NULL,50,38,20,'5',1,'202162Shop','202162Shop','2021-01-27 10:52:28','2021-01-29 12:28:16'),(56,44,'Vegtables',62,'','03','3',NULL,600,584,20,'5',1,'202162Shop','202162Shop','2021-01-27 10:54:59','2021-01-29 12:28:34'),(57,45,'All Product',62,'','04','4',NULL,52,50,30,'1',1,'202162Shop','202162Shop','2021-01-27 11:54:05','2021-01-29 12:28:44'),(58,46,'Apple',62,'','05','5',NULL,50,40,20,'1',1,'202162Shop','202162Shop','2021-01-27 12:59:13','2021-01-29 12:29:11'),(59,47,'Orange',62,'','06','6',NULL,60,54,30,'1',1,'202162Shop','202162Shop','2021-01-27 12:59:49','2021-01-29 12:29:24'),(60,48,'Red past',62,'','07','6',NULL,600,591,20,'1',1,'202162Shop','202162Shop','2021-01-27 14:19:57','2021-01-29 12:29:53'),(61,50,'Electronics12',32,'','200',NULL,NULL,10,8,100,'18',1,'202132Shop',NULL,'2021-01-27 23:15:33','2021-01-28 17:01:58'),(62,50,'Electronics12w',32,'','2001',NULL,NULL,12,10,100,'0',1,'202132Shop',NULL,'2021-01-27 23:17:59','2021-01-28 17:02:10'),(65,59,'S M P S',62,'','8',NULL,NULL,50,50,150,'2',1,'202162Shop','202162Shop','2021-01-28 12:14:49','2021-01-28 12:35:32'),(66,60,'Keybored',62,'','9',NULL,NULL,15,15,1500,'1',1,'202162Shop','202162Shop','2021-01-28 12:28:38','2021-01-28 12:35:56'),(67,59,'Zebronic',62,'','10',NULL,NULL,20,17,800,'0',1,'202162Shop',NULL,'2021-01-28 12:46:05','2021-01-29 10:29:02'),(68,50,'Electronics',32,'',NULL,NULL,200,100,100,1000,'18',1,'202132Shop',NULL,'2021-01-28 16:59:49','2021-01-28 16:59:49'),(69,50,'Electronics',32,'',NULL,NULL,2001,12,12,123,'18',1,'202132Shop',NULL,'2021-01-28 17:00:48','2021-01-28 17:00:48'),(70,40,'Milk',62,'',NULL,NULL,11,12,12,25,'2',1,'202162Shop',NULL,'2021-01-28 17:02:32','2021-01-28 17:02:32'),(71,50,'Electronics2',32,'',NULL,'200fff',NULL,10,10,1000,'18',1,'202132Shop','202132Shop','2021-01-28 17:21:51','2021-01-28 17:26:34'),(72,70,'Milk',62,'',NULL,'12',NULL,50,50,25,'1',1,'202162Shop',NULL,'2021-01-29 10:28:01','2021-01-29 10:28:01'),(73,40,'Milk',62,'',NULL,'1',NULL,25,25,25,'1',1,'202162Shop',NULL,'2021-01-29 10:32:31','2021-01-29 10:32:31'),(74,45,'All Product',62,'',NULL,'14',NULL,12,12,200,'1',1,'202162Shop',NULL,'2021-01-29 12:25:04','2021-01-29 12:25:04'),(75,73,'Healthy Drink',24,'',NULL,'H0001',NULL,100,98,200,'4',1,'202124Shop',NULL,'2021-01-29 19:27:04','2021-01-29 19:27:51'),(76,74,'A1',64,'',NULL,'A1',NULL,185,176,1000,'0',1,'202164Shop',NULL,'2021-02-08 11:26:05','2021-02-08 17:16:17'),(77,74,'b1',64,'',NULL,'b1',NULL,75,74,900,'0',1,'202164Shop',NULL,'2021-02-08 12:23:18','2021-02-08 17:25:41'),(78,75,'A1 (RETAILER)',64,'',NULL,'A1 (retailer)',NULL,300,300,1000,'0',1,'202164Shop',NULL,'2021-02-08 14:31:41','2021-02-08 14:33:17'),(79,77,'Tomato',37,'',NULL,'Tom01',NULL,80,77,35,'18',1,'202137Shop',NULL,'2021-02-10 23:25:09','2021-02-11 15:47:16'),(80,77,'Onion',37,'',NULL,'ott1',NULL,15,13,51,'0',1,'202137Shop',NULL,'2021-02-11 13:22:45','2021-02-11 13:23:16'),(81,78,'KMMDD',63,'',NULL,'KMMDD',NULL,10,7,200,'18',1,'202163Shop',NULL,'2021-02-11 15:41:17','2021-02-12 00:04:04'),(82,79,'soap',37,'',NULL,'005',NULL,200,197,20,'18',1,'202137Shop',NULL,'2021-02-11 15:49:14','2021-02-11 15:49:43'),(83,78,'KMMllll',63,'',NULL,'KMMllll',NULL,40,38,400,'18',1,'202163Shop',NULL,'2021-02-11 22:29:34','2021-02-12 00:03:55'),(84,78,'KMMDD',63,'gms',NULL,'passport size111',NULL,10,10,200,'18',1,'202163Shop',NULL,'2021-02-11 23:53:45','2021-02-11 23:53:45');
/*!40000 ALTER TABLE `products` ENABLE KEYS */;
UNLOCK TABLES;

--
-- Table structure for table `purchases`
--

DROP TABLE IF EXISTS `purchases`;
/*!40101 SET @saved_cs_client     = @@character_set_client */;
/*!40101 SET character_set_client = utf8 */;
CREATE TABLE `purchases` (
  `id` int(10) unsigned NOT NULL AUTO_INCREMENT,
  `goods_name` varchar(255) COLLATE utf8mb4_unicode_ci NOT NULL,
  `company_id` int(11) DEFAULT NULL,
  `party_name` varchar(255) COLLATE utf8mb4_unicode_ci NOT NULL,
  `totalamount` double NOT NULL,
  `paidamount` double NOT NULL,
  `dueamount` double NOT NULL,
  `status` enum('vat','pan','normal') COLLATE utf8mb4_unicode_ci NOT NULL,
  `purchase_date` date NOT NULL,
  `created_by` varchar(100) COLLATE utf8mb4_unicode_ci NOT NULL,
  `modified_by` varchar(100) COLLATE utf8mb4_unicode_ci DEFAULT NULL,
  `created_at` timestamp NULL DEFAULT NULL,
  `updated_at` timestamp NULL DEFAULT NULL,
  PRIMARY KEY (`id`),
  KEY `purchases_created_by_foreign` (`created_by`),
  KEY `purchases_modified_by_foreign` (`modified_by`),
  CONSTRAINT `purchases_created_by_foreign` FOREIGN KEY (`created_by`) REFERENCES `users` (`username`) ON UPDATE CASCADE,
  CONSTRAINT `purchases_modified_by_foreign` FOREIGN KEY (`modified_by`) REFERENCES `users` (`username`) ON UPDATE CASCADE
) ENGINE=InnoDB AUTO_INCREMENT=25 DEFAULT CHARSET=utf8mb4 COLLATE=utf8mb4_unicode_ci;
/*!40101 SET character_set_client = @saved_cs_client */;

--
-- Dumping data for table `purchases`
--

LOCK TABLES `purchases` WRITE;
/*!40000 ALTER TABLE `purchases` DISABLE KEYS */;
INSERT INTO `purchases` VALUES (5,'musraf',NULL,'Aslam',100,100,0,'pan','2020-12-31','superadmin',NULL,'2020-12-31 12:25:37','2020-12-31 12:25:37'),(6,'Aslam',NULL,'musraf',500,500,0,'vat','2020-12-31','superadmin',NULL,'2020-12-31 12:26:14','2020-12-31 12:27:06'),(7,'Tharik',NULL,'asam',1000,1000,0,'pan','2020-12-31','superadmin',NULL,'2020-12-31 12:26:50','2020-12-31 12:27:09'),(8,'musraf',NULL,'assam',300,300,0,'normal','2020-12-31','superadmin',NULL,'2020-12-31 12:44:48','2020-12-31 12:46:33'),(9,'computer',NULL,'Aslam',1000,1000,0,'vat','2021-01-01','superadmin',NULL,'2021-01-01 11:39:48','2021-01-02 10:34:12'),(10,'computer',NULL,'Anwar',10000,10000,0,'vat','2021-01-04','superadmin',NULL,'2021-01-04 11:20:29','2021-01-04 11:20:50'),(11,'tv',22,'samsung',20000,20000,0,'normal','2021-01-22','6222shop',NULL,'2021-01-22 08:12:10','2021-01-22 08:12:10'),(12,'Washing Machine',50,'Lakshmi & co',30000,30000,0,'normal','2021-01-26','202150Shop',NULL,'2021-01-26 21:39:16','2021-01-26 21:39:16'),(13,'Mlik',62,'Anwar',25,25,0,'normal','2021-01-27','202162Shop',NULL,'2021-01-27 10:46:01','2021-01-27 11:03:03'),(14,'Mlik',62,'Anwar',200,200,0,'pan','2021-01-27','202162Shop',NULL,'2021-01-27 11:02:54','2021-01-27 11:02:54'),(15,'Mlik',62,'Raiys',100,100,0,'normal','2021-01-27','202162Shop',NULL,'2021-01-27 11:47:17','2021-01-27 11:47:17'),(16,'Apple',62,'Anwar',200,200,0,'vat','2021-01-27','202162Shop',NULL,'2021-01-27 13:01:29','2021-01-27 13:01:29'),(17,'Orange',62,'Riyas',100,100,0,'pan','2021-01-27','202162Shop',NULL,'2021-01-27 13:01:59','2021-01-27 13:01:59'),(18,'Apple',62,'Aslam',100,100,0,'normal','2021-01-27','202162Shop',NULL,'2021-01-27 13:02:35','2021-01-27 13:02:35'),(19,'Helathy Drink',24,'KMM Traders',5000,5000,0,'normal','2021-01-29','202124Shop',NULL,'2021-01-29 19:32:00','2021-01-29 19:32:00'),(20,'ponni rice',64,'murugan',5000,5000,0,'normal','2021-02-08','202164Shop',NULL,'2021-02-08 11:56:43','2021-02-08 11:57:28'),(21,'ponni rice',64,'murugan',100000,100000,0,'normal','2021-02-08','202164Shop',NULL,'2021-02-08 12:29:43','2021-02-08 12:30:19'),(22,'ponni rice',64,'murugan',5000,4000,1000,'normal','2021-02-08','202164Shop',NULL,'2021-02-08 17:19:11','2021-02-08 17:19:11'),(23,'Tshirts',37,'Raju traders',6000,5000,1000,'normal','2021-02-10','202137Shop',NULL,'2021-02-10 23:17:34','2021-02-10 23:17:34'),(24,'Buiscuts',37,'Jackson',15000,10000,5000,'normal','2021-02-11','202137Shop',NULL,'2021-02-11 15:53:52','2021-02-11 15:53:52');
/*!40000 ALTER TABLE `purchases` ENABLE KEYS */;
UNLOCK TABLES;

--
-- Table structure for table `role_modules`
--

DROP TABLE IF EXISTS `role_modules`;
/*!40101 SET @saved_cs_client     = @@character_set_client */;
/*!40101 SET character_set_client = utf8 */;
CREATE TABLE `role_modules` (
  `id` int(10) unsigned NOT NULL AUTO_INCREMENT,
  `role_id` int(10) unsigned NOT NULL,
  `company_id` int(11) DEFAULT NULL,
  `module_id` int(10) unsigned NOT NULL,
  `created_at` timestamp NULL DEFAULT NULL,
  `updated_at` timestamp NULL DEFAULT NULL,
  PRIMARY KEY (`id`),
  KEY `role_modules_role_id_foreign` (`role_id`),
  KEY `role_modules_module_id_foreign` (`module_id`),
  CONSTRAINT `role_modules_module_id_foreign` FOREIGN KEY (`module_id`) REFERENCES `modules` (`id`) ON DELETE CASCADE ON UPDATE CASCADE,
  CONSTRAINT `role_modules_role_id_foreign` FOREIGN KEY (`role_id`) REFERENCES `roles` (`id`) ON DELETE CASCADE ON UPDATE CASCADE
) ENGINE=InnoDB AUTO_INCREMENT=1088 DEFAULT CHARSET=utf8mb4 COLLATE=utf8mb4_unicode_ci;
/*!40101 SET character_set_client = @saved_cs_client */;

--
-- Dumping data for table `role_modules`
--

LOCK TABLES `role_modules` WRITE;
/*!40000 ALTER TABLE `role_modules` DISABLE KEYS */;
INSERT INTO `role_modules` VALUES (248,2,NULL,3,'2021-01-02 15:14:25','2021-01-02 15:14:25'),(249,1,NULL,1,'2021-01-02 15:14:25','2021-01-02 15:14:25'),(264,2,NULL,17,'2021-01-04 11:31:06','2021-01-04 11:31:06'),(265,1,NULL,17,'2021-01-04 11:31:06','2021-01-04 11:31:06'),(299,1,NULL,24,'2021-01-11 08:24:07','2021-01-11 08:24:07'),(300,2,NULL,24,'2021-01-11 08:24:07','2021-01-11 08:24:07'),(302,1,NULL,20,'2021-01-18 09:15:40','2021-01-18 09:15:40'),(315,1,NULL,8,'2021-01-18 09:19:56','2021-01-18 09:19:56'),(316,2,NULL,8,'2021-01-18 09:19:56','2021-01-18 09:19:56'),(317,2,NULL,16,'2021-01-18 09:20:12','2021-01-18 09:20:12'),(318,1,NULL,16,'2021-01-18 09:20:12','2021-01-18 09:20:12'),(319,1,NULL,19,'2021-01-18 09:20:36','2021-01-18 09:20:36'),(320,2,NULL,19,'2021-01-18 09:20:36','2021-01-18 09:20:36'),(321,18,NULL,19,'2021-01-18 09:20:36','2021-01-18 09:20:36'),(322,2,NULL,2,'2021-01-18 09:20:45','2021-01-18 09:20:45'),(323,1,NULL,2,'2021-01-18 09:20:45','2021-01-18 09:20:45'),(324,1,NULL,6,'2021-01-18 09:32:59','2021-01-18 09:32:59'),(325,1,NULL,7,'2021-01-18 09:33:52','2021-01-18 09:33:52'),(326,20,NULL,3,'2021-01-21 14:23:16','2021-01-21 14:23:16'),(327,21,13,3,'2021-01-21 14:29:32','2021-01-21 14:29:32'),(328,22,14,3,'2021-01-21 14:56:45','2021-01-21 14:56:45'),(329,23,15,3,'2021-01-21 14:58:14','2021-01-21 14:58:14'),(330,23,NULL,22,'2021-01-21 15:41:50','2021-01-21 15:41:50'),(332,23,15,22,'2021-01-21 15:52:50','2021-01-21 15:52:50'),(333,24,16,1,'2021-01-21 16:22:39','2021-01-21 16:22:39'),(334,24,16,2,'2021-01-21 16:22:39','2021-01-21 16:22:39'),(335,24,16,3,'2021-01-21 16:22:39','2021-01-21 16:22:39'),(336,24,16,4,'2021-01-21 16:22:39','2021-01-21 16:22:39'),(337,24,16,5,'2021-01-21 16:22:39','2021-01-21 16:22:39'),(338,24,16,6,'2021-01-21 16:22:39','2021-01-21 16:22:39'),(339,24,16,7,'2021-01-21 16:22:39','2021-01-21 16:22:39'),(340,24,16,8,'2021-01-21 16:22:39','2021-01-21 16:22:39'),(342,26,18,1,'2021-01-21 16:29:04','2021-01-21 16:29:04'),(343,26,18,2,'2021-01-21 16:29:04','2021-01-21 16:29:04'),(344,26,18,3,'2021-01-21 16:29:04','2021-01-21 16:29:04'),(345,26,18,4,'2021-01-21 16:29:04','2021-01-21 16:29:04'),(346,26,18,5,'2021-01-21 16:29:04','2021-01-21 16:29:04'),(347,26,18,6,'2021-01-21 16:29:04','2021-01-21 16:29:04'),(348,26,18,7,'2021-01-21 16:29:04','2021-01-21 16:29:04'),(349,26,18,8,'2021-01-21 16:29:04','2021-01-21 16:29:04'),(351,27,19,1,'2021-01-21 16:37:13','2021-01-21 16:37:13'),(352,27,19,2,'2021-01-21 16:37:13','2021-01-21 16:37:13'),(353,27,19,3,'2021-01-21 16:37:13','2021-01-21 16:37:13'),(354,27,19,4,'2021-01-21 16:37:13','2021-01-21 16:37:13'),(355,27,19,5,'2021-01-21 16:37:13','2021-01-21 16:37:13'),(356,27,19,6,'2021-01-21 16:37:13','2021-01-21 16:37:13'),(357,27,19,7,'2021-01-21 16:37:13','2021-01-21 16:37:13'),(358,27,19,8,'2021-01-21 16:37:13','2021-01-21 16:37:13'),(360,28,20,1,'2021-01-21 16:49:50','2021-01-21 16:49:50'),(361,28,20,2,'2021-01-21 16:49:50','2021-01-21 16:49:50'),(362,28,20,3,'2021-01-21 16:49:50','2021-01-21 16:49:50'),(363,28,20,4,'2021-01-21 16:49:50','2021-01-21 16:49:50'),(364,28,20,5,'2021-01-21 16:49:50','2021-01-21 16:49:50'),(365,28,20,6,'2021-01-21 16:49:50','2021-01-21 16:49:50'),(367,28,20,8,'2021-01-21 16:49:50','2021-01-21 16:49:50'),(368,28,20,10,'2021-01-21 16:49:50','2021-01-21 16:49:50'),(369,28,20,14,'2021-01-21 16:49:50','2021-01-21 16:49:50'),(370,28,20,15,'2021-01-21 16:49:51','2021-01-21 16:49:51'),(371,28,20,16,'2021-01-21 16:49:51','2021-01-21 16:49:51'),(372,28,20,17,'2021-01-21 16:49:51','2021-01-21 16:49:51'),(373,28,20,18,'2021-01-21 16:49:51','2021-01-21 16:49:51'),(374,28,20,19,'2021-01-21 16:49:51','2021-01-21 16:49:51'),(375,28,20,20,'2021-01-21 16:49:51','2021-01-21 16:49:51'),(376,28,20,21,'2021-01-21 16:49:51','2021-01-21 16:49:51'),(377,28,20,22,'2021-01-21 16:49:51','2021-01-21 16:49:51'),(378,28,20,23,'2021-01-21 16:49:51','2021-01-21 16:49:51'),(379,28,20,24,'2021-01-21 16:49:51','2021-01-21 16:49:51'),(380,28,20,7,'2021-01-21 16:56:22','2021-01-21 16:56:22'),(381,29,21,1,'2021-01-21 18:43:55','2021-01-21 18:43:55'),(382,29,21,2,'2021-01-21 18:43:55','2021-01-21 18:43:55'),(383,29,21,3,'2021-01-21 18:43:55','2021-01-21 18:43:55'),(384,29,21,4,'2021-01-21 18:43:55','2021-01-21 18:43:55'),(385,29,21,5,'2021-01-21 18:43:55','2021-01-21 18:43:55'),(386,29,21,6,'2021-01-21 18:43:55','2021-01-21 18:43:55'),(387,29,21,7,'2021-01-21 18:43:55','2021-01-21 18:43:55'),(388,29,21,8,'2021-01-21 18:43:55','2021-01-21 18:43:55'),(389,29,21,10,'2021-01-21 18:43:55','2021-01-21 18:43:55'),(390,29,21,14,'2021-01-21 18:43:56','2021-01-21 18:43:56'),(391,29,21,15,'2021-01-21 18:43:56','2021-01-21 18:43:56'),(392,29,21,16,'2021-01-21 18:43:56','2021-01-21 18:43:56'),(394,29,21,18,'2021-01-21 18:43:56','2021-01-21 18:43:56'),(395,29,21,19,'2021-01-21 18:43:56','2021-01-21 18:43:56'),(396,29,21,20,'2021-01-21 18:43:56','2021-01-21 18:43:56'),(397,29,21,21,'2021-01-21 18:43:56','2021-01-21 18:43:56'),(398,29,21,22,'2021-01-21 18:43:56','2021-01-21 18:43:56'),(399,29,21,23,'2021-01-21 18:43:56','2021-01-21 18:43:56'),(400,29,21,24,'2021-01-21 18:43:56','2021-01-21 18:43:56'),(401,29,21,17,'2021-01-22 03:27:53','2021-01-22 03:27:53'),(402,30,21,17,'2021-01-22 03:27:53','2021-01-22 03:27:53'),(403,31,22,1,'2021-01-22 06:35:48','2021-01-22 06:35:48'),(404,31,22,2,'2021-01-22 06:35:48','2021-01-22 06:35:48'),(405,31,22,3,'2021-01-22 06:35:48','2021-01-22 06:35:48'),(406,31,22,4,'2021-01-22 06:35:48','2021-01-22 06:35:48'),(407,31,22,5,'2021-01-22 06:35:48','2021-01-22 06:35:48'),(408,31,22,6,'2021-01-22 06:35:49','2021-01-22 06:35:49'),(409,31,22,7,'2021-01-22 06:35:49','2021-01-22 06:35:49'),(410,31,22,8,'2021-01-22 06:35:49','2021-01-22 06:35:49'),(411,31,22,10,'2021-01-22 06:35:49','2021-01-22 06:35:49'),(412,31,22,14,'2021-01-22 06:35:49','2021-01-22 06:35:49'),(413,31,22,15,'2021-01-22 06:35:49','2021-01-22 06:35:49'),(414,31,22,16,'2021-01-22 06:35:49','2021-01-22 06:35:49'),(415,31,22,17,'2021-01-22 06:35:49','2021-01-22 06:35:49'),(416,31,22,18,'2021-01-22 06:35:49','2021-01-22 06:35:49'),(417,31,22,19,'2021-01-22 06:35:49','2021-01-22 06:35:49'),(418,31,22,20,'2021-01-22 06:35:49','2021-01-22 06:35:49'),(419,31,22,21,'2021-01-22 06:35:49','2021-01-22 06:35:49'),(420,31,22,22,'2021-01-22 06:35:49','2021-01-22 06:35:49'),(421,31,22,23,'2021-01-22 06:35:49','2021-01-22 06:35:49'),(422,31,22,24,'2021-01-22 06:35:49','2021-01-22 06:35:49'),(423,32,23,1,'2021-01-22 12:52:40','2021-01-22 12:52:40'),(424,32,23,2,'2021-01-22 12:52:40','2021-01-22 12:52:40'),(425,32,23,3,'2021-01-22 12:52:40','2021-01-22 12:52:40'),(426,32,23,4,'2021-01-22 12:52:40','2021-01-22 12:52:40'),(427,32,23,5,'2021-01-22 12:52:40','2021-01-22 12:52:40'),(428,32,23,6,'2021-01-22 12:52:40','2021-01-22 12:52:40'),(429,32,23,7,'2021-01-22 12:52:40','2021-01-22 12:52:40'),(430,32,23,8,'2021-01-22 12:52:40','2021-01-22 12:52:40'),(431,32,23,10,'2021-01-22 12:52:40','2021-01-22 12:52:40'),(432,32,23,14,'2021-01-22 12:52:40','2021-01-22 12:52:40'),(433,32,23,15,'2021-01-22 12:52:40','2021-01-22 12:52:40'),(434,32,23,17,'2021-01-22 12:52:40','2021-01-22 12:52:40'),(435,33,24,1,'2021-01-22 21:43:48','2021-01-22 21:43:48'),(436,33,24,2,'2021-01-22 21:43:48','2021-01-22 21:43:48'),(437,33,24,3,'2021-01-22 21:43:48','2021-01-22 21:43:48'),(438,33,24,4,'2021-01-22 21:43:48','2021-01-22 21:43:48'),(439,33,24,6,'2021-01-22 21:43:48','2021-01-22 21:43:48'),(440,33,24,7,'2021-01-22 21:43:48','2021-01-22 21:43:48'),(441,33,24,8,'2021-01-22 21:43:48','2021-01-22 21:43:48'),(442,33,24,10,'2021-01-22 21:43:48','2021-01-22 21:43:48'),(443,33,24,14,'2021-01-22 21:43:48','2021-01-22 21:43:48'),(444,33,24,15,'2021-01-22 21:43:48','2021-01-22 21:43:48'),(445,34,25,1,'2021-01-22 21:47:42','2021-01-22 21:47:42'),(446,34,25,2,'2021-01-22 21:47:42','2021-01-22 21:47:42'),(447,34,25,3,'2021-01-22 21:47:42','2021-01-22 21:47:42'),(448,34,25,4,'2021-01-22 21:47:42','2021-01-22 21:47:42'),(449,34,25,6,'2021-01-22 21:47:42','2021-01-22 21:47:42'),(450,34,25,7,'2021-01-22 21:47:42','2021-01-22 21:47:42'),(451,34,25,8,'2021-01-22 21:47:42','2021-01-22 21:47:42'),(452,34,25,10,'2021-01-22 21:47:42','2021-01-22 21:47:42'),(453,34,25,14,'2021-01-22 21:47:42','2021-01-22 21:47:42'),(454,34,25,15,'2021-01-22 21:47:42','2021-01-22 21:47:42'),(455,34,25,17,'2021-01-22 21:47:42','2021-01-22 21:47:42'),(456,34,25,19,'2021-01-22 21:47:42','2021-01-22 21:47:42'),(457,34,25,21,'2021-01-22 21:47:42','2021-01-22 21:47:42'),(458,34,25,22,'2021-01-22 21:47:42','2021-01-22 21:47:42'),(459,34,25,23,'2021-01-22 21:47:42','2021-01-22 21:47:42'),(460,35,26,1,'2021-01-22 21:50:01','2021-01-22 21:50:01'),(461,35,26,2,'2021-01-22 21:50:01','2021-01-22 21:50:01'),(462,35,26,3,'2021-01-22 21:50:01','2021-01-22 21:50:01'),(463,35,26,4,'2021-01-22 21:50:01','2021-01-22 21:50:01'),(464,35,26,5,'2021-01-22 21:50:01','2021-01-22 21:50:01'),(465,35,26,6,'2021-01-22 21:50:01','2021-01-22 21:50:01'),(466,35,26,7,'2021-01-22 21:50:01','2021-01-22 21:50:01'),(467,35,26,8,'2021-01-22 21:50:01','2021-01-22 21:50:01'),(468,35,26,10,'2021-01-22 21:50:01','2021-01-22 21:50:01'),(469,35,26,14,'2021-01-22 21:50:01','2021-01-22 21:50:01'),(470,35,26,15,'2021-01-22 21:50:01','2021-01-22 21:50:01'),(471,35,26,16,'2021-01-22 21:50:01','2021-01-22 21:50:01'),(472,35,26,17,'2021-01-22 21:50:01','2021-01-22 21:50:01'),(473,35,26,19,'2021-01-22 21:50:01','2021-01-22 21:50:01'),(474,35,26,20,'2021-01-22 21:50:01','2021-01-22 21:50:01'),(475,35,26,21,'2021-01-22 21:50:01','2021-01-22 21:50:01'),(476,35,26,22,'2021-01-22 21:50:01','2021-01-22 21:50:01'),(477,35,26,23,'2021-01-22 21:50:01','2021-01-22 21:50:01'),(478,35,26,24,'2021-01-22 21:50:01','2021-01-22 21:50:01'),(479,35,26,18,'2021-01-22 21:50:01','2021-01-22 21:50:01'),(480,36,27,1,'2021-01-23 08:49:01','2021-01-23 08:49:01'),(481,36,27,2,'2021-01-23 08:49:01','2021-01-23 08:49:01'),(482,36,27,3,'2021-01-23 08:49:01','2021-01-23 08:49:01'),(483,36,27,4,'2021-01-23 08:49:01','2021-01-23 08:49:01'),(484,36,27,5,'2021-01-23 08:49:01','2021-01-23 08:49:01'),(485,36,27,6,'2021-01-23 08:49:01','2021-01-23 08:49:01'),(486,36,27,7,'2021-01-23 08:49:01','2021-01-23 08:49:01'),(487,36,27,8,'2021-01-23 08:49:01','2021-01-23 08:49:01'),(488,36,27,10,'2021-01-23 08:49:01','2021-01-23 08:49:01'),(489,36,27,14,'2021-01-23 08:49:01','2021-01-23 08:49:01'),(490,36,27,15,'2021-01-23 08:49:01','2021-01-23 08:49:01'),(491,36,27,16,'2021-01-23 08:49:01','2021-01-23 08:49:01'),(492,36,27,17,'2021-01-23 08:49:01','2021-01-23 08:49:01'),(493,36,27,19,'2021-01-23 08:49:01','2021-01-23 08:49:01'),(494,36,27,20,'2021-01-23 08:49:01','2021-01-23 08:49:01'),(495,36,27,21,'2021-01-23 08:49:01','2021-01-23 08:49:01'),(496,36,27,22,'2021-01-23 08:49:01','2021-01-23 08:49:01'),(497,36,27,23,'2021-01-23 08:49:01','2021-01-23 08:49:01'),(498,36,27,24,'2021-01-23 08:49:01','2021-01-23 08:49:01'),(499,36,27,18,'2021-01-23 08:49:01','2021-01-23 08:49:01'),(500,37,28,1,'2021-01-23 10:33:42','2021-01-23 10:33:42'),(501,37,28,6,'2021-01-23 10:33:42','2021-01-23 10:33:42'),(502,37,28,7,'2021-01-23 10:33:42','2021-01-23 10:33:42'),(503,37,28,8,'2021-01-23 10:33:42','2021-01-23 10:33:42'),(504,37,28,10,'2021-01-23 10:33:42','2021-01-23 10:33:42'),(505,37,28,14,'2021-01-23 10:33:42','2021-01-23 10:33:42'),(506,37,28,15,'2021-01-23 10:33:42','2021-01-23 10:33:42'),(507,37,28,17,'2021-01-23 10:33:42','2021-01-23 10:33:42'),(508,38,29,1,'2021-01-26 16:11:30','2021-01-26 16:11:30'),(509,38,29,3,'2021-01-26 16:11:30','2021-01-26 16:11:30'),(510,38,29,6,'2021-01-26 16:11:30','2021-01-26 16:11:30'),(511,38,29,7,'2021-01-26 16:11:30','2021-01-26 16:11:30'),(512,38,29,8,'2021-01-26 16:11:30','2021-01-26 16:11:30'),(513,38,29,10,'2021-01-26 16:11:30','2021-01-26 16:11:30'),(514,38,29,14,'2021-01-26 16:11:30','2021-01-26 16:11:30'),(515,38,29,15,'2021-01-26 16:11:30','2021-01-26 16:11:30'),(516,40,31,1,'2021-01-26 16:43:46','2021-01-26 16:43:46'),(517,40,31,2,'2021-01-26 16:43:46','2021-01-26 16:43:46'),(518,40,31,3,'2021-01-26 16:43:46','2021-01-26 16:43:46'),(519,40,31,4,'2021-01-26 16:43:46','2021-01-26 16:43:46'),(520,40,31,5,'2021-01-26 16:43:46','2021-01-26 16:43:46'),(521,40,31,6,'2021-01-26 16:43:46','2021-01-26 16:43:46'),(522,40,31,7,'2021-01-26 16:43:46','2021-01-26 16:43:46'),(523,40,31,8,'2021-01-26 16:43:46','2021-01-26 16:43:46'),(524,40,31,10,'2021-01-26 16:43:46','2021-01-26 16:43:46'),(525,40,31,14,'2021-01-26 16:43:46','2021-01-26 16:43:46'),(526,40,31,15,'2021-01-26 16:43:46','2021-01-26 16:43:46'),(527,40,31,17,'2021-01-26 16:43:46','2021-01-26 16:43:46'),(528,40,31,21,'2021-01-26 16:43:46','2021-01-26 16:43:46'),(529,40,31,22,'2021-01-26 16:43:46','2021-01-26 16:43:46'),(530,40,31,23,'2021-01-26 16:43:46','2021-01-26 16:43:46'),(531,40,31,24,'2021-01-26 16:43:46','2021-01-26 16:43:46'),(532,40,31,18,'2021-01-26 16:43:46','2021-01-26 16:43:46'),(533,41,32,1,'2021-01-26 16:46:48','2021-01-26 16:46:48'),(534,41,32,2,'2021-01-26 16:46:48','2021-01-26 16:46:48'),(535,41,32,3,'2021-01-26 16:46:48','2021-01-26 16:46:48'),(536,41,32,4,'2021-01-26 16:46:48','2021-01-26 16:46:48'),(537,41,32,5,'2021-01-26 16:46:48','2021-01-26 16:46:48'),(538,41,32,6,'2021-01-26 16:46:48','2021-01-26 16:46:48'),(539,41,32,7,'2021-01-26 16:46:48','2021-01-26 16:46:48'),(540,41,32,8,'2021-01-26 16:46:48','2021-01-26 16:46:48'),(541,41,32,10,'2021-01-26 16:46:48','2021-01-26 16:46:48'),(542,41,32,14,'2021-01-26 16:46:48','2021-01-26 16:46:48'),(543,41,32,15,'2021-01-26 16:46:48','2021-01-26 16:46:48'),(544,41,32,17,'2021-01-26 16:46:48','2021-01-26 16:46:48'),(545,41,32,21,'2021-01-26 16:46:48','2021-01-26 16:46:48'),(546,41,32,22,'2021-01-26 16:46:48','2021-01-26 16:46:48'),(547,41,32,23,'2021-01-26 16:46:48','2021-01-26 16:46:48'),(548,41,32,24,'2021-01-26 16:46:48','2021-01-26 16:46:48'),(549,41,32,18,'2021-01-26 16:46:48','2021-01-26 16:46:48'),(550,42,33,1,'2021-01-26 16:49:47','2021-01-26 16:49:47'),(551,42,33,2,'2021-01-26 16:49:47','2021-01-26 16:49:47'),(552,42,33,3,'2021-01-26 16:49:47','2021-01-26 16:49:47'),(553,42,33,4,'2021-01-26 16:49:47','2021-01-26 16:49:47'),(554,42,33,5,'2021-01-26 16:49:47','2021-01-26 16:49:47'),(555,42,33,6,'2021-01-26 16:49:47','2021-01-26 16:49:47'),(556,42,33,7,'2021-01-26 16:49:47','2021-01-26 16:49:47'),(557,42,33,8,'2021-01-26 16:49:47','2021-01-26 16:49:47'),(558,42,33,10,'2021-01-26 16:49:47','2021-01-26 16:49:47'),(559,42,33,14,'2021-01-26 16:49:47','2021-01-26 16:49:47'),(560,42,33,15,'2021-01-26 16:49:47','2021-01-26 16:49:47'),(561,42,33,17,'2021-01-26 16:49:47','2021-01-26 16:49:47'),(562,42,33,21,'2021-01-26 16:49:47','2021-01-26 16:49:47'),(563,42,33,22,'2021-01-26 16:49:47','2021-01-26 16:49:47'),(564,42,33,23,'2021-01-26 16:49:47','2021-01-26 16:49:47'),(565,42,33,24,'2021-01-26 16:49:47','2021-01-26 16:49:47'),(566,42,33,18,'2021-01-26 16:49:47','2021-01-26 16:49:47'),(567,43,34,1,'2021-01-26 16:52:32','2021-01-26 16:52:32'),(568,43,34,2,'2021-01-26 16:52:32','2021-01-26 16:52:32'),(569,43,34,3,'2021-01-26 16:52:32','2021-01-26 16:52:32'),(570,43,34,4,'2021-01-26 16:52:32','2021-01-26 16:52:32'),(571,43,34,5,'2021-01-26 16:52:32','2021-01-26 16:52:32'),(572,43,34,6,'2021-01-26 16:52:32','2021-01-26 16:52:32'),(573,43,34,7,'2021-01-26 16:52:32','2021-01-26 16:52:32'),(574,43,34,8,'2021-01-26 16:52:32','2021-01-26 16:52:32'),(575,43,34,10,'2021-01-26 16:52:32','2021-01-26 16:52:32'),(576,43,34,14,'2021-01-26 16:52:32','2021-01-26 16:52:32'),(577,43,34,15,'2021-01-26 16:52:32','2021-01-26 16:52:32'),(578,43,34,17,'2021-01-26 16:52:32','2021-01-26 16:52:32'),(579,43,34,21,'2021-01-26 16:52:32','2021-01-26 16:52:32'),(580,43,34,22,'2021-01-26 16:52:32','2021-01-26 16:52:32'),(581,43,34,23,'2021-01-26 16:52:32','2021-01-26 16:52:32'),(582,43,34,24,'2021-01-26 16:52:32','2021-01-26 16:52:32'),(583,43,34,18,'2021-01-26 16:52:32','2021-01-26 16:52:32'),(584,44,35,1,'2021-01-26 16:54:44','2021-01-26 16:54:44'),(585,44,35,2,'2021-01-26 16:54:44','2021-01-26 16:54:44'),(586,44,35,3,'2021-01-26 16:54:44','2021-01-26 16:54:44'),(587,44,35,4,'2021-01-26 16:54:44','2021-01-26 16:54:44'),(588,44,35,5,'2021-01-26 16:54:44','2021-01-26 16:54:44'),(589,44,35,6,'2021-01-26 16:54:44','2021-01-26 16:54:44'),(590,44,35,7,'2021-01-26 16:54:44','2021-01-26 16:54:44'),(591,44,35,8,'2021-01-26 16:54:44','2021-01-26 16:54:44'),(592,44,35,10,'2021-01-26 16:54:44','2021-01-26 16:54:44'),(593,44,35,14,'2021-01-26 16:54:44','2021-01-26 16:54:44'),(594,44,35,15,'2021-01-26 16:54:44','2021-01-26 16:54:44'),(595,44,35,17,'2021-01-26 16:54:44','2021-01-26 16:54:44'),(596,44,35,21,'2021-01-26 16:54:44','2021-01-26 16:54:44'),(597,44,35,23,'2021-01-26 16:54:44','2021-01-26 16:54:44'),(598,44,35,24,'2021-01-26 16:54:44','2021-01-26 16:54:44'),(599,44,35,18,'2021-01-26 16:54:44','2021-01-26 16:54:44'),(600,45,36,1,'2021-01-26 16:57:03','2021-01-26 16:57:03'),(601,45,36,2,'2021-01-26 16:57:03','2021-01-26 16:57:03'),(602,45,36,3,'2021-01-26 16:57:03','2021-01-26 16:57:03'),(603,45,36,4,'2021-01-26 16:57:03','2021-01-26 16:57:03'),(604,45,36,5,'2021-01-26 16:57:03','2021-01-26 16:57:03'),(605,45,36,6,'2021-01-26 16:57:03','2021-01-26 16:57:03'),(606,45,36,7,'2021-01-26 16:57:03','2021-01-26 16:57:03'),(607,45,36,8,'2021-01-26 16:57:03','2021-01-26 16:57:03'),(608,45,36,10,'2021-01-26 16:57:03','2021-01-26 16:57:03'),(609,45,36,14,'2021-01-26 16:57:03','2021-01-26 16:57:03'),(610,45,36,15,'2021-01-26 16:57:03','2021-01-26 16:57:03'),(611,45,36,17,'2021-01-26 16:57:03','2021-01-26 16:57:03'),(612,45,36,21,'2021-01-26 16:57:03','2021-01-26 16:57:03'),(613,45,36,22,'2021-01-26 16:57:03','2021-01-26 16:57:03'),(614,45,36,23,'2021-01-26 16:57:03','2021-01-26 16:57:03'),(615,45,36,24,'2021-01-26 16:57:03','2021-01-26 16:57:03'),(616,45,36,18,'2021-01-26 16:57:03','2021-01-26 16:57:03'),(617,46,37,1,'2021-01-26 16:59:57','2021-01-26 16:59:57'),(618,46,37,2,'2021-01-26 16:59:57','2021-01-26 16:59:57'),(619,46,37,3,'2021-01-26 16:59:57','2021-01-26 16:59:57'),(620,46,37,4,'2021-01-26 16:59:57','2021-01-26 16:59:57'),(621,46,37,5,'2021-01-26 16:59:57','2021-01-26 16:59:57'),(622,46,37,6,'2021-01-26 16:59:57','2021-01-26 16:59:57'),(623,46,37,7,'2021-01-26 16:59:57','2021-01-26 16:59:57'),(624,46,37,8,'2021-01-26 16:59:57','2021-01-26 16:59:57'),(625,46,37,10,'2021-01-26 16:59:57','2021-01-26 16:59:57'),(626,46,37,14,'2021-01-26 16:59:57','2021-01-26 16:59:57'),(627,46,37,15,'2021-01-26 16:59:57','2021-01-26 16:59:57'),(628,46,37,17,'2021-01-26 16:59:57','2021-01-26 16:59:57'),(629,46,37,21,'2021-01-26 16:59:57','2021-01-26 16:59:57'),(630,46,37,22,'2021-01-26 16:59:57','2021-01-26 16:59:57'),(631,46,37,23,'2021-01-26 16:59:57','2021-01-26 16:59:57'),(632,46,37,24,'2021-01-26 16:59:57','2021-01-26 16:59:57'),(633,46,37,18,'2021-01-26 16:59:57','2021-01-26 16:59:57'),(634,47,38,1,'2021-01-26 17:02:06','2021-01-26 17:02:06'),(635,47,38,2,'2021-01-26 17:02:06','2021-01-26 17:02:06'),(636,47,38,3,'2021-01-26 17:02:06','2021-01-26 17:02:06'),(637,47,38,4,'2021-01-26 17:02:06','2021-01-26 17:02:06'),(638,47,38,5,'2021-01-26 17:02:06','2021-01-26 17:02:06'),(639,47,38,6,'2021-01-26 17:02:06','2021-01-26 17:02:06'),(640,47,38,7,'2021-01-26 17:02:06','2021-01-26 17:02:06'),(641,47,38,8,'2021-01-26 17:02:06','2021-01-26 17:02:06'),(642,47,38,10,'2021-01-26 17:02:06','2021-01-26 17:02:06'),(643,47,38,14,'2021-01-26 17:02:06','2021-01-26 17:02:06'),(644,47,38,15,'2021-01-26 17:02:06','2021-01-26 17:02:06'),(645,47,38,17,'2021-01-26 17:02:06','2021-01-26 17:02:06'),(646,47,38,21,'2021-01-26 17:02:06','2021-01-26 17:02:06'),(647,47,38,22,'2021-01-26 17:02:06','2021-01-26 17:02:06'),(648,47,38,23,'2021-01-26 17:02:06','2021-01-26 17:02:06'),(649,47,38,24,'2021-01-26 17:02:06','2021-01-26 17:02:06'),(650,47,38,18,'2021-01-26 17:02:06','2021-01-26 17:02:06'),(651,48,39,1,'2021-01-26 17:05:55','2021-01-26 17:05:55'),(652,48,39,2,'2021-01-26 17:05:55','2021-01-26 17:05:55'),(653,48,39,3,'2021-01-26 17:05:55','2021-01-26 17:05:55'),(654,48,39,4,'2021-01-26 17:05:55','2021-01-26 17:05:55'),(655,48,39,5,'2021-01-26 17:05:55','2021-01-26 17:05:55'),(656,48,39,6,'2021-01-26 17:05:55','2021-01-26 17:05:55'),(657,48,39,7,'2021-01-26 17:05:55','2021-01-26 17:05:55'),(658,48,39,8,'2021-01-26 17:05:55','2021-01-26 17:05:55'),(659,48,39,10,'2021-01-26 17:05:55','2021-01-26 17:05:55'),(660,48,39,14,'2021-01-26 17:05:55','2021-01-26 17:05:55'),(661,48,39,15,'2021-01-26 17:05:55','2021-01-26 17:05:55'),(662,48,39,17,'2021-01-26 17:05:55','2021-01-26 17:05:55'),(663,48,39,21,'2021-01-26 17:05:55','2021-01-26 17:05:55'),(664,48,39,22,'2021-01-26 17:05:55','2021-01-26 17:05:55'),(665,48,39,23,'2021-01-26 17:05:55','2021-01-26 17:05:55'),(666,48,39,24,'2021-01-26 17:05:55','2021-01-26 17:05:55'),(667,48,39,18,'2021-01-26 17:05:55','2021-01-26 17:05:55'),(668,49,40,1,'2021-01-26 17:08:00','2021-01-26 17:08:00'),(669,49,40,2,'2021-01-26 17:08:00','2021-01-26 17:08:00'),(670,49,40,3,'2021-01-26 17:08:00','2021-01-26 17:08:00'),(671,49,40,4,'2021-01-26 17:08:00','2021-01-26 17:08:00'),(672,49,40,5,'2021-01-26 17:08:00','2021-01-26 17:08:00'),(673,49,40,6,'2021-01-26 17:08:00','2021-01-26 17:08:00'),(674,49,40,7,'2021-01-26 17:08:00','2021-01-26 17:08:00'),(675,49,40,8,'2021-01-26 17:08:00','2021-01-26 17:08:00'),(676,49,40,10,'2021-01-26 17:08:00','2021-01-26 17:08:00'),(677,49,40,14,'2021-01-26 17:08:00','2021-01-26 17:08:00'),(678,49,40,15,'2021-01-26 17:08:00','2021-01-26 17:08:00'),(679,49,40,17,'2021-01-26 17:08:00','2021-01-26 17:08:00'),(680,49,40,21,'2021-01-26 17:08:00','2021-01-26 17:08:00'),(681,49,40,22,'2021-01-26 17:08:00','2021-01-26 17:08:00'),(682,49,40,23,'2021-01-26 17:08:00','2021-01-26 17:08:00'),(683,49,40,24,'2021-01-26 17:08:00','2021-01-26 17:08:00'),(684,49,40,18,'2021-01-26 17:08:00','2021-01-26 17:08:00'),(685,50,41,1,'2021-01-26 17:09:58','2021-01-26 17:09:58'),(686,50,41,2,'2021-01-26 17:09:58','2021-01-26 17:09:58'),(687,50,41,3,'2021-01-26 17:09:58','2021-01-26 17:09:58'),(688,50,41,4,'2021-01-26 17:09:58','2021-01-26 17:09:58'),(689,50,41,5,'2021-01-26 17:09:58','2021-01-26 17:09:58'),(690,50,41,6,'2021-01-26 17:09:58','2021-01-26 17:09:58'),(691,50,41,7,'2021-01-26 17:09:58','2021-01-26 17:09:58'),(692,50,41,8,'2021-01-26 17:09:58','2021-01-26 17:09:58'),(693,50,41,10,'2021-01-26 17:09:58','2021-01-26 17:09:58'),(694,50,41,14,'2021-01-26 17:09:58','2021-01-26 17:09:58'),(695,50,41,15,'2021-01-26 17:09:58','2021-01-26 17:09:58'),(696,50,41,17,'2021-01-26 17:09:58','2021-01-26 17:09:58'),(697,50,41,21,'2021-01-26 17:09:58','2021-01-26 17:09:58'),(698,50,41,22,'2021-01-26 17:09:58','2021-01-26 17:09:58'),(699,50,41,23,'2021-01-26 17:09:58','2021-01-26 17:09:58'),(700,50,41,24,'2021-01-26 17:09:58','2021-01-26 17:09:58'),(701,50,41,18,'2021-01-26 17:09:58','2021-01-26 17:09:58'),(702,51,42,1,'2021-01-26 17:10:30','2021-01-26 17:10:30'),(703,51,42,3,'2021-01-26 17:10:30','2021-01-26 17:10:30'),(704,51,42,4,'2021-01-26 17:10:30','2021-01-26 17:10:30'),(705,51,42,5,'2021-01-26 17:10:30','2021-01-26 17:10:30'),(706,51,42,6,'2021-01-26 17:10:30','2021-01-26 17:10:30'),(707,51,42,7,'2021-01-26 17:10:30','2021-01-26 17:10:30'),(708,51,42,8,'2021-01-26 17:10:30','2021-01-26 17:10:30'),(709,51,42,10,'2021-01-26 17:10:30','2021-01-26 17:10:30'),(710,51,42,14,'2021-01-26 17:10:30','2021-01-26 17:10:30'),(711,51,42,15,'2021-01-26 17:10:30','2021-01-26 17:10:30'),(712,51,42,17,'2021-01-26 17:10:30','2021-01-26 17:10:30'),(713,52,43,1,'2021-01-26 17:11:48','2021-01-26 17:11:48'),(714,52,43,2,'2021-01-26 17:11:48','2021-01-26 17:11:48'),(715,52,43,3,'2021-01-26 17:11:48','2021-01-26 17:11:48'),(716,52,43,4,'2021-01-26 17:11:48','2021-01-26 17:11:48'),(717,52,43,5,'2021-01-26 17:11:48','2021-01-26 17:11:48'),(718,52,43,6,'2021-01-26 17:11:48','2021-01-26 17:11:48'),(719,52,43,7,'2021-01-26 17:11:48','2021-01-26 17:11:48'),(720,52,43,8,'2021-01-26 17:11:48','2021-01-26 17:11:48'),(721,52,43,10,'2021-01-26 17:11:48','2021-01-26 17:11:48'),(722,52,43,14,'2021-01-26 17:11:48','2021-01-26 17:11:48'),(723,52,43,15,'2021-01-26 17:11:48','2021-01-26 17:11:48'),(724,52,43,17,'2021-01-26 17:11:48','2021-01-26 17:11:48'),(725,52,43,21,'2021-01-26 17:11:48','2021-01-26 17:11:48'),(726,52,43,22,'2021-01-26 17:11:48','2021-01-26 17:11:48'),(727,52,43,23,'2021-01-26 17:11:48','2021-01-26 17:11:48'),(728,52,43,24,'2021-01-26 17:11:48','2021-01-26 17:11:48'),(729,52,43,18,'2021-01-26 17:11:48','2021-01-26 17:11:48'),(730,53,44,1,'2021-01-26 17:13:15','2021-01-26 17:13:15'),(731,53,44,2,'2021-01-26 17:13:15','2021-01-26 17:13:15'),(732,53,44,3,'2021-01-26 17:13:15','2021-01-26 17:13:15'),(733,53,44,4,'2021-01-26 17:13:15','2021-01-26 17:13:15'),(734,53,44,5,'2021-01-26 17:13:15','2021-01-26 17:13:15'),(735,53,44,6,'2021-01-26 17:13:15','2021-01-26 17:13:15'),(736,53,44,7,'2021-01-26 17:13:15','2021-01-26 17:13:15'),(737,53,44,8,'2021-01-26 17:13:15','2021-01-26 17:13:15'),(738,53,44,10,'2021-01-26 17:13:15','2021-01-26 17:13:15'),(739,53,44,14,'2021-01-26 17:13:15','2021-01-26 17:13:15'),(740,53,44,15,'2021-01-26 17:13:15','2021-01-26 17:13:15'),(741,53,44,17,'2021-01-26 17:13:15','2021-01-26 17:13:15'),(742,54,45,1,'2021-01-26 17:13:41','2021-01-26 17:13:41'),(743,54,45,2,'2021-01-26 17:13:41','2021-01-26 17:13:41'),(744,54,45,3,'2021-01-26 17:13:41','2021-01-26 17:13:41'),(745,54,45,4,'2021-01-26 17:13:41','2021-01-26 17:13:41'),(746,54,45,5,'2021-01-26 17:13:41','2021-01-26 17:13:41'),(747,54,45,6,'2021-01-26 17:13:41','2021-01-26 17:13:41'),(748,54,45,7,'2021-01-26 17:13:41','2021-01-26 17:13:41'),(749,54,45,8,'2021-01-26 17:13:41','2021-01-26 17:13:41'),(750,54,45,10,'2021-01-26 17:13:41','2021-01-26 17:13:41'),(751,54,45,14,'2021-01-26 17:13:41','2021-01-26 17:13:41'),(752,54,45,15,'2021-01-26 17:13:41','2021-01-26 17:13:41'),(753,54,45,17,'2021-01-26 17:13:41','2021-01-26 17:13:41'),(754,54,45,21,'2021-01-26 17:13:41','2021-01-26 17:13:41'),(755,54,45,22,'2021-01-26 17:13:41','2021-01-26 17:13:41'),(756,54,45,23,'2021-01-26 17:13:41','2021-01-26 17:13:41'),(757,54,45,24,'2021-01-26 17:13:41','2021-01-26 17:13:41'),(758,54,45,18,'2021-01-26 17:13:41','2021-01-26 17:13:41'),(759,55,46,1,'2021-01-26 17:14:59','2021-01-26 17:14:59'),(760,55,46,2,'2021-01-26 17:14:59','2021-01-26 17:14:59'),(761,55,46,3,'2021-01-26 17:14:59','2021-01-26 17:14:59'),(762,55,46,4,'2021-01-26 17:14:59','2021-01-26 17:14:59'),(763,55,46,5,'2021-01-26 17:14:59','2021-01-26 17:14:59'),(764,55,46,6,'2021-01-26 17:14:59','2021-01-26 17:14:59'),(765,55,46,7,'2021-01-26 17:14:59','2021-01-26 17:14:59'),(766,55,46,8,'2021-01-26 17:14:59','2021-01-26 17:14:59'),(767,55,46,10,'2021-01-26 17:14:59','2021-01-26 17:14:59'),(768,55,46,14,'2021-01-26 17:14:59','2021-01-26 17:14:59'),(769,55,46,15,'2021-01-26 17:14:59','2021-01-26 17:14:59'),(770,56,47,1,'2021-01-26 17:15:21','2021-01-26 17:15:21'),(771,56,47,2,'2021-01-26 17:15:21','2021-01-26 17:15:21'),(772,56,47,3,'2021-01-26 17:15:21','2021-01-26 17:15:21'),(773,56,47,4,'2021-01-26 17:15:21','2021-01-26 17:15:21'),(774,56,47,5,'2021-01-26 17:15:21','2021-01-26 17:15:21'),(775,56,47,6,'2021-01-26 17:15:21','2021-01-26 17:15:21'),(776,56,47,7,'2021-01-26 17:15:21','2021-01-26 17:15:21'),(777,56,47,8,'2021-01-26 17:15:21','2021-01-26 17:15:21'),(778,56,47,10,'2021-01-26 17:15:21','2021-01-26 17:15:21'),(779,56,47,14,'2021-01-26 17:15:21','2021-01-26 17:15:21'),(780,56,47,15,'2021-01-26 17:15:21','2021-01-26 17:15:21'),(781,56,47,17,'2021-01-26 17:15:21','2021-01-26 17:15:21'),(782,56,47,21,'2021-01-26 17:15:21','2021-01-26 17:15:21'),(783,56,47,22,'2021-01-26 17:15:21','2021-01-26 17:15:21'),(784,56,47,23,'2021-01-26 17:15:21','2021-01-26 17:15:21'),(785,56,47,24,'2021-01-26 17:15:21','2021-01-26 17:15:21'),(786,56,47,18,'2021-01-26 17:15:21','2021-01-26 17:15:21'),(787,57,48,1,'2021-01-26 17:16:29','2021-01-26 17:16:29'),(788,57,48,2,'2021-01-26 17:16:29','2021-01-26 17:16:29'),(789,57,48,3,'2021-01-26 17:16:29','2021-01-26 17:16:29'),(790,57,48,4,'2021-01-26 17:16:29','2021-01-26 17:16:29'),(791,57,48,5,'2021-01-26 17:16:29','2021-01-26 17:16:29'),(792,57,48,6,'2021-01-26 17:16:29','2021-01-26 17:16:29'),(793,57,48,7,'2021-01-26 17:16:29','2021-01-26 17:16:29'),(794,57,48,10,'2021-01-26 17:16:29','2021-01-26 17:16:29'),(795,57,48,14,'2021-01-26 17:16:29','2021-01-26 17:16:29'),(796,57,48,15,'2021-01-26 17:16:29','2021-01-26 17:16:29'),(797,57,48,17,'2021-01-26 17:16:29','2021-01-26 17:16:29'),(798,58,49,1,'2021-01-26 17:17:12','2021-01-26 17:17:12'),(799,58,49,2,'2021-01-26 17:17:12','2021-01-26 17:17:12'),(800,58,49,3,'2021-01-26 17:17:12','2021-01-26 17:17:12'),(801,58,49,4,'2021-01-26 17:17:12','2021-01-26 17:17:12'),(802,58,49,5,'2021-01-26 17:17:12','2021-01-26 17:17:12'),(803,58,49,6,'2021-01-26 17:17:12','2021-01-26 17:17:12'),(804,58,49,7,'2021-01-26 17:17:12','2021-01-26 17:17:12'),(805,58,49,8,'2021-01-26 17:17:12','2021-01-26 17:17:12'),(806,58,49,10,'2021-01-26 17:17:12','2021-01-26 17:17:12'),(807,58,49,14,'2021-01-26 17:17:12','2021-01-26 17:17:12'),(808,58,49,15,'2021-01-26 17:17:12','2021-01-26 17:17:12'),(809,58,49,17,'2021-01-26 17:17:12','2021-01-26 17:17:12'),(810,58,49,21,'2021-01-26 17:17:12','2021-01-26 17:17:12'),(811,58,49,22,'2021-01-26 17:17:12','2021-01-26 17:17:12'),(812,58,49,23,'2021-01-26 17:17:12','2021-01-26 17:17:12'),(813,58,49,24,'2021-01-26 17:17:12','2021-01-26 17:17:12'),(814,58,49,18,'2021-01-26 17:17:12','2021-01-26 17:17:12'),(815,59,50,1,'2021-01-26 17:18:20','2021-01-26 17:18:20'),(816,59,50,2,'2021-01-26 17:18:20','2021-01-26 17:18:20'),(817,59,50,3,'2021-01-26 17:18:20','2021-01-26 17:18:20'),(818,59,50,4,'2021-01-26 17:18:20','2021-01-26 17:18:20'),(819,59,50,5,'2021-01-26 17:18:20','2021-01-26 17:18:20'),(820,59,50,6,'2021-01-26 17:18:20','2021-01-26 17:18:20'),(821,59,50,7,'2021-01-26 17:18:20','2021-01-26 17:18:20'),(822,59,50,8,'2021-01-26 17:18:20','2021-01-26 17:18:20'),(823,59,50,10,'2021-01-26 17:18:20','2021-01-26 17:18:20'),(824,59,50,14,'2021-01-26 17:18:20','2021-01-26 17:18:20'),(825,59,50,15,'2021-01-26 17:18:20','2021-01-26 17:18:20'),(826,59,50,17,'2021-01-26 17:18:20','2021-01-26 17:18:20'),(827,60,51,1,'2021-01-26 17:19:01','2021-01-26 17:19:01'),(828,60,51,2,'2021-01-26 17:19:01','2021-01-26 17:19:01'),(829,60,51,3,'2021-01-26 17:19:01','2021-01-26 17:19:01'),(830,60,51,4,'2021-01-26 17:19:01','2021-01-26 17:19:01'),(831,60,51,5,'2021-01-26 17:19:01','2021-01-26 17:19:01'),(832,60,51,6,'2021-01-26 17:19:01','2021-01-26 17:19:01'),(833,60,51,7,'2021-01-26 17:19:01','2021-01-26 17:19:01'),(834,60,51,8,'2021-01-26 17:19:01','2021-01-26 17:19:01'),(835,60,51,10,'2021-01-26 17:19:01','2021-01-26 17:19:01'),(836,60,51,14,'2021-01-26 17:19:01','2021-01-26 17:19:01'),(837,60,51,15,'2021-01-26 17:19:01','2021-01-26 17:19:01'),(838,60,51,17,'2021-01-26 17:19:01','2021-01-26 17:19:01'),(839,60,51,21,'2021-01-26 17:19:01','2021-01-26 17:19:01'),(840,60,51,22,'2021-01-26 17:19:01','2021-01-26 17:19:01'),(841,60,51,23,'2021-01-26 17:19:01','2021-01-26 17:19:01'),(842,60,51,24,'2021-01-26 17:19:01','2021-01-26 17:19:01'),(843,60,51,18,'2021-01-26 17:19:01','2021-01-26 17:19:01'),(844,61,52,1,'2021-01-26 17:20:02','2021-01-26 17:20:02'),(845,61,52,2,'2021-01-26 17:20:02','2021-01-26 17:20:02'),(846,61,52,3,'2021-01-26 17:20:02','2021-01-26 17:20:02'),(847,61,52,4,'2021-01-26 17:20:02','2021-01-26 17:20:02'),(848,61,52,5,'2021-01-26 17:20:02','2021-01-26 17:20:02'),(849,61,52,6,'2021-01-26 17:20:02','2021-01-26 17:20:02'),(850,61,52,7,'2021-01-26 17:20:02','2021-01-26 17:20:02'),(851,61,52,8,'2021-01-26 17:20:02','2021-01-26 17:20:02'),(852,61,52,10,'2021-01-26 17:20:02','2021-01-26 17:20:02'),(853,61,52,14,'2021-01-26 17:20:02','2021-01-26 17:20:02'),(854,61,52,15,'2021-01-26 17:20:02','2021-01-26 17:20:02'),(855,61,52,17,'2021-01-26 17:20:02','2021-01-26 17:20:02'),(856,62,53,1,'2021-01-26 17:20:56','2021-01-26 17:20:56'),(857,62,53,2,'2021-01-26 17:20:56','2021-01-26 17:20:56'),(858,62,53,3,'2021-01-26 17:20:56','2021-01-26 17:20:56'),(859,62,53,4,'2021-01-26 17:20:56','2021-01-26 17:20:56'),(860,62,53,5,'2021-01-26 17:20:56','2021-01-26 17:20:56'),(861,62,53,6,'2021-01-26 17:20:56','2021-01-26 17:20:56'),(862,62,53,7,'2021-01-26 17:20:56','2021-01-26 17:20:56'),(863,62,53,8,'2021-01-26 17:20:56','2021-01-26 17:20:56'),(864,62,53,10,'2021-01-26 17:20:56','2021-01-26 17:20:56'),(865,62,53,14,'2021-01-26 17:20:56','2021-01-26 17:20:56'),(866,62,53,15,'2021-01-26 17:20:56','2021-01-26 17:20:56'),(867,62,53,17,'2021-01-26 17:20:56','2021-01-26 17:20:56'),(868,62,53,21,'2021-01-26 17:20:56','2021-01-26 17:20:56'),(869,62,53,22,'2021-01-26 17:20:56','2021-01-26 17:20:56'),(870,62,53,23,'2021-01-26 17:20:56','2021-01-26 17:20:56'),(871,62,53,24,'2021-01-26 17:20:56','2021-01-26 17:20:56'),(872,62,53,18,'2021-01-26 17:20:56','2021-01-26 17:20:56'),(873,63,54,1,'2021-01-26 17:21:36','2021-01-26 17:21:36'),(874,63,54,2,'2021-01-26 17:21:36','2021-01-26 17:21:36'),(875,63,54,3,'2021-01-26 17:21:36','2021-01-26 17:21:36'),(876,63,54,4,'2021-01-26 17:21:36','2021-01-26 17:21:36'),(877,63,54,5,'2021-01-26 17:21:36','2021-01-26 17:21:36'),(878,63,54,6,'2021-01-26 17:21:36','2021-01-26 17:21:36'),(879,63,54,7,'2021-01-26 17:21:36','2021-01-26 17:21:36'),(880,63,54,8,'2021-01-26 17:21:36','2021-01-26 17:21:36'),(881,63,54,10,'2021-01-26 17:21:36','2021-01-26 17:21:36'),(882,63,54,14,'2021-01-26 17:21:36','2021-01-26 17:21:36'),(883,63,54,15,'2021-01-26 17:21:36','2021-01-26 17:21:36'),(884,63,54,17,'2021-01-26 17:21:36','2021-01-26 17:21:36'),(885,64,55,1,'2021-01-26 17:22:45','2021-01-26 17:22:45'),(886,64,55,2,'2021-01-26 17:22:45','2021-01-26 17:22:45'),(887,64,55,3,'2021-01-26 17:22:45','2021-01-26 17:22:45'),(888,64,55,4,'2021-01-26 17:22:45','2021-01-26 17:22:45'),(889,64,55,5,'2021-01-26 17:22:45','2021-01-26 17:22:45'),(890,64,55,6,'2021-01-26 17:22:45','2021-01-26 17:22:45'),(891,64,55,7,'2021-01-26 17:22:45','2021-01-26 17:22:45'),(892,64,55,8,'2021-01-26 17:22:45','2021-01-26 17:22:45'),(893,64,55,10,'2021-01-26 17:22:45','2021-01-26 17:22:45'),(894,64,55,14,'2021-01-26 17:22:45','2021-01-26 17:22:45'),(895,64,55,15,'2021-01-26 17:22:45','2021-01-26 17:22:45'),(896,64,55,17,'2021-01-26 17:22:45','2021-01-26 17:22:45'),(897,64,55,21,'2021-01-26 17:22:45','2021-01-26 17:22:45'),(898,64,55,22,'2021-01-26 17:22:45','2021-01-26 17:22:45'),(899,64,55,23,'2021-01-26 17:22:45','2021-01-26 17:22:45'),(900,64,55,24,'2021-01-26 17:22:45','2021-01-26 17:22:45'),(901,64,55,18,'2021-01-26 17:22:45','2021-01-26 17:22:45'),(902,65,56,1,'2021-01-26 17:23:14','2021-01-26 17:23:14'),(903,65,56,2,'2021-01-26 17:23:14','2021-01-26 17:23:14'),(904,65,56,3,'2021-01-26 17:23:14','2021-01-26 17:23:14'),(905,65,56,4,'2021-01-26 17:23:14','2021-01-26 17:23:14'),(906,65,56,5,'2021-01-26 17:23:14','2021-01-26 17:23:14'),(907,65,56,6,'2021-01-26 17:23:14','2021-01-26 17:23:14'),(908,65,56,7,'2021-01-26 17:23:14','2021-01-26 17:23:14'),(909,65,56,8,'2021-01-26 17:23:14','2021-01-26 17:23:14'),(910,65,56,10,'2021-01-26 17:23:14','2021-01-26 17:23:14'),(911,65,56,14,'2021-01-26 17:23:14','2021-01-26 17:23:14'),(912,65,56,15,'2021-01-26 17:23:14','2021-01-26 17:23:14'),(913,65,56,17,'2021-01-26 17:23:14','2021-01-26 17:23:14'),(914,66,57,1,'2021-01-26 17:24:31','2021-01-26 17:24:31'),(915,66,57,2,'2021-01-26 17:24:31','2021-01-26 17:24:31'),(916,66,57,3,'2021-01-26 17:24:31','2021-01-26 17:24:31'),(917,66,57,4,'2021-01-26 17:24:31','2021-01-26 17:24:31'),(918,66,57,5,'2021-01-26 17:24:31','2021-01-26 17:24:31'),(919,66,57,6,'2021-01-26 17:24:31','2021-01-26 17:24:31'),(920,66,57,7,'2021-01-26 17:24:31','2021-01-26 17:24:31'),(921,66,57,8,'2021-01-26 17:24:31','2021-01-26 17:24:31'),(922,66,57,10,'2021-01-26 17:24:31','2021-01-26 17:24:31'),(923,66,57,14,'2021-01-26 17:24:31','2021-01-26 17:24:31'),(924,66,57,15,'2021-01-26 17:24:31','2021-01-26 17:24:31'),(925,66,57,17,'2021-01-26 17:24:31','2021-01-26 17:24:31'),(926,66,57,21,'2021-01-26 17:24:31','2021-01-26 17:24:31'),(927,66,57,22,'2021-01-26 17:24:31','2021-01-26 17:24:31'),(928,66,57,23,'2021-01-26 17:24:31','2021-01-26 17:24:31'),(929,66,57,24,'2021-01-26 17:24:31','2021-01-26 17:24:31'),(930,66,57,18,'2021-01-26 17:24:31','2021-01-26 17:24:31'),(931,67,58,1,'2021-01-26 17:24:56','2021-01-26 17:24:56'),(932,67,58,2,'2021-01-26 17:24:56','2021-01-26 17:24:56'),(933,67,58,3,'2021-01-26 17:24:56','2021-01-26 17:24:56'),(934,67,58,4,'2021-01-26 17:24:56','2021-01-26 17:24:56'),(935,67,58,5,'2021-01-26 17:24:56','2021-01-26 17:24:56'),(936,67,58,6,'2021-01-26 17:24:56','2021-01-26 17:24:56'),(937,67,58,7,'2021-01-26 17:24:56','2021-01-26 17:24:56'),(938,67,58,8,'2021-01-26 17:24:56','2021-01-26 17:24:56'),(939,67,58,10,'2021-01-26 17:24:56','2021-01-26 17:24:56'),(940,67,58,14,'2021-01-26 17:24:56','2021-01-26 17:24:56'),(941,67,58,15,'2021-01-26 17:24:56','2021-01-26 17:24:56'),(942,67,58,17,'2021-01-26 17:24:56','2021-01-26 17:24:56'),(943,68,59,1,'2021-01-26 17:27:28','2021-01-26 17:27:28'),(944,68,59,2,'2021-01-26 17:27:28','2021-01-26 17:27:28'),(945,68,59,3,'2021-01-26 17:27:28','2021-01-26 17:27:28'),(946,68,59,4,'2021-01-26 17:27:28','2021-01-26 17:27:28'),(947,68,59,5,'2021-01-26 17:27:28','2021-01-26 17:27:28'),(948,68,59,6,'2021-01-26 17:27:28','2021-01-26 17:27:28'),(949,68,59,7,'2021-01-26 17:27:28','2021-01-26 17:27:28'),(950,68,59,8,'2021-01-26 17:27:28','2021-01-26 17:27:28'),(951,68,59,10,'2021-01-26 17:27:28','2021-01-26 17:27:28'),(952,68,59,14,'2021-01-26 17:27:28','2021-01-26 17:27:28'),(953,68,59,15,'2021-01-26 17:27:28','2021-01-26 17:27:28'),(954,68,59,17,'2021-01-26 17:27:28','2021-01-26 17:27:28'),(955,69,60,1,'2021-01-26 17:30:22','2021-01-26 17:30:22'),(956,69,60,2,'2021-01-26 17:30:22','2021-01-26 17:30:22'),(957,69,60,3,'2021-01-26 17:30:22','2021-01-26 17:30:22'),(958,69,60,4,'2021-01-26 17:30:22','2021-01-26 17:30:22'),(959,69,60,5,'2021-01-26 17:30:22','2021-01-26 17:30:22'),(960,69,60,6,'2021-01-26 17:30:22','2021-01-26 17:30:22'),(961,69,60,7,'2021-01-26 17:30:22','2021-01-26 17:30:22'),(962,69,60,8,'2021-01-26 17:30:22','2021-01-26 17:30:22'),(963,69,60,10,'2021-01-26 17:30:22','2021-01-26 17:30:22'),(964,69,60,14,'2021-01-26 17:30:22','2021-01-26 17:30:22'),(965,69,60,15,'2021-01-26 17:30:22','2021-01-26 17:30:22'),(966,69,60,17,'2021-01-26 17:30:22','2021-01-26 17:30:22'),(967,70,61,1,'2021-01-26 17:31:57','2021-01-26 17:31:57'),(968,70,61,2,'2021-01-26 17:31:57','2021-01-26 17:31:57'),(969,70,61,3,'2021-01-26 17:31:57','2021-01-26 17:31:57'),(970,70,61,4,'2021-01-26 17:31:57','2021-01-26 17:31:57'),(971,70,61,5,'2021-01-26 17:31:57','2021-01-26 17:31:57'),(972,70,61,6,'2021-01-26 17:31:57','2021-01-26 17:31:57'),(973,70,61,7,'2021-01-26 17:31:57','2021-01-26 17:31:57'),(974,70,61,8,'2021-01-26 17:31:57','2021-01-26 17:31:57'),(975,70,61,10,'2021-01-26 17:31:57','2021-01-26 17:31:57'),(976,70,61,14,'2021-01-26 17:31:57','2021-01-26 17:31:57'),(977,70,61,15,'2021-01-26 17:31:57','2021-01-26 17:31:57'),(978,70,61,17,'2021-01-26 17:31:57','2021-01-26 17:31:57'),(979,70,61,21,'2021-01-26 17:31:57','2021-01-26 17:31:57'),(980,70,61,22,'2021-01-26 17:31:57','2021-01-26 17:31:57'),(981,70,61,23,'2021-01-26 17:31:57','2021-01-26 17:31:57'),(982,70,61,24,'2021-01-26 17:31:57','2021-01-26 17:31:57'),(983,70,61,18,'2021-01-26 17:31:57','2021-01-26 17:31:57'),(984,72,62,1,'2021-01-27 10:33:23','2021-01-27 10:33:23'),(985,72,62,3,'2021-01-27 10:33:23','2021-01-27 10:33:23'),(986,72,62,6,'2021-01-27 10:33:23','2021-01-27 10:33:23'),(987,72,62,7,'2021-01-27 10:33:23','2021-01-27 10:33:23'),(988,72,62,8,'2021-01-27 10:33:23','2021-01-27 10:33:23'),(989,72,62,10,'2021-01-27 10:33:23','2021-01-27 10:33:23'),(990,72,62,14,'2021-01-27 10:33:23','2021-01-27 10:33:23'),(992,72,62,17,'2021-01-27 10:33:23','2021-01-27 10:33:23'),(993,73,63,1,'2021-01-27 11:27:06','2021-01-27 11:27:06'),(994,73,63,2,'2021-01-27 11:27:06','2021-01-27 11:27:06'),(995,73,63,3,'2021-01-27 11:27:06','2021-01-27 11:27:06'),(996,73,63,4,'2021-01-27 11:27:06','2021-01-27 11:27:06'),(997,73,63,5,'2021-01-27 11:27:06','2021-01-27 11:27:06'),(998,73,63,6,'2021-01-27 11:27:06','2021-01-27 11:27:06'),(999,73,63,7,'2021-01-27 11:27:06','2021-01-27 11:27:06'),(1000,73,63,8,'2021-01-27 11:27:06','2021-01-27 11:27:06'),(1001,73,63,10,'2021-01-27 11:27:06','2021-01-27 11:27:06'),(1002,73,63,14,'2021-01-27 11:27:06','2021-01-27 11:27:06'),(1003,73,63,15,'2021-01-27 11:27:06','2021-01-27 11:27:06'),(1004,73,63,16,'2021-01-27 11:27:06','2021-01-27 11:27:06'),(1005,73,63,17,'2021-01-27 11:27:06','2021-01-27 11:27:06'),(1006,72,62,15,'2021-02-04 16:14:57','2021-02-04 16:14:57'),(1007,77,64,1,'2021-02-07 08:19:30','2021-02-07 08:19:30'),(1008,77,64,2,'2021-02-07 08:19:30','2021-02-07 08:19:30'),(1009,77,64,4,'2021-02-07 08:19:30','2021-02-07 08:19:30'),(1010,77,64,6,'2021-02-07 08:19:30','2021-02-07 08:19:30'),(1011,77,64,7,'2021-02-07 08:19:30','2021-02-07 08:19:30'),(1012,77,64,8,'2021-02-07 08:19:30','2021-02-07 08:19:30'),(1013,77,64,10,'2021-02-07 08:19:30','2021-02-07 08:19:30'),(1014,77,64,14,'2021-02-07 08:19:30','2021-02-07 08:19:30'),(1015,77,64,17,'2021-02-07 08:19:30','2021-02-07 08:19:30'),(1016,82,65,1,'2021-02-12 16:24:53','2021-02-12 16:24:53'),(1017,82,65,2,'2021-02-12 16:24:53','2021-02-12 16:24:53'),(1018,82,65,3,'2021-02-12 16:24:53','2021-02-12 16:24:53'),(1019,82,65,4,'2021-02-12 16:24:53','2021-02-12 16:24:53'),(1020,82,65,5,'2021-02-12 16:24:53','2021-02-12 16:24:53'),(1021,82,65,6,'2021-02-12 16:24:53','2021-02-12 16:24:53'),(1022,82,65,7,'2021-02-12 16:24:53','2021-02-12 16:24:53'),(1023,82,65,8,'2021-02-12 16:24:53','2021-02-12 16:24:53'),(1024,82,65,10,'2021-02-12 16:24:53','2021-02-12 16:24:53'),(1025,82,65,14,'2021-02-12 16:24:53','2021-02-12 16:24:53'),(1026,82,65,15,'2021-02-12 16:24:53','2021-02-12 16:24:53'),(1027,82,65,17,'2021-02-12 16:24:53','2021-02-12 16:24:53'),(1028,82,65,21,'2021-02-12 16:24:53','2021-02-12 16:24:53'),(1029,82,65,22,'2021-02-12 16:24:53','2021-02-12 16:24:53'),(1030,82,65,23,'2021-02-12 16:24:53','2021-02-12 16:24:53'),(1031,83,66,1,'2021-02-13 14:56:19','2021-02-13 14:56:19'),(1032,83,66,3,'2021-02-13 14:56:19','2021-02-13 14:56:19'),(1033,83,66,6,'2021-02-13 14:56:19','2021-02-13 14:56:19'),(1034,83,66,7,'2021-02-13 14:56:19','2021-02-13 14:56:19'),(1035,83,66,8,'2021-02-13 14:56:19','2021-02-13 14:56:19'),(1036,83,66,10,'2021-02-13 14:56:19','2021-02-13 14:56:19'),(1037,83,66,14,'2021-02-13 14:56:19','2021-02-13 14:56:19'),(1038,83,66,15,'2021-02-13 14:56:19','2021-02-13 14:56:19'),(1039,83,66,17,'2021-02-13 14:56:19','2021-02-13 14:56:19'),(1040,84,67,1,'2021-02-13 14:58:19','2021-02-13 14:58:19'),(1041,84,67,2,'2021-02-13 14:58:19','2021-02-13 14:58:19'),(1042,84,67,3,'2021-02-13 14:58:19','2021-02-13 14:58:19'),(1043,84,67,4,'2021-02-13 14:58:19','2021-02-13 14:58:19'),(1044,84,67,5,'2021-02-13 14:58:19','2021-02-13 14:58:19'),(1045,84,67,6,'2021-02-13 14:58:19','2021-02-13 14:58:19'),(1046,84,67,7,'2021-02-13 14:58:19','2021-02-13 14:58:19'),(1047,84,67,8,'2021-02-13 14:58:19','2021-02-13 14:58:19'),(1048,84,67,10,'2021-02-13 14:58:19','2021-02-13 14:58:19'),(1049,84,67,14,'2021-02-13 14:58:19','2021-02-13 14:58:19'),(1050,84,67,15,'2021-02-13 14:58:19','2021-02-13 14:58:19'),(1051,84,67,17,'2021-02-13 14:58:19','2021-02-13 14:58:19'),(1052,85,68,1,'2021-02-13 15:00:15','2021-02-13 15:00:15'),(1053,85,68,2,'2021-02-13 15:00:15','2021-02-13 15:00:15'),(1054,85,68,3,'2021-02-13 15:00:15','2021-02-13 15:00:15'),(1055,85,68,4,'2021-02-13 15:00:16','2021-02-13 15:00:16'),(1056,85,68,5,'2021-02-13 15:00:16','2021-02-13 15:00:16'),(1057,85,68,6,'2021-02-13 15:00:16','2021-02-13 15:00:16'),(1058,85,68,7,'2021-02-13 15:00:16','2021-02-13 15:00:16'),(1059,85,68,8,'2021-02-13 15:00:16','2021-02-13 15:00:16'),(1060,85,68,10,'2021-02-13 15:00:16','2021-02-13 15:00:16'),(1061,85,68,14,'2021-02-13 15:00:16','2021-02-13 15:00:16'),(1062,85,68,15,'2021-02-13 15:00:16','2021-02-13 15:00:16'),(1063,85,68,17,'2021-02-13 15:00:16','2021-02-13 15:00:16'),(1064,85,68,21,'2021-02-13 15:00:16','2021-02-13 15:00:16'),(1065,85,68,22,'2021-02-13 15:00:16','2021-02-13 15:00:16'),(1066,85,68,23,'2021-02-13 15:00:16','2021-02-13 15:00:16'),(1067,85,68,24,'2021-02-13 15:00:16','2021-02-13 15:00:16'),(1068,86,69,1,'2021-02-13 15:01:56','2021-02-13 15:01:56'),(1069,86,69,2,'2021-02-13 15:01:56','2021-02-13 15:01:56'),(1070,86,69,3,'2021-02-13 15:01:56','2021-02-13 15:01:56'),(1071,86,69,4,'2021-02-13 15:01:56','2021-02-13 15:01:56'),(1072,86,69,5,'2021-02-13 15:01:56','2021-02-13 15:01:56'),(1073,86,69,6,'2021-02-13 15:01:56','2021-02-13 15:01:56'),(1074,86,69,7,'2021-02-13 15:01:56','2021-02-13 15:01:56'),(1075,86,69,8,'2021-02-13 15:01:56','2021-02-13 15:01:56'),(1076,86,69,10,'2021-02-13 15:01:56','2021-02-13 15:01:56'),(1077,86,69,14,'2021-02-13 15:01:56','2021-02-13 15:01:56'),(1078,86,69,15,'2021-02-13 15:01:56','2021-02-13 15:01:56'),(1079,86,69,16,'2021-02-13 15:01:56','2021-02-13 15:01:56'),(1080,86,69,17,'2021-02-13 15:01:56','2021-02-13 15:01:56'),(1081,86,69,19,'2021-02-13 15:01:56','2021-02-13 15:01:56'),(1082,86,69,20,'2021-02-13 15:01:56','2021-02-13 15:01:56'),(1083,86,69,21,'2021-02-13 15:01:56','2021-02-13 15:01:56'),(1084,86,69,22,'2021-02-13 15:01:56','2021-02-13 15:01:56'),(1085,86,69,23,'2021-02-13 15:01:56','2021-02-13 15:01:56'),(1086,86,69,24,'2021-02-13 15:01:56','2021-02-13 15:01:56'),(1087,86,69,18,'2021-02-13 15:01:56','2021-02-13 15:01:56');
/*!40000 ALTER TABLE `role_modules` ENABLE KEYS */;
UNLOCK TABLES;

--
-- Table structure for table `role_permissions`
--

DROP TABLE IF EXISTS `role_permissions`;
/*!40101 SET @saved_cs_client     = @@character_set_client */;
/*!40101 SET character_set_client = utf8 */;
CREATE TABLE `role_permissions` (
  `id` int(10) unsigned NOT NULL AUTO_INCREMENT,
  `role_id` int(10) unsigned NOT NULL,
  `company_id` int(11) DEFAULT NULL,
  `permission_id` int(10) unsigned NOT NULL,
  `created_at` timestamp NULL DEFAULT NULL,
  `updated_at` timestamp NULL DEFAULT NULL,
  PRIMARY KEY (`id`),
  KEY `role_permissions_role_id_foreign` (`role_id`),
  KEY `role_permissions_permission_id_foreign` (`permission_id`),
  CONSTRAINT `role_permissions_permission_id_foreign` FOREIGN KEY (`permission_id`) REFERENCES `permissions` (`id`) ON DELETE CASCADE ON UPDATE CASCADE,
  CONSTRAINT `role_permissions_role_id_foreign` FOREIGN KEY (`role_id`) REFERENCES `roles` (`id`) ON DELETE CASCADE ON UPDATE CASCADE
) ENGINE=InnoDB AUTO_INCREMENT=6267 DEFAULT CHARSET=utf8mb4 COLLATE=utf8mb4_unicode_ci;
/*!40101 SET character_set_client = @saved_cs_client */;

--
-- Dumping data for table `role_permissions`
--

LOCK TABLES `role_permissions` WRITE;
/*!40000 ALTER TABLE `role_permissions` DISABLE KEYS */;
INSERT INTO `role_permissions` VALUES (3656,28,NULL,1,'2021-01-21 18:12:52','2021-01-21 18:12:52'),(3657,28,NULL,2,'2021-01-21 18:12:52','2021-01-21 18:12:52'),(3658,28,NULL,3,'2021-01-21 18:12:52','2021-01-21 18:12:52'),(3659,28,NULL,4,'2021-01-21 18:12:52','2021-01-21 18:12:52'),(3660,28,NULL,5,'2021-01-21 18:12:52','2021-01-21 18:12:52'),(3661,28,NULL,6,'2021-01-21 18:12:52','2021-01-21 18:12:52'),(3662,28,NULL,7,'2021-01-21 18:12:52','2021-01-21 18:12:52'),(3663,28,NULL,8,'2021-01-21 18:12:52','2021-01-21 18:12:52'),(3664,28,NULL,9,'2021-01-21 18:12:52','2021-01-21 18:12:52'),(3665,28,NULL,10,'2021-01-21 18:12:52','2021-01-21 18:12:52'),(3666,28,NULL,11,'2021-01-21 18:12:52','2021-01-21 18:12:52'),(3667,28,NULL,12,'2021-01-21 18:12:52','2021-01-21 18:12:52'),(3668,28,NULL,13,'2021-01-21 18:12:52','2021-01-21 18:12:52'),(3669,28,NULL,14,'2021-01-21 18:12:52','2021-01-21 18:12:52'),(3670,28,NULL,15,'2021-01-21 18:12:52','2021-01-21 18:12:52'),(3671,28,NULL,16,'2021-01-21 18:12:52','2021-01-21 18:12:52'),(3672,28,NULL,17,'2021-01-21 18:12:53','2021-01-21 18:12:53'),(3673,28,NULL,18,'2021-01-21 18:12:53','2021-01-21 18:12:53'),(3674,28,NULL,19,'2021-01-21 18:12:53','2021-01-21 18:12:53'),(3675,28,NULL,20,'2021-01-21 18:12:53','2021-01-21 18:12:53'),(3676,28,NULL,25,'2021-01-21 18:12:53','2021-01-21 18:12:53'),(3677,28,NULL,26,'2021-01-21 18:12:53','2021-01-21 18:12:53'),(3678,28,NULL,30,'2021-01-21 18:12:53','2021-01-21 18:12:53'),(3679,28,NULL,31,'2021-01-21 18:12:53','2021-01-21 18:12:53'),(3680,28,NULL,32,'2021-01-21 18:12:53','2021-01-21 18:12:53'),(3681,28,NULL,33,'2021-01-21 18:12:53','2021-01-21 18:12:53'),(3682,28,NULL,34,'2021-01-21 18:12:53','2021-01-21 18:12:53'),(3683,28,NULL,35,'2021-01-21 18:12:53','2021-01-21 18:12:53'),(3684,28,NULL,36,'2021-01-21 18:12:53','2021-01-21 18:12:53'),(3685,28,NULL,37,'2021-01-21 18:12:53','2021-01-21 18:12:53'),(3686,28,NULL,45,'2021-01-21 18:12:53','2021-01-21 18:12:53'),(3687,28,NULL,46,'2021-01-21 18:12:53','2021-01-21 18:12:53'),(3688,28,NULL,47,'2021-01-21 18:12:53','2021-01-21 18:12:53'),(3689,28,NULL,48,'2021-01-21 18:12:53','2021-01-21 18:12:53'),(3690,28,NULL,49,'2021-01-21 18:12:53','2021-01-21 18:12:53'),(3691,28,NULL,50,'2021-01-21 18:12:53','2021-01-21 18:12:53'),(3692,28,NULL,51,'2021-01-21 18:12:53','2021-01-21 18:12:53'),(3693,28,NULL,52,'2021-01-21 18:12:53','2021-01-21 18:12:53'),(3694,28,NULL,53,'2021-01-21 18:12:53','2021-01-21 18:12:53'),(3695,28,NULL,54,'2021-01-21 18:12:53','2021-01-21 18:12:53'),(3696,28,NULL,55,'2021-01-21 18:12:54','2021-01-21 18:12:54'),(3697,28,NULL,56,'2021-01-21 18:12:54','2021-01-21 18:12:54'),(3698,28,NULL,57,'2021-01-21 18:12:54','2021-01-21 18:12:54'),(3699,28,NULL,58,'2021-01-21 18:12:54','2021-01-21 18:12:54'),(3700,28,NULL,59,'2021-01-21 18:12:54','2021-01-21 18:12:54'),(3701,28,NULL,60,'2021-01-21 18:12:54','2021-01-21 18:12:54'),(3702,28,NULL,61,'2021-01-21 18:12:54','2021-01-21 18:12:54'),(3703,28,NULL,62,'2021-01-21 18:12:54','2021-01-21 18:12:54'),(3704,28,NULL,63,'2021-01-21 18:12:54','2021-01-21 18:12:54'),(3705,28,NULL,64,'2021-01-21 18:12:54','2021-01-21 18:12:54'),(3706,28,NULL,65,'2021-01-21 18:12:54','2021-01-21 18:12:54'),(3707,28,NULL,66,'2021-01-21 18:12:54','2021-01-21 18:12:54'),(3708,28,NULL,67,'2021-01-21 18:12:54','2021-01-21 18:12:54'),(3709,28,NULL,68,'2021-01-21 18:12:54','2021-01-21 18:12:54'),(3710,28,NULL,69,'2021-01-21 18:12:54','2021-01-21 18:12:54'),(3711,28,NULL,70,'2021-01-21 18:12:54','2021-01-21 18:12:54'),(3712,28,NULL,71,'2021-01-21 18:12:54','2021-01-21 18:12:54'),(3713,28,NULL,72,'2021-01-21 18:12:54','2021-01-21 18:12:54'),(3714,28,NULL,73,'2021-01-21 18:12:54','2021-01-21 18:12:54'),(3715,28,NULL,75,'2021-01-21 18:12:54','2021-01-21 18:12:54'),(3716,28,NULL,76,'2021-01-21 18:12:54','2021-01-21 18:12:54'),(3717,28,NULL,77,'2021-01-21 18:12:54','2021-01-21 18:12:54'),(3718,28,NULL,78,'2021-01-21 18:12:55','2021-01-21 18:12:55'),(3719,28,NULL,79,'2021-01-21 18:12:55','2021-01-21 18:12:55'),(3720,28,NULL,80,'2021-01-21 18:12:55','2021-01-21 18:12:55'),(3721,28,NULL,81,'2021-01-21 18:12:55','2021-01-21 18:12:55'),(3722,29,21,1,'2021-01-21 18:43:56','2021-01-21 18:43:56'),(3723,29,21,2,'2021-01-21 18:43:56','2021-01-21 18:43:56'),(3724,29,21,3,'2021-01-21 18:43:56','2021-01-21 18:43:56'),(3725,29,21,4,'2021-01-21 18:43:56','2021-01-21 18:43:56'),(3726,29,21,5,'2021-01-21 18:43:56','2021-01-21 18:43:56'),(3727,29,21,6,'2021-01-21 18:43:56','2021-01-21 18:43:56'),(3728,29,21,7,'2021-01-21 18:43:57','2021-01-21 18:43:57'),(3729,29,21,8,'2021-01-21 18:43:57','2021-01-21 18:43:57'),(3730,29,21,9,'2021-01-21 18:43:57','2021-01-21 18:43:57'),(3731,29,21,10,'2021-01-21 18:43:57','2021-01-21 18:43:57'),(3732,29,21,11,'2021-01-21 18:43:57','2021-01-21 18:43:57'),(3733,29,21,12,'2021-01-21 18:43:57','2021-01-21 18:43:57'),(3734,29,21,13,'2021-01-21 18:43:57','2021-01-21 18:43:57'),(3735,29,21,14,'2021-01-21 18:43:57','2021-01-21 18:43:57'),(3736,29,21,15,'2021-01-21 18:43:57','2021-01-21 18:43:57'),(3737,29,21,16,'2021-01-21 18:43:57','2021-01-21 18:43:57'),(3738,29,21,17,'2021-01-21 18:43:57','2021-01-21 18:43:57'),(3739,29,21,18,'2021-01-21 18:43:57','2021-01-21 18:43:57'),(3740,29,21,19,'2021-01-21 18:43:57','2021-01-21 18:43:57'),(3741,29,21,20,'2021-01-21 18:43:57','2021-01-21 18:43:57'),(3742,29,21,25,'2021-01-21 18:43:57','2021-01-21 18:43:57'),(3743,29,21,26,'2021-01-21 18:43:57','2021-01-21 18:43:57'),(3744,29,21,30,'2021-01-21 18:43:57','2021-01-21 18:43:57'),(3745,29,21,31,'2021-01-21 18:43:57','2021-01-21 18:43:57'),(3746,29,21,32,'2021-01-21 18:43:57','2021-01-21 18:43:57'),(3747,29,21,33,'2021-01-21 18:43:57','2021-01-21 18:43:57'),(3748,29,21,34,'2021-01-21 18:43:57','2021-01-21 18:43:57'),(3749,29,21,35,'2021-01-21 18:43:57','2021-01-21 18:43:57'),(3750,29,21,36,'2021-01-21 18:43:57','2021-01-21 18:43:57'),(3751,29,21,37,'2021-01-21 18:43:57','2021-01-21 18:43:57'),(3752,29,21,45,'2021-01-21 18:43:57','2021-01-21 18:43:57'),(3753,29,21,46,'2021-01-21 18:43:57','2021-01-21 18:43:57'),(3754,29,21,47,'2021-01-21 18:43:57','2021-01-21 18:43:57'),(3755,29,21,48,'2021-01-21 18:43:57','2021-01-21 18:43:57'),(3756,29,21,49,'2021-01-21 18:43:57','2021-01-21 18:43:57'),(3757,29,21,50,'2021-01-21 18:43:58','2021-01-21 18:43:58'),(3758,29,21,51,'2021-01-21 18:43:58','2021-01-21 18:43:58'),(3759,29,21,52,'2021-01-21 18:43:58','2021-01-21 18:43:58'),(3760,29,21,53,'2021-01-21 18:43:58','2021-01-21 18:43:58'),(3761,29,21,54,'2021-01-21 18:43:58','2021-01-21 18:43:58'),(3762,29,21,55,'2021-01-21 18:43:58','2021-01-21 18:43:58'),(3763,29,21,56,'2021-01-21 18:43:58','2021-01-21 18:43:58'),(3764,29,21,57,'2021-01-21 18:43:58','2021-01-21 18:43:58'),(3765,29,21,58,'2021-01-21 18:43:58','2021-01-21 18:43:58'),(3766,29,21,59,'2021-01-21 18:43:58','2021-01-21 18:43:58'),(3767,29,21,60,'2021-01-21 18:43:58','2021-01-21 18:43:58'),(3768,29,21,61,'2021-01-21 18:43:58','2021-01-21 18:43:58'),(3769,29,21,62,'2021-01-21 18:43:58','2021-01-21 18:43:58'),(3770,29,21,63,'2021-01-21 18:43:58','2021-01-21 18:43:58'),(3771,29,21,64,'2021-01-21 18:43:58','2021-01-21 18:43:58'),(3772,29,21,65,'2021-01-21 18:43:58','2021-01-21 18:43:58'),(3773,29,21,66,'2021-01-21 18:43:58','2021-01-21 18:43:58'),(3774,29,21,67,'2021-01-21 18:43:58','2021-01-21 18:43:58'),(3775,29,21,68,'2021-01-21 18:43:58','2021-01-21 18:43:58'),(3776,29,21,69,'2021-01-21 18:43:58','2021-01-21 18:43:58'),(3777,29,21,70,'2021-01-21 18:43:58','2021-01-21 18:43:58'),(3778,29,21,71,'2021-01-21 18:43:58','2021-01-21 18:43:58'),(3779,29,21,72,'2021-01-21 18:43:58','2021-01-21 18:43:58'),(3780,29,21,73,'2021-01-21 18:43:58','2021-01-21 18:43:58'),(3781,29,21,74,'2021-01-21 18:43:58','2021-01-21 18:43:58'),(3782,29,21,75,'2021-01-21 18:43:58','2021-01-21 18:43:58'),(3783,29,21,76,'2021-01-21 18:43:58','2021-01-21 18:43:58'),(3784,29,21,77,'2021-01-21 18:43:58','2021-01-21 18:43:58'),(3785,29,21,78,'2021-01-21 18:43:58','2021-01-21 18:43:58'),(3786,29,21,79,'2021-01-21 18:43:58','2021-01-21 18:43:58'),(3787,29,21,80,'2021-01-21 18:43:58','2021-01-21 18:43:58'),(3788,29,21,81,'2021-01-21 18:43:59','2021-01-21 18:43:59'),(3789,30,NULL,54,'2021-01-22 03:28:28','2021-01-22 03:28:28'),(3790,31,22,1,'2021-01-22 06:35:49','2021-01-22 06:35:49'),(3791,31,22,2,'2021-01-22 06:35:49','2021-01-22 06:35:49'),(3792,31,22,3,'2021-01-22 06:35:49','2021-01-22 06:35:49'),(3793,31,22,4,'2021-01-22 06:35:49','2021-01-22 06:35:49'),(3794,31,22,5,'2021-01-22 06:35:49','2021-01-22 06:35:49'),(3795,31,22,6,'2021-01-22 06:35:49','2021-01-22 06:35:49'),(3796,31,22,7,'2021-01-22 06:35:49','2021-01-22 06:35:49'),(3797,31,22,8,'2021-01-22 06:35:50','2021-01-22 06:35:50'),(3798,31,22,9,'2021-01-22 06:35:50','2021-01-22 06:35:50'),(3799,31,22,10,'2021-01-22 06:35:50','2021-01-22 06:35:50'),(3800,31,22,11,'2021-01-22 06:35:50','2021-01-22 06:35:50'),(3801,31,22,12,'2021-01-22 06:35:50','2021-01-22 06:35:50'),(3802,31,22,13,'2021-01-22 06:35:50','2021-01-22 06:35:50'),(3803,31,22,14,'2021-01-22 06:35:50','2021-01-22 06:35:50'),(3804,31,22,15,'2021-01-22 06:35:50','2021-01-22 06:35:50'),(3805,31,22,16,'2021-01-22 06:35:50','2021-01-22 06:35:50'),(3806,31,22,17,'2021-01-22 06:35:50','2021-01-22 06:35:50'),(3807,31,22,18,'2021-01-22 06:35:50','2021-01-22 06:35:50'),(3808,31,22,19,'2021-01-22 06:35:50','2021-01-22 06:35:50'),(3809,31,22,20,'2021-01-22 06:35:50','2021-01-22 06:35:50'),(3810,31,22,25,'2021-01-22 06:35:50','2021-01-22 06:35:50'),(3811,31,22,26,'2021-01-22 06:35:50','2021-01-22 06:35:50'),(3812,31,22,30,'2021-01-22 06:35:50','2021-01-22 06:35:50'),(3813,31,22,31,'2021-01-22 06:35:50','2021-01-22 06:35:50'),(3814,31,22,32,'2021-01-22 06:35:50','2021-01-22 06:35:50'),(3815,31,22,33,'2021-01-22 06:35:50','2021-01-22 06:35:50'),(3816,31,22,34,'2021-01-22 06:35:50','2021-01-22 06:35:50'),(3817,31,22,35,'2021-01-22 06:35:50','2021-01-22 06:35:50'),(3818,31,22,36,'2021-01-22 06:35:50','2021-01-22 06:35:50'),(3819,31,22,37,'2021-01-22 06:35:50','2021-01-22 06:35:50'),(3820,31,22,45,'2021-01-22 06:35:50','2021-01-22 06:35:50'),(3821,31,22,46,'2021-01-22 06:35:50','2021-01-22 06:35:50'),(3822,31,22,47,'2021-01-22 06:35:51','2021-01-22 06:35:51'),(3823,31,22,48,'2021-01-22 06:35:51','2021-01-22 06:35:51'),(3824,31,22,49,'2021-01-22 06:35:51','2021-01-22 06:35:51'),(3825,31,22,50,'2021-01-22 06:35:51','2021-01-22 06:35:51'),(3826,31,22,51,'2021-01-22 06:35:51','2021-01-22 06:35:51'),(3827,31,22,52,'2021-01-22 06:35:51','2021-01-22 06:35:51'),(3828,31,22,53,'2021-01-22 06:35:51','2021-01-22 06:35:51'),(3829,31,22,54,'2021-01-22 06:35:51','2021-01-22 06:35:51'),(3830,31,22,55,'2021-01-22 06:35:51','2021-01-22 06:35:51'),(3831,31,22,56,'2021-01-22 06:35:51','2021-01-22 06:35:51'),(3832,31,22,57,'2021-01-22 06:35:51','2021-01-22 06:35:51'),(3833,31,22,58,'2021-01-22 06:35:51','2021-01-22 06:35:51'),(3834,31,22,59,'2021-01-22 06:35:51','2021-01-22 06:35:51'),(3835,31,22,60,'2021-01-22 06:35:51','2021-01-22 06:35:51'),(3836,31,22,61,'2021-01-22 06:35:51','2021-01-22 06:35:51'),(3837,31,22,62,'2021-01-22 06:35:51','2021-01-22 06:35:51'),(3838,31,22,63,'2021-01-22 06:35:51','2021-01-22 06:35:51'),(3839,31,22,64,'2021-01-22 06:35:51','2021-01-22 06:35:51'),(3840,31,22,65,'2021-01-22 06:35:51','2021-01-22 06:35:51'),(3841,31,22,66,'2021-01-22 06:35:51','2021-01-22 06:35:51'),(3842,31,22,67,'2021-01-22 06:35:51','2021-01-22 06:35:51'),(3843,31,22,68,'2021-01-22 06:35:51','2021-01-22 06:35:51'),(3844,31,22,69,'2021-01-22 06:35:51','2021-01-22 06:35:51'),(3845,31,22,70,'2021-01-22 06:35:51','2021-01-22 06:35:51'),(3846,31,22,71,'2021-01-22 06:35:51','2021-01-22 06:35:51'),(3847,31,22,72,'2021-01-22 06:35:52','2021-01-22 06:35:52'),(3848,31,22,73,'2021-01-22 06:35:52','2021-01-22 06:35:52'),(3849,31,22,74,'2021-01-22 06:35:52','2021-01-22 06:35:52'),(3850,31,22,75,'2021-01-22 06:35:52','2021-01-22 06:35:52'),(3851,31,22,76,'2021-01-22 06:35:52','2021-01-22 06:35:52'),(3852,31,22,77,'2021-01-22 06:35:52','2021-01-22 06:35:52'),(3853,31,22,78,'2021-01-22 06:35:52','2021-01-22 06:35:52'),(3854,31,22,79,'2021-01-22 06:35:52','2021-01-22 06:35:52'),(3855,31,22,80,'2021-01-22 06:35:52','2021-01-22 06:35:52'),(3856,31,22,81,'2021-01-22 06:35:52','2021-01-22 06:35:52'),(3857,33,24,1,'2021-01-22 21:43:48','2021-01-22 21:43:48'),(3858,33,24,2,'2021-01-22 21:43:48','2021-01-22 21:43:48'),(3859,33,24,3,'2021-01-22 21:43:48','2021-01-22 21:43:48'),(3860,33,24,4,'2021-01-22 21:43:48','2021-01-22 21:43:48'),(3861,33,24,5,'2021-01-22 21:43:48','2021-01-22 21:43:48'),(3862,33,24,6,'2021-01-22 21:43:48','2021-01-22 21:43:48'),(3863,33,24,7,'2021-01-22 21:43:48','2021-01-22 21:43:48'),(3864,33,24,8,'2021-01-22 21:43:48','2021-01-22 21:43:48'),(3865,33,24,13,'2021-01-22 21:43:48','2021-01-22 21:43:48'),(3866,33,24,14,'2021-01-22 21:43:48','2021-01-22 21:43:48'),(3867,33,24,15,'2021-01-22 21:43:48','2021-01-22 21:43:48'),(3868,33,24,16,'2021-01-22 21:43:48','2021-01-22 21:43:48'),(3869,33,24,17,'2021-01-22 21:43:48','2021-01-22 21:43:48'),(3870,33,24,18,'2021-01-22 21:43:48','2021-01-22 21:43:48'),(3871,33,24,19,'2021-01-22 21:43:48','2021-01-22 21:43:48'),(3872,33,24,20,'2021-01-22 21:43:48','2021-01-22 21:43:48'),(3873,33,24,25,'2021-01-22 21:43:48','2021-01-22 21:43:48'),(3874,33,24,26,'2021-01-22 21:43:48','2021-01-22 21:43:48'),(3875,33,24,30,'2021-01-22 21:43:48','2021-01-22 21:43:48'),(3876,33,24,31,'2021-01-22 21:43:48','2021-01-22 21:43:48'),(3877,33,24,32,'2021-01-22 21:43:48','2021-01-22 21:43:48'),(3878,33,24,33,'2021-01-22 21:43:48','2021-01-22 21:43:48'),(3879,33,24,34,'2021-01-22 21:43:48','2021-01-22 21:43:48'),(3880,33,24,35,'2021-01-22 21:43:48','2021-01-22 21:43:48'),(3881,33,24,36,'2021-01-22 21:43:48','2021-01-22 21:43:48'),(3882,33,24,37,'2021-01-22 21:43:48','2021-01-22 21:43:48'),(3883,33,24,45,'2021-01-22 21:43:48','2021-01-22 21:43:48'),(3884,33,24,46,'2021-01-22 21:43:48','2021-01-22 21:43:48'),(3885,33,24,47,'2021-01-22 21:43:48','2021-01-22 21:43:48'),(3886,33,24,48,'2021-01-22 21:43:48','2021-01-22 21:43:48'),(3887,33,24,50,'2021-01-22 21:43:48','2021-01-22 21:43:48'),(3888,33,24,51,'2021-01-22 21:43:48','2021-01-22 21:43:48'),(3889,33,24,52,'2021-01-22 21:43:48','2021-01-22 21:43:48'),(3890,33,24,53,'2021-01-22 21:43:48','2021-01-22 21:43:48'),(3891,33,24,54,'2021-01-22 21:43:48','2021-01-22 21:43:48'),(3892,33,24,55,'2021-01-22 21:43:48','2021-01-22 21:43:48'),(3893,33,24,56,'2021-01-22 21:43:48','2021-01-22 21:43:48'),(3894,33,24,57,'2021-01-22 21:43:48','2021-01-22 21:43:48'),(3895,33,24,77,'2021-01-22 21:43:48','2021-01-22 21:43:48'),(3896,33,24,78,'2021-01-22 21:43:48','2021-01-22 21:43:48'),(3897,33,24,79,'2021-01-22 21:43:48','2021-01-22 21:43:48'),(3898,33,24,80,'2021-01-22 21:43:48','2021-01-22 21:43:48'),(3899,33,24,81,'2021-01-22 21:43:48','2021-01-22 21:43:48'),(3900,34,25,1,'2021-01-22 21:47:42','2021-01-22 21:47:42'),(3901,34,25,2,'2021-01-22 21:47:42','2021-01-22 21:47:42'),(3902,34,25,3,'2021-01-22 21:47:42','2021-01-22 21:47:42'),(3903,34,25,4,'2021-01-22 21:47:42','2021-01-22 21:47:42'),(3904,34,25,5,'2021-01-22 21:47:42','2021-01-22 21:47:42'),(3905,34,25,6,'2021-01-22 21:47:42','2021-01-22 21:47:42'),(3906,34,25,7,'2021-01-22 21:47:42','2021-01-22 21:47:42'),(3907,34,25,8,'2021-01-22 21:47:42','2021-01-22 21:47:42'),(3908,34,25,13,'2021-01-22 21:47:42','2021-01-22 21:47:42'),(3909,34,25,14,'2021-01-22 21:47:42','2021-01-22 21:47:42'),(3910,34,25,15,'2021-01-22 21:47:42','2021-01-22 21:47:42'),(3911,34,25,16,'2021-01-22 21:47:42','2021-01-22 21:47:42'),(3912,34,25,17,'2021-01-22 21:47:42','2021-01-22 21:47:42'),(3913,34,25,18,'2021-01-22 21:47:42','2021-01-22 21:47:42'),(3914,34,25,19,'2021-01-22 21:47:42','2021-01-22 21:47:42'),(3915,34,25,20,'2021-01-22 21:47:42','2021-01-22 21:47:42'),(3916,34,25,25,'2021-01-22 21:47:42','2021-01-22 21:47:42'),(3917,34,25,26,'2021-01-22 21:47:42','2021-01-22 21:47:42'),(3918,34,25,30,'2021-01-22 21:47:42','2021-01-22 21:47:42'),(3919,34,25,31,'2021-01-22 21:47:42','2021-01-22 21:47:42'),(3920,34,25,32,'2021-01-22 21:47:42','2021-01-22 21:47:42'),(3921,34,25,33,'2021-01-22 21:47:42','2021-01-22 21:47:42'),(3922,34,25,34,'2021-01-22 21:47:42','2021-01-22 21:47:42'),(3923,34,25,35,'2021-01-22 21:47:42','2021-01-22 21:47:42'),(3924,34,25,36,'2021-01-22 21:47:42','2021-01-22 21:47:42'),(3925,34,25,37,'2021-01-22 21:47:42','2021-01-22 21:47:42'),(3926,34,25,45,'2021-01-22 21:47:42','2021-01-22 21:47:42'),(3927,34,25,46,'2021-01-22 21:47:42','2021-01-22 21:47:42'),(3928,34,25,47,'2021-01-22 21:47:42','2021-01-22 21:47:42'),(3929,34,25,48,'2021-01-22 21:47:42','2021-01-22 21:47:42'),(3930,34,25,50,'2021-01-22 21:47:42','2021-01-22 21:47:42'),(3931,34,25,51,'2021-01-22 21:47:42','2021-01-22 21:47:42'),(3932,34,25,52,'2021-01-22 21:47:42','2021-01-22 21:47:42'),(3933,34,25,53,'2021-01-22 21:47:42','2021-01-22 21:47:42'),(3934,34,25,54,'2021-01-22 21:47:42','2021-01-22 21:47:42'),(3935,34,25,55,'2021-01-22 21:47:42','2021-01-22 21:47:42'),(3936,34,25,56,'2021-01-22 21:47:42','2021-01-22 21:47:42'),(3937,34,25,57,'2021-01-22 21:47:42','2021-01-22 21:47:42'),(3938,34,25,65,'2021-01-22 21:47:42','2021-01-22 21:47:42'),(3939,34,25,66,'2021-01-22 21:47:42','2021-01-22 21:47:42'),(3940,34,25,67,'2021-01-22 21:47:42','2021-01-22 21:47:42'),(3941,34,25,68,'2021-01-22 21:47:42','2021-01-22 21:47:42'),(3942,34,25,69,'2021-01-22 21:47:42','2021-01-22 21:47:42'),(3943,34,25,70,'2021-01-22 21:47:42','2021-01-22 21:47:42'),(3944,34,25,71,'2021-01-22 21:47:42','2021-01-22 21:47:42'),(3945,34,25,72,'2021-01-22 21:47:42','2021-01-22 21:47:42'),(3946,34,25,73,'2021-01-22 21:47:42','2021-01-22 21:47:42'),(3947,34,25,74,'2021-01-22 21:47:42','2021-01-22 21:47:42'),(3948,34,25,75,'2021-01-22 21:47:42','2021-01-22 21:47:42'),(3949,34,25,76,'2021-01-22 21:47:42','2021-01-22 21:47:42'),(3950,34,25,77,'2021-01-22 21:47:42','2021-01-22 21:47:42'),(3951,34,25,78,'2021-01-22 21:47:42','2021-01-22 21:47:42'),(3952,34,25,79,'2021-01-22 21:47:42','2021-01-22 21:47:42'),(3953,34,25,80,'2021-01-22 21:47:42','2021-01-22 21:47:42'),(3954,34,25,81,'2021-01-22 21:47:42','2021-01-22 21:47:42'),(3955,35,26,1,'2021-01-22 21:50:01','2021-01-22 21:50:01'),(3956,35,26,2,'2021-01-22 21:50:01','2021-01-22 21:50:01'),(3957,35,26,3,'2021-01-22 21:50:01','2021-01-22 21:50:01'),(3958,35,26,4,'2021-01-22 21:50:01','2021-01-22 21:50:01'),(3959,35,26,5,'2021-01-22 21:50:01','2021-01-22 21:50:01'),(3960,35,26,6,'2021-01-22 21:50:01','2021-01-22 21:50:01'),(3961,35,26,7,'2021-01-22 21:50:01','2021-01-22 21:50:01'),(3962,35,26,8,'2021-01-22 21:50:01','2021-01-22 21:50:01'),(3963,35,26,9,'2021-01-22 21:50:01','2021-01-22 21:50:01'),(3964,35,26,10,'2021-01-22 21:50:01','2021-01-22 21:50:01'),(3965,35,26,11,'2021-01-22 21:50:01','2021-01-22 21:50:01'),(3966,35,26,12,'2021-01-22 21:50:01','2021-01-22 21:50:01'),(3967,35,26,13,'2021-01-22 21:50:01','2021-01-22 21:50:01'),(3968,35,26,14,'2021-01-22 21:50:01','2021-01-22 21:50:01'),(3969,35,26,15,'2021-01-22 21:50:01','2021-01-22 21:50:01'),(3970,35,26,16,'2021-01-22 21:50:01','2021-01-22 21:50:01'),(3971,35,26,17,'2021-01-22 21:50:01','2021-01-22 21:50:01'),(3972,35,26,18,'2021-01-22 21:50:01','2021-01-22 21:50:01'),(3973,35,26,19,'2021-01-22 21:50:01','2021-01-22 21:50:01'),(3974,35,26,20,'2021-01-22 21:50:01','2021-01-22 21:50:01'),(3975,35,26,25,'2021-01-22 21:50:01','2021-01-22 21:50:01'),(3976,35,26,26,'2021-01-22 21:50:01','2021-01-22 21:50:01'),(3977,35,26,30,'2021-01-22 21:50:01','2021-01-22 21:50:01'),(3978,35,26,31,'2021-01-22 21:50:01','2021-01-22 21:50:01'),(3979,35,26,32,'2021-01-22 21:50:01','2021-01-22 21:50:01'),(3980,35,26,33,'2021-01-22 21:50:01','2021-01-22 21:50:01'),(3981,35,26,34,'2021-01-22 21:50:01','2021-01-22 21:50:01'),(3982,35,26,35,'2021-01-22 21:50:01','2021-01-22 21:50:01'),(3983,35,26,36,'2021-01-22 21:50:01','2021-01-22 21:50:01'),(3984,35,26,37,'2021-01-22 21:50:01','2021-01-22 21:50:01'),(3985,35,26,45,'2021-01-22 21:50:01','2021-01-22 21:50:01'),(3986,35,26,46,'2021-01-22 21:50:01','2021-01-22 21:50:01'),(3987,35,26,47,'2021-01-22 21:50:01','2021-01-22 21:50:01'),(3988,35,26,48,'2021-01-22 21:50:01','2021-01-22 21:50:01'),(3989,35,26,49,'2021-01-22 21:50:01','2021-01-22 21:50:01'),(3990,35,26,50,'2021-01-22 21:50:01','2021-01-22 21:50:01'),(3991,35,26,51,'2021-01-22 21:50:01','2021-01-22 21:50:01'),(3992,35,26,52,'2021-01-22 21:50:01','2021-01-22 21:50:01'),(3993,35,26,53,'2021-01-22 21:50:01','2021-01-22 21:50:01'),(3994,35,26,54,'2021-01-22 21:50:01','2021-01-22 21:50:01'),(3995,35,26,55,'2021-01-22 21:50:01','2021-01-22 21:50:01'),(3996,35,26,56,'2021-01-22 21:50:01','2021-01-22 21:50:01'),(3997,35,26,57,'2021-01-22 21:50:01','2021-01-22 21:50:01'),(3998,35,26,58,'2021-01-22 21:50:01','2021-01-22 21:50:01'),(3999,35,26,59,'2021-01-22 21:50:01','2021-01-22 21:50:01'),(4000,35,26,60,'2021-01-22 21:50:01','2021-01-22 21:50:01'),(4001,35,26,61,'2021-01-22 21:50:01','2021-01-22 21:50:01'),(4002,35,26,62,'2021-01-22 21:50:01','2021-01-22 21:50:01'),(4003,35,26,63,'2021-01-22 21:50:01','2021-01-22 21:50:01'),(4004,35,26,64,'2021-01-22 21:50:01','2021-01-22 21:50:01'),(4005,35,26,65,'2021-01-22 21:50:01','2021-01-22 21:50:01'),(4006,35,26,66,'2021-01-22 21:50:01','2021-01-22 21:50:01'),(4007,35,26,67,'2021-01-22 21:50:01','2021-01-22 21:50:01'),(4008,35,26,68,'2021-01-22 21:50:01','2021-01-22 21:50:01'),(4009,35,26,69,'2021-01-22 21:50:01','2021-01-22 21:50:01'),(4010,35,26,70,'2021-01-22 21:50:01','2021-01-22 21:50:01'),(4011,35,26,71,'2021-01-22 21:50:01','2021-01-22 21:50:01'),(4012,35,26,72,'2021-01-22 21:50:01','2021-01-22 21:50:01'),(4013,35,26,73,'2021-01-22 21:50:01','2021-01-22 21:50:01'),(4014,35,26,74,'2021-01-22 21:50:01','2021-01-22 21:50:01'),(4015,35,26,75,'2021-01-22 21:50:01','2021-01-22 21:50:01'),(4016,35,26,76,'2021-01-22 21:50:01','2021-01-22 21:50:01'),(4017,35,26,77,'2021-01-22 21:50:01','2021-01-22 21:50:01'),(4018,35,26,78,'2021-01-22 21:50:01','2021-01-22 21:50:01'),(4019,35,26,79,'2021-01-22 21:50:01','2021-01-22 21:50:01'),(4020,35,26,80,'2021-01-22 21:50:01','2021-01-22 21:50:01'),(4021,35,26,81,'2021-01-22 21:50:01','2021-01-22 21:50:01'),(4022,36,27,1,'2021-01-23 08:49:01','2021-01-23 08:49:01'),(4023,36,27,2,'2021-01-23 08:49:01','2021-01-23 08:49:01'),(4024,36,27,3,'2021-01-23 08:49:01','2021-01-23 08:49:01'),(4025,36,27,4,'2021-01-23 08:49:01','2021-01-23 08:49:01'),(4026,36,27,5,'2021-01-23 08:49:01','2021-01-23 08:49:01'),(4027,36,27,6,'2021-01-23 08:49:01','2021-01-23 08:49:01'),(4028,36,27,7,'2021-01-23 08:49:01','2021-01-23 08:49:01'),(4029,36,27,8,'2021-01-23 08:49:01','2021-01-23 08:49:01'),(4030,36,27,9,'2021-01-23 08:49:01','2021-01-23 08:49:01'),(4031,36,27,10,'2021-01-23 08:49:01','2021-01-23 08:49:01'),(4032,36,27,11,'2021-01-23 08:49:01','2021-01-23 08:49:01'),(4033,36,27,12,'2021-01-23 08:49:01','2021-01-23 08:49:01'),(4034,36,27,13,'2021-01-23 08:49:01','2021-01-23 08:49:01'),(4035,36,27,14,'2021-01-23 08:49:01','2021-01-23 08:49:01'),(4036,36,27,15,'2021-01-23 08:49:01','2021-01-23 08:49:01'),(4037,36,27,16,'2021-01-23 08:49:01','2021-01-23 08:49:01'),(4038,36,27,17,'2021-01-23 08:49:01','2021-01-23 08:49:01'),(4039,36,27,18,'2021-01-23 08:49:01','2021-01-23 08:49:01'),(4040,36,27,19,'2021-01-23 08:49:01','2021-01-23 08:49:01'),(4041,36,27,20,'2021-01-23 08:49:01','2021-01-23 08:49:01'),(4042,36,27,25,'2021-01-23 08:49:01','2021-01-23 08:49:01'),(4043,36,27,26,'2021-01-23 08:49:01','2021-01-23 08:49:01'),(4044,36,27,30,'2021-01-23 08:49:01','2021-01-23 08:49:01'),(4045,36,27,31,'2021-01-23 08:49:01','2021-01-23 08:49:01'),(4046,36,27,32,'2021-01-23 08:49:01','2021-01-23 08:49:01'),(4047,36,27,33,'2021-01-23 08:49:01','2021-01-23 08:49:01'),(4048,36,27,34,'2021-01-23 08:49:01','2021-01-23 08:49:01'),(4049,36,27,35,'2021-01-23 08:49:01','2021-01-23 08:49:01'),(4050,36,27,36,'2021-01-23 08:49:01','2021-01-23 08:49:01'),(4051,36,27,37,'2021-01-23 08:49:01','2021-01-23 08:49:01'),(4052,36,27,45,'2021-01-23 08:49:01','2021-01-23 08:49:01'),(4053,36,27,46,'2021-01-23 08:49:01','2021-01-23 08:49:01'),(4054,36,27,47,'2021-01-23 08:49:01','2021-01-23 08:49:01'),(4055,36,27,48,'2021-01-23 08:49:01','2021-01-23 08:49:01'),(4056,36,27,49,'2021-01-23 08:49:01','2021-01-23 08:49:01'),(4057,36,27,50,'2021-01-23 08:49:01','2021-01-23 08:49:01'),(4058,36,27,51,'2021-01-23 08:49:01','2021-01-23 08:49:01'),(4059,36,27,52,'2021-01-23 08:49:01','2021-01-23 08:49:01'),(4060,36,27,53,'2021-01-23 08:49:01','2021-01-23 08:49:01'),(4061,36,27,54,'2021-01-23 08:49:01','2021-01-23 08:49:01'),(4062,36,27,55,'2021-01-23 08:49:01','2021-01-23 08:49:01'),(4063,36,27,56,'2021-01-23 08:49:01','2021-01-23 08:49:01'),(4064,36,27,57,'2021-01-23 08:49:01','2021-01-23 08:49:01'),(4065,36,27,58,'2021-01-23 08:49:01','2021-01-23 08:49:01'),(4066,36,27,59,'2021-01-23 08:49:01','2021-01-23 08:49:01'),(4067,36,27,60,'2021-01-23 08:49:01','2021-01-23 08:49:01'),(4068,36,27,61,'2021-01-23 08:49:01','2021-01-23 08:49:01'),(4069,36,27,62,'2021-01-23 08:49:01','2021-01-23 08:49:01'),(4070,36,27,63,'2021-01-23 08:49:01','2021-01-23 08:49:01'),(4071,36,27,64,'2021-01-23 08:49:01','2021-01-23 08:49:01'),(4072,36,27,65,'2021-01-23 08:49:01','2021-01-23 08:49:01'),(4073,36,27,66,'2021-01-23 08:49:01','2021-01-23 08:49:01'),(4074,36,27,67,'2021-01-23 08:49:01','2021-01-23 08:49:01'),(4075,36,27,68,'2021-01-23 08:49:01','2021-01-23 08:49:01'),(4076,36,27,69,'2021-01-23 08:49:01','2021-01-23 08:49:01'),(4077,36,27,70,'2021-01-23 08:49:01','2021-01-23 08:49:01'),(4078,36,27,71,'2021-01-23 08:49:01','2021-01-23 08:49:01'),(4079,36,27,72,'2021-01-23 08:49:01','2021-01-23 08:49:01'),(4080,36,27,73,'2021-01-23 08:49:01','2021-01-23 08:49:01'),(4081,36,27,74,'2021-01-23 08:49:01','2021-01-23 08:49:01'),(4082,36,27,75,'2021-01-23 08:49:01','2021-01-23 08:49:01'),(4083,36,27,76,'2021-01-23 08:49:01','2021-01-23 08:49:01'),(4084,36,27,77,'2021-01-23 08:49:01','2021-01-23 08:49:01'),(4085,36,27,78,'2021-01-23 08:49:01','2021-01-23 08:49:01'),(4086,36,27,79,'2021-01-23 08:49:01','2021-01-23 08:49:01'),(4087,36,27,80,'2021-01-23 08:49:01','2021-01-23 08:49:01'),(4088,36,27,81,'2021-01-23 08:49:01','2021-01-23 08:49:01'),(4089,37,28,13,'2021-01-23 10:33:42','2021-01-23 10:33:42'),(4090,37,28,14,'2021-01-23 10:33:42','2021-01-23 10:33:42'),(4091,37,28,15,'2021-01-23 10:33:42','2021-01-23 10:33:42'),(4092,37,28,16,'2021-01-23 10:33:42','2021-01-23 10:33:42'),(4093,37,28,17,'2021-01-23 10:33:42','2021-01-23 10:33:42'),(4094,37,28,18,'2021-01-23 10:33:42','2021-01-23 10:33:42'),(4095,37,28,19,'2021-01-23 10:33:42','2021-01-23 10:33:42'),(4096,37,28,20,'2021-01-23 10:33:42','2021-01-23 10:33:42'),(4097,37,28,25,'2021-01-23 10:33:42','2021-01-23 10:33:42'),(4098,37,28,26,'2021-01-23 10:33:42','2021-01-23 10:33:42'),(4099,37,28,30,'2021-01-23 10:33:42','2021-01-23 10:33:42'),(4100,37,28,31,'2021-01-23 10:33:42','2021-01-23 10:33:42'),(4101,37,28,32,'2021-01-23 10:33:42','2021-01-23 10:33:42'),(4102,37,28,33,'2021-01-23 10:33:42','2021-01-23 10:33:42'),(4103,37,28,34,'2021-01-23 10:33:42','2021-01-23 10:33:42'),(4104,37,28,35,'2021-01-23 10:33:42','2021-01-23 10:33:42'),(4105,37,28,36,'2021-01-23 10:33:42','2021-01-23 10:33:42'),(4106,37,28,37,'2021-01-23 10:33:42','2021-01-23 10:33:42'),(4107,37,28,45,'2021-01-23 10:33:42','2021-01-23 10:33:42'),(4108,37,28,46,'2021-01-23 10:33:42','2021-01-23 10:33:42'),(4109,37,28,47,'2021-01-23 10:33:42','2021-01-23 10:33:42'),(4110,37,28,48,'2021-01-23 10:33:43','2021-01-23 10:33:43'),(4111,37,28,54,'2021-01-23 10:33:43','2021-01-23 10:33:43'),(4112,37,28,55,'2021-01-23 10:33:43','2021-01-23 10:33:43'),(4113,37,28,56,'2021-01-23 10:33:43','2021-01-23 10:33:43'),(4114,37,28,57,'2021-01-23 10:33:43','2021-01-23 10:33:43'),(4115,37,28,65,'2021-01-23 10:33:43','2021-01-23 10:33:43'),(4116,37,28,77,'2021-01-23 10:33:43','2021-01-23 10:33:43'),(4117,37,28,78,'2021-01-23 10:33:43','2021-01-23 10:33:43'),(4118,37,28,79,'2021-01-23 10:33:43','2021-01-23 10:33:43'),(4119,37,28,80,'2021-01-23 10:33:43','2021-01-23 10:33:43'),(4120,37,28,81,'2021-01-23 10:33:43','2021-01-23 10:33:43'),(4121,38,29,2,'2021-01-26 16:11:30','2021-01-26 16:11:30'),(4122,38,29,3,'2021-01-26 16:11:30','2021-01-26 16:11:30'),(4123,38,29,4,'2021-01-26 16:11:30','2021-01-26 16:11:30'),(4124,38,29,5,'2021-01-26 16:11:30','2021-01-26 16:11:30'),(4125,38,29,13,'2021-01-26 16:11:30','2021-01-26 16:11:30'),(4126,38,29,14,'2021-01-26 16:11:30','2021-01-26 16:11:30'),(4127,38,29,15,'2021-01-26 16:11:30','2021-01-26 16:11:30'),(4128,38,29,16,'2021-01-26 16:11:30','2021-01-26 16:11:30'),(4129,38,29,17,'2021-01-26 16:11:30','2021-01-26 16:11:30'),(4130,38,29,18,'2021-01-26 16:11:30','2021-01-26 16:11:30'),(4131,38,29,19,'2021-01-26 16:11:30','2021-01-26 16:11:30'),(4132,38,29,25,'2021-01-26 16:11:30','2021-01-26 16:11:30'),(4133,38,29,26,'2021-01-26 16:11:30','2021-01-26 16:11:30'),(4134,38,29,30,'2021-01-26 16:11:30','2021-01-26 16:11:30'),(4135,38,29,31,'2021-01-26 16:11:30','2021-01-26 16:11:30'),(4136,38,29,32,'2021-01-26 16:11:30','2021-01-26 16:11:30'),(4137,38,29,33,'2021-01-26 16:11:30','2021-01-26 16:11:30'),(4138,38,29,34,'2021-01-26 16:11:30','2021-01-26 16:11:30'),(4139,38,29,35,'2021-01-26 16:11:30','2021-01-26 16:11:30'),(4140,38,29,36,'2021-01-26 16:11:30','2021-01-26 16:11:30'),(4141,38,29,37,'2021-01-26 16:11:30','2021-01-26 16:11:30'),(4142,38,29,45,'2021-01-26 16:11:30','2021-01-26 16:11:30'),(4143,38,29,46,'2021-01-26 16:11:30','2021-01-26 16:11:30'),(4144,38,29,47,'2021-01-26 16:11:30','2021-01-26 16:11:30'),(4145,38,29,48,'2021-01-26 16:11:30','2021-01-26 16:11:30'),(4146,38,29,54,'2021-01-26 16:11:30','2021-01-26 16:11:30'),(4147,38,29,55,'2021-01-26 16:11:30','2021-01-26 16:11:30'),(4148,38,29,56,'2021-01-26 16:11:30','2021-01-26 16:11:30'),(4149,38,29,57,'2021-01-26 16:11:30','2021-01-26 16:11:30'),(4150,38,29,65,'2021-01-26 16:11:30','2021-01-26 16:11:30'),(4151,38,29,77,'2021-01-26 16:11:30','2021-01-26 16:11:30'),(4152,38,29,78,'2021-01-26 16:11:30','2021-01-26 16:11:30'),(4153,38,29,79,'2021-01-26 16:11:30','2021-01-26 16:11:30'),(4154,38,29,80,'2021-01-26 16:11:30','2021-01-26 16:11:30'),(4155,38,29,81,'2021-01-26 16:11:30','2021-01-26 16:11:30'),(4156,40,31,1,'2021-01-26 16:43:46','2021-01-26 16:43:46'),(4157,40,31,2,'2021-01-26 16:43:46','2021-01-26 16:43:46'),(4158,40,31,3,'2021-01-26 16:43:46','2021-01-26 16:43:46'),(4159,40,31,4,'2021-01-26 16:43:46','2021-01-26 16:43:46'),(4160,40,31,5,'2021-01-26 16:43:46','2021-01-26 16:43:46'),(4161,40,31,6,'2021-01-26 16:43:46','2021-01-26 16:43:46'),(4162,40,31,7,'2021-01-26 16:43:46','2021-01-26 16:43:46'),(4163,40,31,8,'2021-01-26 16:43:46','2021-01-26 16:43:46'),(4164,40,31,9,'2021-01-26 16:43:46','2021-01-26 16:43:46'),(4165,40,31,10,'2021-01-26 16:43:46','2021-01-26 16:43:46'),(4166,40,31,11,'2021-01-26 16:43:46','2021-01-26 16:43:46'),(4167,40,31,12,'2021-01-26 16:43:46','2021-01-26 16:43:46'),(4168,40,31,13,'2021-01-26 16:43:46','2021-01-26 16:43:46'),(4169,40,31,14,'2021-01-26 16:43:46','2021-01-26 16:43:46'),(4170,40,31,15,'2021-01-26 16:43:46','2021-01-26 16:43:46'),(4171,40,31,16,'2021-01-26 16:43:46','2021-01-26 16:43:46'),(4172,40,31,17,'2021-01-26 16:43:46','2021-01-26 16:43:46'),(4173,40,31,18,'2021-01-26 16:43:46','2021-01-26 16:43:46'),(4174,40,31,19,'2021-01-26 16:43:46','2021-01-26 16:43:46'),(4175,40,31,20,'2021-01-26 16:43:46','2021-01-26 16:43:46'),(4176,40,31,25,'2021-01-26 16:43:46','2021-01-26 16:43:46'),(4177,40,31,26,'2021-01-26 16:43:46','2021-01-26 16:43:46'),(4178,40,31,30,'2021-01-26 16:43:46','2021-01-26 16:43:46'),(4179,40,31,31,'2021-01-26 16:43:46','2021-01-26 16:43:46'),(4180,40,31,32,'2021-01-26 16:43:46','2021-01-26 16:43:46'),(4181,40,31,33,'2021-01-26 16:43:46','2021-01-26 16:43:46'),(4182,40,31,34,'2021-01-26 16:43:46','2021-01-26 16:43:46'),(4183,40,31,35,'2021-01-26 16:43:46','2021-01-26 16:43:46'),(4184,40,31,36,'2021-01-26 16:43:46','2021-01-26 16:43:46'),(4185,40,31,37,'2021-01-26 16:43:46','2021-01-26 16:43:46'),(4186,40,31,45,'2021-01-26 16:43:46','2021-01-26 16:43:46'),(4187,40,31,46,'2021-01-26 16:43:46','2021-01-26 16:43:46'),(4188,40,31,47,'2021-01-26 16:43:46','2021-01-26 16:43:46'),(4189,40,31,48,'2021-01-26 16:43:46','2021-01-26 16:43:46'),(4190,40,31,49,'2021-01-26 16:43:46','2021-01-26 16:43:46'),(4191,40,31,50,'2021-01-26 16:43:46','2021-01-26 16:43:46'),(4192,40,31,51,'2021-01-26 16:43:46','2021-01-26 16:43:46'),(4193,40,31,52,'2021-01-26 16:43:46','2021-01-26 16:43:46'),(4194,40,31,53,'2021-01-26 16:43:46','2021-01-26 16:43:46'),(4195,40,31,54,'2021-01-26 16:43:46','2021-01-26 16:43:46'),(4196,40,31,55,'2021-01-26 16:43:46','2021-01-26 16:43:46'),(4197,40,31,56,'2021-01-26 16:43:46','2021-01-26 16:43:46'),(4198,40,31,57,'2021-01-26 16:43:46','2021-01-26 16:43:46'),(4199,40,31,63,'2021-01-26 16:43:46','2021-01-26 16:43:46'),(4200,40,31,66,'2021-01-26 16:43:46','2021-01-26 16:43:46'),(4201,40,31,67,'2021-01-26 16:43:46','2021-01-26 16:43:46'),(4202,40,31,68,'2021-01-26 16:43:46','2021-01-26 16:43:46'),(4203,40,31,69,'2021-01-26 16:43:46','2021-01-26 16:43:46'),(4204,40,31,70,'2021-01-26 16:43:46','2021-01-26 16:43:46'),(4205,40,31,71,'2021-01-26 16:43:46','2021-01-26 16:43:46'),(4206,40,31,72,'2021-01-26 16:43:46','2021-01-26 16:43:46'),(4207,40,31,73,'2021-01-26 16:43:46','2021-01-26 16:43:46'),(4208,40,31,74,'2021-01-26 16:43:46','2021-01-26 16:43:46'),(4209,40,31,75,'2021-01-26 16:43:46','2021-01-26 16:43:46'),(4210,40,31,76,'2021-01-26 16:43:46','2021-01-26 16:43:46'),(4211,40,31,77,'2021-01-26 16:43:46','2021-01-26 16:43:46'),(4212,40,31,78,'2021-01-26 16:43:46','2021-01-26 16:43:46'),(4213,40,31,79,'2021-01-26 16:43:46','2021-01-26 16:43:46'),(4214,40,31,80,'2021-01-26 16:43:46','2021-01-26 16:43:46'),(4215,40,31,81,'2021-01-26 16:43:46','2021-01-26 16:43:46'),(4216,41,32,1,'2021-01-26 16:46:48','2021-01-26 16:46:48'),(4217,41,32,2,'2021-01-26 16:46:48','2021-01-26 16:46:48'),(4218,41,32,3,'2021-01-26 16:46:48','2021-01-26 16:46:48'),(4219,41,32,4,'2021-01-26 16:46:48','2021-01-26 16:46:48'),(4220,41,32,5,'2021-01-26 16:46:48','2021-01-26 16:46:48'),(4221,41,32,6,'2021-01-26 16:46:48','2021-01-26 16:46:48'),(4222,41,32,7,'2021-01-26 16:46:48','2021-01-26 16:46:48'),(4223,41,32,8,'2021-01-26 16:46:48','2021-01-26 16:46:48'),(4224,41,32,9,'2021-01-26 16:46:48','2021-01-26 16:46:48'),(4225,41,32,10,'2021-01-26 16:46:49','2021-01-26 16:46:49'),(4226,41,32,11,'2021-01-26 16:46:49','2021-01-26 16:46:49'),(4227,41,32,12,'2021-01-26 16:46:49','2021-01-26 16:46:49'),(4228,41,32,13,'2021-01-26 16:46:49','2021-01-26 16:46:49'),(4229,41,32,14,'2021-01-26 16:46:49','2021-01-26 16:46:49'),(4230,41,32,15,'2021-01-26 16:46:49','2021-01-26 16:46:49'),(4231,41,32,16,'2021-01-26 16:46:49','2021-01-26 16:46:49'),(4232,41,32,17,'2021-01-26 16:46:49','2021-01-26 16:46:49'),(4233,41,32,18,'2021-01-26 16:46:49','2021-01-26 16:46:49'),(4234,41,32,19,'2021-01-26 16:46:49','2021-01-26 16:46:49'),(4235,41,32,20,'2021-01-26 16:46:49','2021-01-26 16:46:49'),(4236,41,32,25,'2021-01-26 16:46:49','2021-01-26 16:46:49'),(4237,41,32,26,'2021-01-26 16:46:49','2021-01-26 16:46:49'),(4238,41,32,30,'2021-01-26 16:46:49','2021-01-26 16:46:49'),(4239,41,32,31,'2021-01-26 16:46:49','2021-01-26 16:46:49'),(4240,41,32,32,'2021-01-26 16:46:49','2021-01-26 16:46:49'),(4241,41,32,33,'2021-01-26 16:46:49','2021-01-26 16:46:49'),(4242,41,32,34,'2021-01-26 16:46:49','2021-01-26 16:46:49'),(4243,41,32,35,'2021-01-26 16:46:49','2021-01-26 16:46:49'),(4244,41,32,36,'2021-01-26 16:46:49','2021-01-26 16:46:49'),(4245,41,32,37,'2021-01-26 16:46:49','2021-01-26 16:46:49'),(4246,41,32,45,'2021-01-26 16:46:49','2021-01-26 16:46:49'),(4247,41,32,46,'2021-01-26 16:46:49','2021-01-26 16:46:49'),(4248,41,32,47,'2021-01-26 16:46:49','2021-01-26 16:46:49'),(4249,41,32,48,'2021-01-26 16:46:49','2021-01-26 16:46:49'),(4250,41,32,49,'2021-01-26 16:46:49','2021-01-26 16:46:49'),(4251,41,32,50,'2021-01-26 16:46:49','2021-01-26 16:46:49'),(4252,41,32,51,'2021-01-26 16:46:49','2021-01-26 16:46:49'),(4253,41,32,52,'2021-01-26 16:46:49','2021-01-26 16:46:49'),(4254,41,32,53,'2021-01-26 16:46:49','2021-01-26 16:46:49'),(4255,41,32,54,'2021-01-26 16:46:49','2021-01-26 16:46:49'),(4256,41,32,55,'2021-01-26 16:46:49','2021-01-26 16:46:49'),(4257,41,32,56,'2021-01-26 16:46:49','2021-01-26 16:46:49'),(4258,41,32,57,'2021-01-26 16:46:49','2021-01-26 16:46:49'),(4259,41,32,65,'2021-01-26 16:46:49','2021-01-26 16:46:49'),(4260,41,32,66,'2021-01-26 16:46:49','2021-01-26 16:46:49'),(4261,41,32,67,'2021-01-26 16:46:49','2021-01-26 16:46:49'),(4262,41,32,68,'2021-01-26 16:46:49','2021-01-26 16:46:49'),(4263,41,32,69,'2021-01-26 16:46:49','2021-01-26 16:46:49'),(4264,41,32,70,'2021-01-26 16:46:49','2021-01-26 16:46:49'),(4265,41,32,71,'2021-01-26 16:46:49','2021-01-26 16:46:49'),(4266,41,32,72,'2021-01-26 16:46:49','2021-01-26 16:46:49'),(4267,41,32,73,'2021-01-26 16:46:49','2021-01-26 16:46:49'),(4268,41,32,74,'2021-01-26 16:46:49','2021-01-26 16:46:49'),(4269,41,32,75,'2021-01-26 16:46:49','2021-01-26 16:46:49'),(4270,41,32,76,'2021-01-26 16:46:49','2021-01-26 16:46:49'),(4271,41,32,77,'2021-01-26 16:46:49','2021-01-26 16:46:49'),(4272,41,32,78,'2021-01-26 16:46:49','2021-01-26 16:46:49'),(4273,41,32,79,'2021-01-26 16:46:49','2021-01-26 16:46:49'),(4274,41,32,80,'2021-01-26 16:46:49','2021-01-26 16:46:49'),(4275,41,32,81,'2021-01-26 16:46:49','2021-01-26 16:46:49'),(4276,42,33,1,'2021-01-26 16:49:47','2021-01-26 16:49:47'),(4277,42,33,2,'2021-01-26 16:49:47','2021-01-26 16:49:47'),(4278,42,33,3,'2021-01-26 16:49:47','2021-01-26 16:49:47'),(4279,42,33,4,'2021-01-26 16:49:47','2021-01-26 16:49:47'),(4280,42,33,5,'2021-01-26 16:49:47','2021-01-26 16:49:47'),(4281,42,33,6,'2021-01-26 16:49:47','2021-01-26 16:49:47'),(4282,42,33,7,'2021-01-26 16:49:47','2021-01-26 16:49:47'),(4283,42,33,8,'2021-01-26 16:49:47','2021-01-26 16:49:47'),(4284,42,33,9,'2021-01-26 16:49:47','2021-01-26 16:49:47'),(4285,42,33,10,'2021-01-26 16:49:47','2021-01-26 16:49:47'),(4286,42,33,11,'2021-01-26 16:49:47','2021-01-26 16:49:47'),(4287,42,33,12,'2021-01-26 16:49:47','2021-01-26 16:49:47'),(4288,42,33,13,'2021-01-26 16:49:47','2021-01-26 16:49:47'),(4289,42,33,14,'2021-01-26 16:49:47','2021-01-26 16:49:47'),(4290,42,33,15,'2021-01-26 16:49:47','2021-01-26 16:49:47'),(4291,42,33,16,'2021-01-26 16:49:47','2021-01-26 16:49:47'),(4292,42,33,17,'2021-01-26 16:49:47','2021-01-26 16:49:47'),(4293,42,33,18,'2021-01-26 16:49:47','2021-01-26 16:49:47'),(4294,42,33,19,'2021-01-26 16:49:47','2021-01-26 16:49:47'),(4295,42,33,20,'2021-01-26 16:49:47','2021-01-26 16:49:47'),(4296,42,33,25,'2021-01-26 16:49:47','2021-01-26 16:49:47'),(4297,42,33,26,'2021-01-26 16:49:47','2021-01-26 16:49:47'),(4298,42,33,30,'2021-01-26 16:49:47','2021-01-26 16:49:47'),(4299,42,33,31,'2021-01-26 16:49:47','2021-01-26 16:49:47'),(4300,42,33,32,'2021-01-26 16:49:47','2021-01-26 16:49:47'),(4301,42,33,33,'2021-01-26 16:49:47','2021-01-26 16:49:47'),(4302,42,33,34,'2021-01-26 16:49:47','2021-01-26 16:49:47'),(4303,42,33,35,'2021-01-26 16:49:47','2021-01-26 16:49:47'),(4304,42,33,36,'2021-01-26 16:49:47','2021-01-26 16:49:47'),(4305,42,33,37,'2021-01-26 16:49:47','2021-01-26 16:49:47'),(4306,42,33,45,'2021-01-26 16:49:47','2021-01-26 16:49:47'),(4307,42,33,46,'2021-01-26 16:49:47','2021-01-26 16:49:47'),(4308,42,33,47,'2021-01-26 16:49:47','2021-01-26 16:49:47'),(4309,42,33,48,'2021-01-26 16:49:47','2021-01-26 16:49:47'),(4310,42,33,49,'2021-01-26 16:49:47','2021-01-26 16:49:47'),(4311,42,33,50,'2021-01-26 16:49:47','2021-01-26 16:49:47'),(4312,42,33,51,'2021-01-26 16:49:47','2021-01-26 16:49:47'),(4313,42,33,52,'2021-01-26 16:49:47','2021-01-26 16:49:47'),(4314,42,33,53,'2021-01-26 16:49:47','2021-01-26 16:49:47'),(4315,42,33,54,'2021-01-26 16:49:47','2021-01-26 16:49:47'),(4316,42,33,55,'2021-01-26 16:49:47','2021-01-26 16:49:47'),(4317,42,33,56,'2021-01-26 16:49:47','2021-01-26 16:49:47'),(4318,42,33,57,'2021-01-26 16:49:47','2021-01-26 16:49:47'),(4319,42,33,65,'2021-01-26 16:49:47','2021-01-26 16:49:47'),(4320,42,33,66,'2021-01-26 16:49:47','2021-01-26 16:49:47'),(4321,42,33,67,'2021-01-26 16:49:47','2021-01-26 16:49:47'),(4322,42,33,68,'2021-01-26 16:49:47','2021-01-26 16:49:47'),(4323,42,33,69,'2021-01-26 16:49:47','2021-01-26 16:49:47'),(4324,42,33,70,'2021-01-26 16:49:47','2021-01-26 16:49:47'),(4325,42,33,71,'2021-01-26 16:49:47','2021-01-26 16:49:47'),(4326,42,33,72,'2021-01-26 16:49:47','2021-01-26 16:49:47'),(4327,42,33,73,'2021-01-26 16:49:47','2021-01-26 16:49:47'),(4328,42,33,74,'2021-01-26 16:49:47','2021-01-26 16:49:47'),(4329,42,33,75,'2021-01-26 16:49:47','2021-01-26 16:49:47'),(4330,42,33,76,'2021-01-26 16:49:47','2021-01-26 16:49:47'),(4331,42,33,77,'2021-01-26 16:49:47','2021-01-26 16:49:47'),(4332,42,33,78,'2021-01-26 16:49:47','2021-01-26 16:49:47'),(4333,42,33,79,'2021-01-26 16:49:47','2021-01-26 16:49:47'),(4334,42,33,80,'2021-01-26 16:49:47','2021-01-26 16:49:47'),(4335,43,34,1,'2021-01-26 16:52:32','2021-01-26 16:52:32'),(4336,43,34,2,'2021-01-26 16:52:32','2021-01-26 16:52:32'),(4337,43,34,3,'2021-01-26 16:52:32','2021-01-26 16:52:32'),(4338,43,34,4,'2021-01-26 16:52:32','2021-01-26 16:52:32'),(4339,43,34,5,'2021-01-26 16:52:32','2021-01-26 16:52:32'),(4340,43,34,6,'2021-01-26 16:52:32','2021-01-26 16:52:32'),(4341,43,34,7,'2021-01-26 16:52:32','2021-01-26 16:52:32'),(4342,43,34,8,'2021-01-26 16:52:32','2021-01-26 16:52:32'),(4343,43,34,9,'2021-01-26 16:52:32','2021-01-26 16:52:32'),(4344,43,34,10,'2021-01-26 16:52:32','2021-01-26 16:52:32'),(4345,43,34,11,'2021-01-26 16:52:32','2021-01-26 16:52:32'),(4346,43,34,12,'2021-01-26 16:52:32','2021-01-26 16:52:32'),(4347,43,34,13,'2021-01-26 16:52:32','2021-01-26 16:52:32'),(4348,43,34,14,'2021-01-26 16:52:32','2021-01-26 16:52:32'),(4349,43,34,15,'2021-01-26 16:52:32','2021-01-26 16:52:32'),(4350,43,34,16,'2021-01-26 16:52:32','2021-01-26 16:52:32'),(4351,43,34,17,'2021-01-26 16:52:32','2021-01-26 16:52:32'),(4352,43,34,18,'2021-01-26 16:52:32','2021-01-26 16:52:32'),(4353,43,34,19,'2021-01-26 16:52:32','2021-01-26 16:52:32'),(4354,43,34,20,'2021-01-26 16:52:32','2021-01-26 16:52:32'),(4355,43,34,25,'2021-01-26 16:52:32','2021-01-26 16:52:32'),(4356,43,34,26,'2021-01-26 16:52:32','2021-01-26 16:52:32'),(4357,43,34,30,'2021-01-26 16:52:32','2021-01-26 16:52:32'),(4358,43,34,31,'2021-01-26 16:52:32','2021-01-26 16:52:32'),(4359,43,34,32,'2021-01-26 16:52:32','2021-01-26 16:52:32'),(4360,43,34,33,'2021-01-26 16:52:32','2021-01-26 16:52:32'),(4361,43,34,34,'2021-01-26 16:52:32','2021-01-26 16:52:32'),(4362,43,34,35,'2021-01-26 16:52:32','2021-01-26 16:52:32'),(4363,43,34,36,'2021-01-26 16:52:32','2021-01-26 16:52:32'),(4364,43,34,37,'2021-01-26 16:52:32','2021-01-26 16:52:32'),(4365,43,34,45,'2021-01-26 16:52:32','2021-01-26 16:52:32'),(4366,43,34,46,'2021-01-26 16:52:32','2021-01-26 16:52:32'),(4367,43,34,47,'2021-01-26 16:52:32','2021-01-26 16:52:32'),(4368,43,34,48,'2021-01-26 16:52:32','2021-01-26 16:52:32'),(4369,43,34,49,'2021-01-26 16:52:32','2021-01-26 16:52:32'),(4370,43,34,50,'2021-01-26 16:52:32','2021-01-26 16:52:32'),(4371,43,34,51,'2021-01-26 16:52:32','2021-01-26 16:52:32'),(4372,43,34,52,'2021-01-26 16:52:32','2021-01-26 16:52:32'),(4373,43,34,53,'2021-01-26 16:52:32','2021-01-26 16:52:32'),(4374,43,34,54,'2021-01-26 16:52:32','2021-01-26 16:52:32'),(4375,43,34,55,'2021-01-26 16:52:32','2021-01-26 16:52:32'),(4376,43,34,56,'2021-01-26 16:52:32','2021-01-26 16:52:32'),(4377,43,34,57,'2021-01-26 16:52:32','2021-01-26 16:52:32'),(4378,43,34,65,'2021-01-26 16:52:32','2021-01-26 16:52:32'),(4379,43,34,66,'2021-01-26 16:52:32','2021-01-26 16:52:32'),(4380,43,34,67,'2021-01-26 16:52:32','2021-01-26 16:52:32'),(4381,43,34,68,'2021-01-26 16:52:32','2021-01-26 16:52:32'),(4382,43,34,69,'2021-01-26 16:52:32','2021-01-26 16:52:32'),(4383,43,34,70,'2021-01-26 16:52:32','2021-01-26 16:52:32'),(4384,43,34,71,'2021-01-26 16:52:32','2021-01-26 16:52:32'),(4385,43,34,72,'2021-01-26 16:52:32','2021-01-26 16:52:32'),(4386,43,34,73,'2021-01-26 16:52:32','2021-01-26 16:52:32'),(4387,43,34,74,'2021-01-26 16:52:32','2021-01-26 16:52:32'),(4388,43,34,75,'2021-01-26 16:52:32','2021-01-26 16:52:32'),(4389,43,34,76,'2021-01-26 16:52:32','2021-01-26 16:52:32'),(4390,43,34,77,'2021-01-26 16:52:32','2021-01-26 16:52:32'),(4391,43,34,78,'2021-01-26 16:52:32','2021-01-26 16:52:32'),(4392,43,34,79,'2021-01-26 16:52:32','2021-01-26 16:52:32'),(4393,43,34,80,'2021-01-26 16:52:32','2021-01-26 16:52:32'),(4394,43,34,81,'2021-01-26 16:52:32','2021-01-26 16:52:32'),(4395,44,35,1,'2021-01-26 16:54:44','2021-01-26 16:54:44'),(4396,44,35,2,'2021-01-26 16:54:44','2021-01-26 16:54:44'),(4397,44,35,3,'2021-01-26 16:54:44','2021-01-26 16:54:44'),(4398,44,35,4,'2021-01-26 16:54:44','2021-01-26 16:54:44'),(4399,44,35,5,'2021-01-26 16:54:44','2021-01-26 16:54:44'),(4400,44,35,6,'2021-01-26 16:54:44','2021-01-26 16:54:44'),(4401,44,35,7,'2021-01-26 16:54:44','2021-01-26 16:54:44'),(4402,44,35,8,'2021-01-26 16:54:44','2021-01-26 16:54:44'),(4403,44,35,9,'2021-01-26 16:54:44','2021-01-26 16:54:44'),(4404,44,35,10,'2021-01-26 16:54:44','2021-01-26 16:54:44'),(4405,44,35,11,'2021-01-26 16:54:44','2021-01-26 16:54:44'),(4406,44,35,12,'2021-01-26 16:54:44','2021-01-26 16:54:44'),(4407,44,35,13,'2021-01-26 16:54:44','2021-01-26 16:54:44'),(4408,44,35,14,'2021-01-26 16:54:44','2021-01-26 16:54:44'),(4409,44,35,15,'2021-01-26 16:54:44','2021-01-26 16:54:44'),(4410,44,35,16,'2021-01-26 16:54:44','2021-01-26 16:54:44'),(4411,44,35,17,'2021-01-26 16:54:44','2021-01-26 16:54:44'),(4412,44,35,18,'2021-01-26 16:54:44','2021-01-26 16:54:44'),(4413,44,35,19,'2021-01-26 16:54:44','2021-01-26 16:54:44'),(4414,44,35,20,'2021-01-26 16:54:44','2021-01-26 16:54:44'),(4415,44,35,25,'2021-01-26 16:54:44','2021-01-26 16:54:44'),(4416,44,35,26,'2021-01-26 16:54:44','2021-01-26 16:54:44'),(4417,44,35,30,'2021-01-26 16:54:44','2021-01-26 16:54:44'),(4418,44,35,31,'2021-01-26 16:54:44','2021-01-26 16:54:44'),(4419,44,35,32,'2021-01-26 16:54:44','2021-01-26 16:54:44'),(4420,44,35,33,'2021-01-26 16:54:44','2021-01-26 16:54:44'),(4421,44,35,34,'2021-01-26 16:54:44','2021-01-26 16:54:44'),(4422,44,35,35,'2021-01-26 16:54:44','2021-01-26 16:54:44'),(4423,44,35,36,'2021-01-26 16:54:44','2021-01-26 16:54:44'),(4424,44,35,37,'2021-01-26 16:54:44','2021-01-26 16:54:44'),(4425,44,35,45,'2021-01-26 16:54:44','2021-01-26 16:54:44'),(4426,44,35,46,'2021-01-26 16:54:44','2021-01-26 16:54:44'),(4427,44,35,47,'2021-01-26 16:54:44','2021-01-26 16:54:44'),(4428,44,35,48,'2021-01-26 16:54:44','2021-01-26 16:54:44'),(4429,44,35,49,'2021-01-26 16:54:44','2021-01-26 16:54:44'),(4430,44,35,50,'2021-01-26 16:54:44','2021-01-26 16:54:44'),(4431,44,35,51,'2021-01-26 16:54:44','2021-01-26 16:54:44'),(4432,44,35,52,'2021-01-26 16:54:44','2021-01-26 16:54:44'),(4433,44,35,53,'2021-01-26 16:54:44','2021-01-26 16:54:44'),(4434,44,35,54,'2021-01-26 16:54:44','2021-01-26 16:54:44'),(4435,44,35,55,'2021-01-26 16:54:44','2021-01-26 16:54:44'),(4436,44,35,56,'2021-01-26 16:54:44','2021-01-26 16:54:44'),(4437,44,35,57,'2021-01-26 16:54:44','2021-01-26 16:54:44'),(4438,44,35,65,'2021-01-26 16:54:44','2021-01-26 16:54:44'),(4439,44,35,66,'2021-01-26 16:54:44','2021-01-26 16:54:44'),(4440,44,35,67,'2021-01-26 16:54:44','2021-01-26 16:54:44'),(4441,44,35,68,'2021-01-26 16:54:44','2021-01-26 16:54:44'),(4442,44,35,69,'2021-01-26 16:54:44','2021-01-26 16:54:44'),(4443,44,35,70,'2021-01-26 16:54:44','2021-01-26 16:54:44'),(4444,44,35,71,'2021-01-26 16:54:44','2021-01-26 16:54:44'),(4445,44,35,72,'2021-01-26 16:54:44','2021-01-26 16:54:44'),(4446,44,35,73,'2021-01-26 16:54:44','2021-01-26 16:54:44'),(4447,44,35,74,'2021-01-26 16:54:44','2021-01-26 16:54:44'),(4448,44,35,75,'2021-01-26 16:54:44','2021-01-26 16:54:44'),(4449,44,35,76,'2021-01-26 16:54:44','2021-01-26 16:54:44'),(4450,44,35,77,'2021-01-26 16:54:44','2021-01-26 16:54:44'),(4451,44,35,78,'2021-01-26 16:54:44','2021-01-26 16:54:44'),(4452,44,35,79,'2021-01-26 16:54:44','2021-01-26 16:54:44'),(4453,44,35,80,'2021-01-26 16:54:44','2021-01-26 16:54:44'),(4454,44,35,81,'2021-01-26 16:54:44','2021-01-26 16:54:44'),(4455,45,36,1,'2021-01-26 16:57:03','2021-01-26 16:57:03'),(4456,45,36,2,'2021-01-26 16:57:03','2021-01-26 16:57:03'),(4457,45,36,3,'2021-01-26 16:57:03','2021-01-26 16:57:03'),(4458,45,36,4,'2021-01-26 16:57:03','2021-01-26 16:57:03'),(4459,45,36,5,'2021-01-26 16:57:03','2021-01-26 16:57:03'),(4460,45,36,6,'2021-01-26 16:57:03','2021-01-26 16:57:03'),(4461,45,36,7,'2021-01-26 16:57:03','2021-01-26 16:57:03'),(4462,45,36,8,'2021-01-26 16:57:03','2021-01-26 16:57:03'),(4463,45,36,9,'2021-01-26 16:57:03','2021-01-26 16:57:03'),(4464,45,36,10,'2021-01-26 16:57:03','2021-01-26 16:57:03'),(4465,45,36,11,'2021-01-26 16:57:03','2021-01-26 16:57:03'),(4466,45,36,12,'2021-01-26 16:57:03','2021-01-26 16:57:03'),(4467,45,36,13,'2021-01-26 16:57:03','2021-01-26 16:57:03'),(4468,45,36,14,'2021-01-26 16:57:03','2021-01-26 16:57:03'),(4469,45,36,15,'2021-01-26 16:57:03','2021-01-26 16:57:03'),(4470,45,36,16,'2021-01-26 16:57:03','2021-01-26 16:57:03'),(4471,45,36,17,'2021-01-26 16:57:03','2021-01-26 16:57:03'),(4472,45,36,18,'2021-01-26 16:57:03','2021-01-26 16:57:03'),(4473,45,36,19,'2021-01-26 16:57:03','2021-01-26 16:57:03'),(4474,45,36,20,'2021-01-26 16:57:03','2021-01-26 16:57:03'),(4475,45,36,25,'2021-01-26 16:57:03','2021-01-26 16:57:03'),(4476,45,36,26,'2021-01-26 16:57:03','2021-01-26 16:57:03'),(4477,45,36,30,'2021-01-26 16:57:03','2021-01-26 16:57:03'),(4478,45,36,31,'2021-01-26 16:57:03','2021-01-26 16:57:03'),(4479,45,36,32,'2021-01-26 16:57:03','2021-01-26 16:57:03'),(4480,45,36,33,'2021-01-26 16:57:03','2021-01-26 16:57:03'),(4481,45,36,34,'2021-01-26 16:57:03','2021-01-26 16:57:03'),(4482,45,36,35,'2021-01-26 16:57:03','2021-01-26 16:57:03'),(4483,45,36,36,'2021-01-26 16:57:03','2021-01-26 16:57:03'),(4484,45,36,37,'2021-01-26 16:57:03','2021-01-26 16:57:03'),(4485,45,36,45,'2021-01-26 16:57:03','2021-01-26 16:57:03'),(4486,45,36,46,'2021-01-26 16:57:04','2021-01-26 16:57:04'),(4487,45,36,47,'2021-01-26 16:57:04','2021-01-26 16:57:04'),(4488,45,36,48,'2021-01-26 16:57:04','2021-01-26 16:57:04'),(4489,45,36,49,'2021-01-26 16:57:04','2021-01-26 16:57:04'),(4490,45,36,50,'2021-01-26 16:57:04','2021-01-26 16:57:04'),(4491,45,36,51,'2021-01-26 16:57:04','2021-01-26 16:57:04'),(4492,45,36,52,'2021-01-26 16:57:04','2021-01-26 16:57:04'),(4493,45,36,53,'2021-01-26 16:57:04','2021-01-26 16:57:04'),(4494,45,36,54,'2021-01-26 16:57:04','2021-01-26 16:57:04'),(4495,45,36,55,'2021-01-26 16:57:04','2021-01-26 16:57:04'),(4496,45,36,56,'2021-01-26 16:57:04','2021-01-26 16:57:04'),(4497,45,36,57,'2021-01-26 16:57:04','2021-01-26 16:57:04'),(4498,45,36,65,'2021-01-26 16:57:04','2021-01-26 16:57:04'),(4499,45,36,66,'2021-01-26 16:57:04','2021-01-26 16:57:04'),(4500,45,36,67,'2021-01-26 16:57:04','2021-01-26 16:57:04'),(4501,45,36,68,'2021-01-26 16:57:04','2021-01-26 16:57:04'),(4502,45,36,69,'2021-01-26 16:57:04','2021-01-26 16:57:04'),(4503,45,36,70,'2021-01-26 16:57:04','2021-01-26 16:57:04'),(4504,45,36,71,'2021-01-26 16:57:04','2021-01-26 16:57:04'),(4505,45,36,72,'2021-01-26 16:57:04','2021-01-26 16:57:04'),(4506,45,36,73,'2021-01-26 16:57:04','2021-01-26 16:57:04'),(4507,45,36,74,'2021-01-26 16:57:04','2021-01-26 16:57:04'),(4508,45,36,75,'2021-01-26 16:57:04','2021-01-26 16:57:04'),(4509,45,36,76,'2021-01-26 16:57:04','2021-01-26 16:57:04'),(4510,45,36,77,'2021-01-26 16:57:04','2021-01-26 16:57:04'),(4511,45,36,78,'2021-01-26 16:57:04','2021-01-26 16:57:04'),(4512,45,36,79,'2021-01-26 16:57:04','2021-01-26 16:57:04'),(4513,45,36,80,'2021-01-26 16:57:04','2021-01-26 16:57:04'),(4514,45,36,81,'2021-01-26 16:57:04','2021-01-26 16:57:04'),(4515,46,37,1,'2021-01-26 16:59:57','2021-01-26 16:59:57'),(4516,46,37,2,'2021-01-26 16:59:57','2021-01-26 16:59:57'),(4517,46,37,3,'2021-01-26 16:59:57','2021-01-26 16:59:57'),(4518,46,37,4,'2021-01-26 16:59:57','2021-01-26 16:59:57'),(4519,46,37,5,'2021-01-26 16:59:57','2021-01-26 16:59:57'),(4520,46,37,6,'2021-01-26 16:59:57','2021-01-26 16:59:57'),(4521,46,37,7,'2021-01-26 16:59:57','2021-01-26 16:59:57'),(4522,46,37,8,'2021-01-26 16:59:57','2021-01-26 16:59:57'),(4523,46,37,9,'2021-01-26 16:59:57','2021-01-26 16:59:57'),(4524,46,37,10,'2021-01-26 16:59:57','2021-01-26 16:59:57'),(4525,46,37,11,'2021-01-26 16:59:57','2021-01-26 16:59:57'),(4526,46,37,12,'2021-01-26 16:59:57','2021-01-26 16:59:57'),(4527,46,37,13,'2021-01-26 16:59:57','2021-01-26 16:59:57'),(4528,46,37,14,'2021-01-26 16:59:57','2021-01-26 16:59:57'),(4529,46,37,15,'2021-01-26 16:59:57','2021-01-26 16:59:57'),(4530,46,37,16,'2021-01-26 16:59:57','2021-01-26 16:59:57'),(4531,46,37,17,'2021-01-26 16:59:57','2021-01-26 16:59:57'),(4532,46,37,18,'2021-01-26 16:59:57','2021-01-26 16:59:57'),(4533,46,37,19,'2021-01-26 16:59:57','2021-01-26 16:59:57'),(4534,46,37,20,'2021-01-26 16:59:57','2021-01-26 16:59:57'),(4535,46,37,25,'2021-01-26 16:59:57','2021-01-26 16:59:57'),(4536,46,37,26,'2021-01-26 16:59:57','2021-01-26 16:59:57'),(4537,46,37,30,'2021-01-26 16:59:57','2021-01-26 16:59:57'),(4538,46,37,31,'2021-01-26 16:59:57','2021-01-26 16:59:57'),(4539,46,37,32,'2021-01-26 16:59:57','2021-01-26 16:59:57'),(4540,46,37,33,'2021-01-26 16:59:57','2021-01-26 16:59:57'),(4541,46,37,34,'2021-01-26 16:59:57','2021-01-26 16:59:57'),(4542,46,37,35,'2021-01-26 16:59:57','2021-01-26 16:59:57'),(4543,46,37,36,'2021-01-26 16:59:57','2021-01-26 16:59:57'),(4544,46,37,37,'2021-01-26 16:59:57','2021-01-26 16:59:57'),(4545,46,37,45,'2021-01-26 16:59:57','2021-01-26 16:59:57'),(4546,46,37,46,'2021-01-26 16:59:57','2021-01-26 16:59:57'),(4547,46,37,47,'2021-01-26 16:59:57','2021-01-26 16:59:57'),(4548,46,37,48,'2021-01-26 16:59:57','2021-01-26 16:59:57'),(4549,46,37,49,'2021-01-26 16:59:57','2021-01-26 16:59:57'),(4550,46,37,50,'2021-01-26 16:59:57','2021-01-26 16:59:57'),(4551,46,37,51,'2021-01-26 16:59:57','2021-01-26 16:59:57'),(4552,46,37,52,'2021-01-26 16:59:57','2021-01-26 16:59:57'),(4553,46,37,53,'2021-01-26 16:59:57','2021-01-26 16:59:57'),(4554,46,37,54,'2021-01-26 16:59:57','2021-01-26 16:59:57'),(4555,46,37,55,'2021-01-26 16:59:57','2021-01-26 16:59:57'),(4556,46,37,56,'2021-01-26 16:59:57','2021-01-26 16:59:57'),(4557,46,37,57,'2021-01-26 16:59:57','2021-01-26 16:59:57'),(4558,46,37,65,'2021-01-26 16:59:57','2021-01-26 16:59:57'),(4559,46,37,66,'2021-01-26 16:59:57','2021-01-26 16:59:57'),(4560,46,37,67,'2021-01-26 16:59:57','2021-01-26 16:59:57'),(4561,46,37,68,'2021-01-26 16:59:57','2021-01-26 16:59:57'),(4562,46,37,69,'2021-01-26 16:59:57','2021-01-26 16:59:57'),(4563,46,37,70,'2021-01-26 16:59:57','2021-01-26 16:59:57'),(4564,46,37,71,'2021-01-26 16:59:57','2021-01-26 16:59:57'),(4565,46,37,72,'2021-01-26 16:59:57','2021-01-26 16:59:57'),(4566,46,37,73,'2021-01-26 16:59:57','2021-01-26 16:59:57'),(4567,46,37,74,'2021-01-26 16:59:57','2021-01-26 16:59:57'),(4568,46,37,75,'2021-01-26 16:59:57','2021-01-26 16:59:57'),(4569,46,37,76,'2021-01-26 16:59:57','2021-01-26 16:59:57'),(4570,46,37,77,'2021-01-26 16:59:57','2021-01-26 16:59:57'),(4571,46,37,78,'2021-01-26 16:59:57','2021-01-26 16:59:57'),(4572,46,37,79,'2021-01-26 16:59:57','2021-01-26 16:59:57'),(4573,46,37,80,'2021-01-26 16:59:57','2021-01-26 16:59:57'),(4574,46,37,81,'2021-01-26 16:59:57','2021-01-26 16:59:57'),(4575,47,38,1,'2021-01-26 17:02:06','2021-01-26 17:02:06'),(4576,47,38,2,'2021-01-26 17:02:06','2021-01-26 17:02:06'),(4577,47,38,3,'2021-01-26 17:02:06','2021-01-26 17:02:06'),(4578,47,38,4,'2021-01-26 17:02:06','2021-01-26 17:02:06'),(4579,47,38,5,'2021-01-26 17:02:06','2021-01-26 17:02:06'),(4580,47,38,6,'2021-01-26 17:02:06','2021-01-26 17:02:06'),(4581,47,38,7,'2021-01-26 17:02:06','2021-01-26 17:02:06'),(4582,47,38,8,'2021-01-26 17:02:06','2021-01-26 17:02:06'),(4583,47,38,9,'2021-01-26 17:02:06','2021-01-26 17:02:06'),(4584,47,38,10,'2021-01-26 17:02:06','2021-01-26 17:02:06'),(4585,47,38,11,'2021-01-26 17:02:06','2021-01-26 17:02:06'),(4586,47,38,12,'2021-01-26 17:02:06','2021-01-26 17:02:06'),(4587,47,38,13,'2021-01-26 17:02:06','2021-01-26 17:02:06'),(4588,47,38,14,'2021-01-26 17:02:06','2021-01-26 17:02:06'),(4589,47,38,15,'2021-01-26 17:02:06','2021-01-26 17:02:06'),(4590,47,38,16,'2021-01-26 17:02:06','2021-01-26 17:02:06'),(4591,47,38,17,'2021-01-26 17:02:06','2021-01-26 17:02:06'),(4592,47,38,18,'2021-01-26 17:02:06','2021-01-26 17:02:06'),(4593,47,38,19,'2021-01-26 17:02:06','2021-01-26 17:02:06'),(4594,47,38,20,'2021-01-26 17:02:06','2021-01-26 17:02:06'),(4595,47,38,25,'2021-01-26 17:02:06','2021-01-26 17:02:06'),(4596,47,38,26,'2021-01-26 17:02:06','2021-01-26 17:02:06'),(4597,47,38,30,'2021-01-26 17:02:06','2021-01-26 17:02:06'),(4598,47,38,31,'2021-01-26 17:02:06','2021-01-26 17:02:06'),(4599,47,38,32,'2021-01-26 17:02:06','2021-01-26 17:02:06'),(4600,47,38,33,'2021-01-26 17:02:06','2021-01-26 17:02:06'),(4601,47,38,34,'2021-01-26 17:02:06','2021-01-26 17:02:06'),(4602,47,38,35,'2021-01-26 17:02:06','2021-01-26 17:02:06'),(4603,47,38,36,'2021-01-26 17:02:06','2021-01-26 17:02:06'),(4604,47,38,37,'2021-01-26 17:02:06','2021-01-26 17:02:06'),(4605,47,38,45,'2021-01-26 17:02:06','2021-01-26 17:02:06'),(4606,47,38,46,'2021-01-26 17:02:06','2021-01-26 17:02:06'),(4607,47,38,47,'2021-01-26 17:02:06','2021-01-26 17:02:06'),(4608,47,38,48,'2021-01-26 17:02:06','2021-01-26 17:02:06'),(4609,47,38,49,'2021-01-26 17:02:06','2021-01-26 17:02:06'),(4610,47,38,50,'2021-01-26 17:02:06','2021-01-26 17:02:06'),(4611,47,38,51,'2021-01-26 17:02:06','2021-01-26 17:02:06'),(4612,47,38,52,'2021-01-26 17:02:06','2021-01-26 17:02:06'),(4613,47,38,53,'2021-01-26 17:02:06','2021-01-26 17:02:06'),(4614,47,38,54,'2021-01-26 17:02:06','2021-01-26 17:02:06'),(4615,47,38,55,'2021-01-26 17:02:06','2021-01-26 17:02:06'),(4616,47,38,56,'2021-01-26 17:02:06','2021-01-26 17:02:06'),(4617,47,38,57,'2021-01-26 17:02:06','2021-01-26 17:02:06'),(4618,47,38,65,'2021-01-26 17:02:06','2021-01-26 17:02:06'),(4619,47,38,66,'2021-01-26 17:02:06','2021-01-26 17:02:06'),(4620,47,38,67,'2021-01-26 17:02:06','2021-01-26 17:02:06'),(4621,47,38,68,'2021-01-26 17:02:06','2021-01-26 17:02:06'),(4622,47,38,69,'2021-01-26 17:02:06','2021-01-26 17:02:06'),(4623,47,38,70,'2021-01-26 17:02:06','2021-01-26 17:02:06'),(4624,47,38,71,'2021-01-26 17:02:06','2021-01-26 17:02:06'),(4625,47,38,72,'2021-01-26 17:02:06','2021-01-26 17:02:06'),(4626,47,38,73,'2021-01-26 17:02:06','2021-01-26 17:02:06'),(4627,47,38,74,'2021-01-26 17:02:06','2021-01-26 17:02:06'),(4628,47,38,75,'2021-01-26 17:02:06','2021-01-26 17:02:06'),(4629,47,38,76,'2021-01-26 17:02:06','2021-01-26 17:02:06'),(4630,47,38,77,'2021-01-26 17:02:06','2021-01-26 17:02:06'),(4631,47,38,78,'2021-01-26 17:02:06','2021-01-26 17:02:06'),(4632,47,38,79,'2021-01-26 17:02:06','2021-01-26 17:02:06'),(4633,47,38,80,'2021-01-26 17:02:06','2021-01-26 17:02:06'),(4634,47,38,81,'2021-01-26 17:02:06','2021-01-26 17:02:06'),(4635,48,39,1,'2021-01-26 17:05:55','2021-01-26 17:05:55'),(4636,48,39,2,'2021-01-26 17:05:55','2021-01-26 17:05:55'),(4637,48,39,3,'2021-01-26 17:05:55','2021-01-26 17:05:55'),(4638,48,39,4,'2021-01-26 17:05:55','2021-01-26 17:05:55'),(4639,48,39,5,'2021-01-26 17:05:55','2021-01-26 17:05:55'),(4640,48,39,6,'2021-01-26 17:05:55','2021-01-26 17:05:55'),(4641,48,39,7,'2021-01-26 17:05:55','2021-01-26 17:05:55'),(4642,48,39,8,'2021-01-26 17:05:55','2021-01-26 17:05:55'),(4643,48,39,9,'2021-01-26 17:05:55','2021-01-26 17:05:55'),(4644,48,39,10,'2021-01-26 17:05:55','2021-01-26 17:05:55'),(4645,48,39,11,'2021-01-26 17:05:55','2021-01-26 17:05:55'),(4646,48,39,12,'2021-01-26 17:05:55','2021-01-26 17:05:55'),(4647,48,39,13,'2021-01-26 17:05:55','2021-01-26 17:05:55'),(4648,48,39,14,'2021-01-26 17:05:55','2021-01-26 17:05:55'),(4649,48,39,15,'2021-01-26 17:05:55','2021-01-26 17:05:55'),(4650,48,39,16,'2021-01-26 17:05:55','2021-01-26 17:05:55'),(4651,48,39,17,'2021-01-26 17:05:55','2021-01-26 17:05:55'),(4652,48,39,18,'2021-01-26 17:05:55','2021-01-26 17:05:55'),(4653,48,39,19,'2021-01-26 17:05:55','2021-01-26 17:05:55'),(4654,48,39,20,'2021-01-26 17:05:55','2021-01-26 17:05:55'),(4655,48,39,25,'2021-01-26 17:05:55','2021-01-26 17:05:55'),(4656,48,39,26,'2021-01-26 17:05:55','2021-01-26 17:05:55'),(4657,48,39,30,'2021-01-26 17:05:55','2021-01-26 17:05:55'),(4658,48,39,31,'2021-01-26 17:05:55','2021-01-26 17:05:55'),(4659,48,39,32,'2021-01-26 17:05:55','2021-01-26 17:05:55'),(4660,48,39,33,'2021-01-26 17:05:55','2021-01-26 17:05:55'),(4661,48,39,34,'2021-01-26 17:05:55','2021-01-26 17:05:55'),(4662,48,39,35,'2021-01-26 17:05:55','2021-01-26 17:05:55'),(4663,48,39,36,'2021-01-26 17:05:55','2021-01-26 17:05:55'),(4664,48,39,37,'2021-01-26 17:05:55','2021-01-26 17:05:55'),(4665,48,39,45,'2021-01-26 17:05:55','2021-01-26 17:05:55'),(4666,48,39,46,'2021-01-26 17:05:55','2021-01-26 17:05:55'),(4667,48,39,47,'2021-01-26 17:05:55','2021-01-26 17:05:55'),(4668,48,39,48,'2021-01-26 17:05:55','2021-01-26 17:05:55'),(4669,48,39,49,'2021-01-26 17:05:55','2021-01-26 17:05:55'),(4670,48,39,50,'2021-01-26 17:05:55','2021-01-26 17:05:55'),(4671,48,39,51,'2021-01-26 17:05:55','2021-01-26 17:05:55'),(4672,48,39,52,'2021-01-26 17:05:55','2021-01-26 17:05:55'),(4673,48,39,53,'2021-01-26 17:05:55','2021-01-26 17:05:55'),(4674,48,39,54,'2021-01-26 17:05:55','2021-01-26 17:05:55'),(4675,48,39,55,'2021-01-26 17:05:55','2021-01-26 17:05:55'),(4676,48,39,56,'2021-01-26 17:05:55','2021-01-26 17:05:55'),(4677,48,39,57,'2021-01-26 17:05:55','2021-01-26 17:05:55'),(4678,48,39,63,'2021-01-26 17:05:55','2021-01-26 17:05:55'),(4679,48,39,64,'2021-01-26 17:05:55','2021-01-26 17:05:55'),(4680,48,39,65,'2021-01-26 17:05:55','2021-01-26 17:05:55'),(4681,48,39,66,'2021-01-26 17:05:55','2021-01-26 17:05:55'),(4682,48,39,67,'2021-01-26 17:05:55','2021-01-26 17:05:55'),(4683,48,39,68,'2021-01-26 17:05:55','2021-01-26 17:05:55'),(4684,48,39,69,'2021-01-26 17:05:55','2021-01-26 17:05:55'),(4685,48,39,70,'2021-01-26 17:05:55','2021-01-26 17:05:55'),(4686,48,39,71,'2021-01-26 17:05:55','2021-01-26 17:05:55'),(4687,48,39,72,'2021-01-26 17:05:55','2021-01-26 17:05:55'),(4688,48,39,73,'2021-01-26 17:05:55','2021-01-26 17:05:55'),(4689,48,39,74,'2021-01-26 17:05:55','2021-01-26 17:05:55'),(4690,48,39,75,'2021-01-26 17:05:55','2021-01-26 17:05:55'),(4691,48,39,76,'2021-01-26 17:05:55','2021-01-26 17:05:55'),(4692,48,39,77,'2021-01-26 17:05:55','2021-01-26 17:05:55'),(4693,48,39,78,'2021-01-26 17:05:55','2021-01-26 17:05:55'),(4694,48,39,79,'2021-01-26 17:05:55','2021-01-26 17:05:55'),(4695,48,39,80,'2021-01-26 17:05:55','2021-01-26 17:05:55'),(4696,48,39,81,'2021-01-26 17:05:55','2021-01-26 17:05:55'),(4697,49,40,1,'2021-01-26 17:08:00','2021-01-26 17:08:00'),(4698,49,40,2,'2021-01-26 17:08:00','2021-01-26 17:08:00'),(4699,49,40,3,'2021-01-26 17:08:00','2021-01-26 17:08:00'),(4700,49,40,4,'2021-01-26 17:08:00','2021-01-26 17:08:00'),(4701,49,40,5,'2021-01-26 17:08:00','2021-01-26 17:08:00'),(4702,49,40,6,'2021-01-26 17:08:00','2021-01-26 17:08:00'),(4703,49,40,7,'2021-01-26 17:08:00','2021-01-26 17:08:00'),(4704,49,40,8,'2021-01-26 17:08:00','2021-01-26 17:08:00'),(4705,49,40,9,'2021-01-26 17:08:00','2021-01-26 17:08:00'),(4706,49,40,10,'2021-01-26 17:08:00','2021-01-26 17:08:00'),(4707,49,40,11,'2021-01-26 17:08:00','2021-01-26 17:08:00'),(4708,49,40,12,'2021-01-26 17:08:00','2021-01-26 17:08:00'),(4709,49,40,13,'2021-01-26 17:08:00','2021-01-26 17:08:00'),(4710,49,40,14,'2021-01-26 17:08:00','2021-01-26 17:08:00'),(4711,49,40,15,'2021-01-26 17:08:00','2021-01-26 17:08:00'),(4712,49,40,16,'2021-01-26 17:08:00','2021-01-26 17:08:00'),(4713,49,40,17,'2021-01-26 17:08:00','2021-01-26 17:08:00'),(4714,49,40,18,'2021-01-26 17:08:00','2021-01-26 17:08:00'),(4715,49,40,19,'2021-01-26 17:08:00','2021-01-26 17:08:00'),(4716,49,40,20,'2021-01-26 17:08:00','2021-01-26 17:08:00'),(4717,49,40,25,'2021-01-26 17:08:00','2021-01-26 17:08:00'),(4718,49,40,26,'2021-01-26 17:08:00','2021-01-26 17:08:00'),(4719,49,40,30,'2021-01-26 17:08:00','2021-01-26 17:08:00'),(4720,49,40,31,'2021-01-26 17:08:00','2021-01-26 17:08:00'),(4721,49,40,32,'2021-01-26 17:08:00','2021-01-26 17:08:00'),(4722,49,40,33,'2021-01-26 17:08:00','2021-01-26 17:08:00'),(4723,49,40,34,'2021-01-26 17:08:00','2021-01-26 17:08:00'),(4724,49,40,35,'2021-01-26 17:08:00','2021-01-26 17:08:00'),(4725,49,40,36,'2021-01-26 17:08:00','2021-01-26 17:08:00'),(4726,49,40,37,'2021-01-26 17:08:00','2021-01-26 17:08:00'),(4727,49,40,45,'2021-01-26 17:08:00','2021-01-26 17:08:00'),(4728,49,40,46,'2021-01-26 17:08:00','2021-01-26 17:08:00'),(4729,49,40,47,'2021-01-26 17:08:00','2021-01-26 17:08:00'),(4730,49,40,48,'2021-01-26 17:08:00','2021-01-26 17:08:00'),(4731,49,40,49,'2021-01-26 17:08:00','2021-01-26 17:08:00'),(4732,49,40,50,'2021-01-26 17:08:00','2021-01-26 17:08:00'),(4733,49,40,51,'2021-01-26 17:08:00','2021-01-26 17:08:00'),(4734,49,40,52,'2021-01-26 17:08:00','2021-01-26 17:08:00'),(4735,49,40,53,'2021-01-26 17:08:00','2021-01-26 17:08:00'),(4736,49,40,54,'2021-01-26 17:08:00','2021-01-26 17:08:00'),(4737,49,40,55,'2021-01-26 17:08:00','2021-01-26 17:08:00'),(4738,49,40,56,'2021-01-26 17:08:00','2021-01-26 17:08:00'),(4739,49,40,57,'2021-01-26 17:08:00','2021-01-26 17:08:00'),(4740,49,40,65,'2021-01-26 17:08:00','2021-01-26 17:08:00'),(4741,49,40,66,'2021-01-26 17:08:00','2021-01-26 17:08:00'),(4742,49,40,67,'2021-01-26 17:08:00','2021-01-26 17:08:00'),(4743,49,40,68,'2021-01-26 17:08:00','2021-01-26 17:08:00'),(4744,49,40,69,'2021-01-26 17:08:00','2021-01-26 17:08:00'),(4745,49,40,70,'2021-01-26 17:08:00','2021-01-26 17:08:00'),(4746,49,40,71,'2021-01-26 17:08:00','2021-01-26 17:08:00'),(4747,49,40,72,'2021-01-26 17:08:00','2021-01-26 17:08:00'),(4748,49,40,73,'2021-01-26 17:08:00','2021-01-26 17:08:00'),(4749,49,40,74,'2021-01-26 17:08:00','2021-01-26 17:08:00'),(4750,49,40,75,'2021-01-26 17:08:00','2021-01-26 17:08:00'),(4751,49,40,76,'2021-01-26 17:08:00','2021-01-26 17:08:00'),(4752,49,40,77,'2021-01-26 17:08:00','2021-01-26 17:08:00'),(4753,49,40,78,'2021-01-26 17:08:00','2021-01-26 17:08:00'),(4754,49,40,79,'2021-01-26 17:08:00','2021-01-26 17:08:00'),(4755,49,40,80,'2021-01-26 17:08:00','2021-01-26 17:08:00'),(4756,49,40,81,'2021-01-26 17:08:00','2021-01-26 17:08:00'),(4757,50,41,1,'2021-01-26 17:09:58','2021-01-26 17:09:58'),(4758,50,41,2,'2021-01-26 17:09:58','2021-01-26 17:09:58'),(4759,50,41,3,'2021-01-26 17:09:58','2021-01-26 17:09:58'),(4760,50,41,4,'2021-01-26 17:09:58','2021-01-26 17:09:58'),(4761,50,41,5,'2021-01-26 17:09:58','2021-01-26 17:09:58'),(4762,50,41,6,'2021-01-26 17:09:58','2021-01-26 17:09:58'),(4763,50,41,7,'2021-01-26 17:09:58','2021-01-26 17:09:58'),(4764,50,41,8,'2021-01-26 17:09:58','2021-01-26 17:09:58'),(4765,50,41,9,'2021-01-26 17:09:58','2021-01-26 17:09:58'),(4766,50,41,10,'2021-01-26 17:09:58','2021-01-26 17:09:58'),(4767,50,41,11,'2021-01-26 17:09:58','2021-01-26 17:09:58'),(4768,50,41,12,'2021-01-26 17:09:58','2021-01-26 17:09:58'),(4769,50,41,13,'2021-01-26 17:09:58','2021-01-26 17:09:58'),(4770,50,41,14,'2021-01-26 17:09:58','2021-01-26 17:09:58'),(4771,50,41,15,'2021-01-26 17:09:58','2021-01-26 17:09:58'),(4772,50,41,16,'2021-01-26 17:09:58','2021-01-26 17:09:58'),(4773,50,41,17,'2021-01-26 17:09:58','2021-01-26 17:09:58'),(4774,50,41,18,'2021-01-26 17:09:58','2021-01-26 17:09:58'),(4775,50,41,19,'2021-01-26 17:09:58','2021-01-26 17:09:58'),(4776,50,41,20,'2021-01-26 17:09:58','2021-01-26 17:09:58'),(4777,50,41,25,'2021-01-26 17:09:58','2021-01-26 17:09:58'),(4778,50,41,26,'2021-01-26 17:09:58','2021-01-26 17:09:58'),(4779,50,41,30,'2021-01-26 17:09:58','2021-01-26 17:09:58'),(4780,50,41,31,'2021-01-26 17:09:58','2021-01-26 17:09:58'),(4781,50,41,32,'2021-01-26 17:09:58','2021-01-26 17:09:58'),(4782,50,41,33,'2021-01-26 17:09:58','2021-01-26 17:09:58'),(4783,50,41,34,'2021-01-26 17:09:58','2021-01-26 17:09:58'),(4784,50,41,35,'2021-01-26 17:09:58','2021-01-26 17:09:58'),(4785,50,41,36,'2021-01-26 17:09:58','2021-01-26 17:09:58'),(4786,50,41,37,'2021-01-26 17:09:58','2021-01-26 17:09:58'),(4787,50,41,45,'2021-01-26 17:09:58','2021-01-26 17:09:58'),(4788,50,41,46,'2021-01-26 17:09:58','2021-01-26 17:09:58'),(4789,50,41,47,'2021-01-26 17:09:58','2021-01-26 17:09:58'),(4790,50,41,48,'2021-01-26 17:09:58','2021-01-26 17:09:58'),(4791,50,41,49,'2021-01-26 17:09:58','2021-01-26 17:09:58'),(4792,50,41,50,'2021-01-26 17:09:58','2021-01-26 17:09:58'),(4793,50,41,51,'2021-01-26 17:09:58','2021-01-26 17:09:58'),(4794,50,41,52,'2021-01-26 17:09:58','2021-01-26 17:09:58'),(4795,50,41,53,'2021-01-26 17:09:58','2021-01-26 17:09:58'),(4796,50,41,54,'2021-01-26 17:09:58','2021-01-26 17:09:58'),(4797,50,41,55,'2021-01-26 17:09:58','2021-01-26 17:09:58'),(4798,50,41,56,'2021-01-26 17:09:58','2021-01-26 17:09:58'),(4799,50,41,57,'2021-01-26 17:09:58','2021-01-26 17:09:58'),(4800,50,41,65,'2021-01-26 17:09:58','2021-01-26 17:09:58'),(4801,50,41,66,'2021-01-26 17:09:58','2021-01-26 17:09:58'),(4802,50,41,67,'2021-01-26 17:09:58','2021-01-26 17:09:58'),(4803,50,41,68,'2021-01-26 17:09:58','2021-01-26 17:09:58'),(4804,50,41,69,'2021-01-26 17:09:58','2021-01-26 17:09:58'),(4805,50,41,70,'2021-01-26 17:09:58','2021-01-26 17:09:58'),(4806,50,41,71,'2021-01-26 17:09:58','2021-01-26 17:09:58'),(4807,50,41,72,'2021-01-26 17:09:58','2021-01-26 17:09:58'),(4808,50,41,73,'2021-01-26 17:09:58','2021-01-26 17:09:58'),(4809,50,41,74,'2021-01-26 17:09:58','2021-01-26 17:09:58'),(4810,50,41,75,'2021-01-26 17:09:58','2021-01-26 17:09:58'),(4811,50,41,76,'2021-01-26 17:09:58','2021-01-26 17:09:58'),(4812,50,41,77,'2021-01-26 17:09:58','2021-01-26 17:09:58'),(4813,50,41,78,'2021-01-26 17:09:58','2021-01-26 17:09:58'),(4814,50,41,79,'2021-01-26 17:09:58','2021-01-26 17:09:58'),(4815,50,41,80,'2021-01-26 17:09:58','2021-01-26 17:09:58'),(4816,50,41,81,'2021-01-26 17:09:58','2021-01-26 17:09:58'),(4817,51,42,3,'2021-01-26 17:10:30','2021-01-26 17:10:30'),(4818,51,42,4,'2021-01-26 17:10:30','2021-01-26 17:10:30'),(4819,51,42,5,'2021-01-26 17:10:30','2021-01-26 17:10:30'),(4820,51,42,6,'2021-01-26 17:10:30','2021-01-26 17:10:30'),(4821,51,42,7,'2021-01-26 17:10:30','2021-01-26 17:10:30'),(4822,51,42,8,'2021-01-26 17:10:30','2021-01-26 17:10:30'),(4823,51,42,9,'2021-01-26 17:10:30','2021-01-26 17:10:30'),(4824,51,42,10,'2021-01-26 17:10:30','2021-01-26 17:10:30'),(4825,51,42,11,'2021-01-26 17:10:30','2021-01-26 17:10:30'),(4826,51,42,12,'2021-01-26 17:10:30','2021-01-26 17:10:30'),(4827,51,42,13,'2021-01-26 17:10:30','2021-01-26 17:10:30'),(4828,51,42,14,'2021-01-26 17:10:30','2021-01-26 17:10:30'),(4829,51,42,15,'2021-01-26 17:10:30','2021-01-26 17:10:30'),(4830,51,42,16,'2021-01-26 17:10:30','2021-01-26 17:10:30'),(4831,51,42,17,'2021-01-26 17:10:30','2021-01-26 17:10:30'),(4832,51,42,18,'2021-01-26 17:10:30','2021-01-26 17:10:30'),(4833,51,42,19,'2021-01-26 17:10:30','2021-01-26 17:10:30'),(4834,51,42,20,'2021-01-26 17:10:30','2021-01-26 17:10:30'),(4835,51,42,25,'2021-01-26 17:10:30','2021-01-26 17:10:30'),(4836,51,42,26,'2021-01-26 17:10:30','2021-01-26 17:10:30'),(4837,51,42,30,'2021-01-26 17:10:30','2021-01-26 17:10:30'),(4838,51,42,31,'2021-01-26 17:10:30','2021-01-26 17:10:30'),(4839,51,42,32,'2021-01-26 17:10:30','2021-01-26 17:10:30'),(4840,51,42,33,'2021-01-26 17:10:30','2021-01-26 17:10:30'),(4841,51,42,34,'2021-01-26 17:10:30','2021-01-26 17:10:30'),(4842,51,42,35,'2021-01-26 17:10:30','2021-01-26 17:10:30'),(4843,51,42,36,'2021-01-26 17:10:30','2021-01-26 17:10:30'),(4844,51,42,37,'2021-01-26 17:10:30','2021-01-26 17:10:30'),(4845,51,42,45,'2021-01-26 17:10:30','2021-01-26 17:10:30'),(4846,51,42,46,'2021-01-26 17:10:30','2021-01-26 17:10:30'),(4847,51,42,47,'2021-01-26 17:10:30','2021-01-26 17:10:30'),(4848,51,42,48,'2021-01-26 17:10:30','2021-01-26 17:10:30'),(4849,51,42,50,'2021-01-26 17:10:30','2021-01-26 17:10:30'),(4850,51,42,51,'2021-01-26 17:10:30','2021-01-26 17:10:30'),(4851,51,42,52,'2021-01-26 17:10:30','2021-01-26 17:10:30'),(4852,51,42,53,'2021-01-26 17:10:30','2021-01-26 17:10:30'),(4853,51,42,54,'2021-01-26 17:10:30','2021-01-26 17:10:30'),(4854,51,42,55,'2021-01-26 17:10:30','2021-01-26 17:10:30'),(4855,51,42,56,'2021-01-26 17:10:30','2021-01-26 17:10:30'),(4856,51,42,57,'2021-01-26 17:10:30','2021-01-26 17:10:30'),(4857,51,42,65,'2021-01-26 17:10:30','2021-01-26 17:10:30'),(4858,51,42,77,'2021-01-26 17:10:30','2021-01-26 17:10:30'),(4859,51,42,78,'2021-01-26 17:10:30','2021-01-26 17:10:30'),(4860,51,42,79,'2021-01-26 17:10:30','2021-01-26 17:10:30'),(4861,51,42,80,'2021-01-26 17:10:30','2021-01-26 17:10:30'),(4862,51,42,81,'2021-01-26 17:10:30','2021-01-26 17:10:30'),(4863,52,43,1,'2021-01-26 17:11:48','2021-01-26 17:11:48'),(4864,52,43,2,'2021-01-26 17:11:48','2021-01-26 17:11:48'),(4865,52,43,3,'2021-01-26 17:11:48','2021-01-26 17:11:48'),(4866,52,43,4,'2021-01-26 17:11:48','2021-01-26 17:11:48'),(4867,52,43,5,'2021-01-26 17:11:48','2021-01-26 17:11:48'),(4868,52,43,6,'2021-01-26 17:11:48','2021-01-26 17:11:48'),(4869,52,43,7,'2021-01-26 17:11:48','2021-01-26 17:11:48'),(4870,52,43,8,'2021-01-26 17:11:48','2021-01-26 17:11:48'),(4871,52,43,9,'2021-01-26 17:11:48','2021-01-26 17:11:48'),(4872,52,43,10,'2021-01-26 17:11:48','2021-01-26 17:11:48'),(4873,52,43,11,'2021-01-26 17:11:48','2021-01-26 17:11:48'),(4874,52,43,12,'2021-01-26 17:11:48','2021-01-26 17:11:48'),(4875,52,43,13,'2021-01-26 17:11:48','2021-01-26 17:11:48'),(4876,52,43,14,'2021-01-26 17:11:48','2021-01-26 17:11:48'),(4877,52,43,15,'2021-01-26 17:11:48','2021-01-26 17:11:48'),(4878,52,43,16,'2021-01-26 17:11:48','2021-01-26 17:11:48'),(4879,52,43,17,'2021-01-26 17:11:48','2021-01-26 17:11:48'),(4880,52,43,18,'2021-01-26 17:11:48','2021-01-26 17:11:48'),(4881,52,43,19,'2021-01-26 17:11:48','2021-01-26 17:11:48'),(4882,52,43,20,'2021-01-26 17:11:48','2021-01-26 17:11:48'),(4883,52,43,25,'2021-01-26 17:11:48','2021-01-26 17:11:48'),(4884,52,43,26,'2021-01-26 17:11:48','2021-01-26 17:11:48'),(4885,52,43,30,'2021-01-26 17:11:48','2021-01-26 17:11:48'),(4886,52,43,31,'2021-01-26 17:11:48','2021-01-26 17:11:48'),(4887,52,43,32,'2021-01-26 17:11:48','2021-01-26 17:11:48'),(4888,52,43,33,'2021-01-26 17:11:48','2021-01-26 17:11:48'),(4889,52,43,34,'2021-01-26 17:11:48','2021-01-26 17:11:48'),(4890,52,43,35,'2021-01-26 17:11:48','2021-01-26 17:11:48'),(4891,52,43,36,'2021-01-26 17:11:48','2021-01-26 17:11:48'),(4892,52,43,37,'2021-01-26 17:11:48','2021-01-26 17:11:48'),(4893,52,43,45,'2021-01-26 17:11:48','2021-01-26 17:11:48'),(4894,52,43,46,'2021-01-26 17:11:48','2021-01-26 17:11:48'),(4895,52,43,47,'2021-01-26 17:11:48','2021-01-26 17:11:48'),(4896,52,43,48,'2021-01-26 17:11:48','2021-01-26 17:11:48'),(4897,52,43,49,'2021-01-26 17:11:48','2021-01-26 17:11:48'),(4898,52,43,50,'2021-01-26 17:11:48','2021-01-26 17:11:48'),(4899,52,43,51,'2021-01-26 17:11:48','2021-01-26 17:11:48'),(4900,52,43,52,'2021-01-26 17:11:48','2021-01-26 17:11:48'),(4901,52,43,53,'2021-01-26 17:11:48','2021-01-26 17:11:48'),(4902,52,43,54,'2021-01-26 17:11:48','2021-01-26 17:11:48'),(4903,52,43,55,'2021-01-26 17:11:48','2021-01-26 17:11:48'),(4904,52,43,56,'2021-01-26 17:11:48','2021-01-26 17:11:48'),(4905,52,43,57,'2021-01-26 17:11:48','2021-01-26 17:11:48'),(4906,52,43,65,'2021-01-26 17:11:48','2021-01-26 17:11:48'),(4907,52,43,66,'2021-01-26 17:11:48','2021-01-26 17:11:48'),(4908,52,43,67,'2021-01-26 17:11:48','2021-01-26 17:11:48'),(4909,52,43,68,'2021-01-26 17:11:48','2021-01-26 17:11:48'),(4910,52,43,69,'2021-01-26 17:11:48','2021-01-26 17:11:48'),(4911,52,43,70,'2021-01-26 17:11:48','2021-01-26 17:11:48'),(4912,52,43,71,'2021-01-26 17:11:48','2021-01-26 17:11:48'),(4913,52,43,72,'2021-01-26 17:11:48','2021-01-26 17:11:48'),(4914,52,43,73,'2021-01-26 17:11:48','2021-01-26 17:11:48'),(4915,52,43,74,'2021-01-26 17:11:48','2021-01-26 17:11:48'),(4916,52,43,75,'2021-01-26 17:11:48','2021-01-26 17:11:48'),(4917,52,43,76,'2021-01-26 17:11:48','2021-01-26 17:11:48'),(4918,52,43,77,'2021-01-26 17:11:48','2021-01-26 17:11:48'),(4919,52,43,78,'2021-01-26 17:11:48','2021-01-26 17:11:48'),(4920,52,43,79,'2021-01-26 17:11:48','2021-01-26 17:11:48'),(4921,52,43,80,'2021-01-26 17:11:48','2021-01-26 17:11:48'),(4922,52,43,81,'2021-01-26 17:11:48','2021-01-26 17:11:48'),(4923,53,44,1,'2021-01-26 17:13:15','2021-01-26 17:13:15'),(4924,53,44,2,'2021-01-26 17:13:15','2021-01-26 17:13:15'),(4925,53,44,3,'2021-01-26 17:13:15','2021-01-26 17:13:15'),(4926,53,44,4,'2021-01-26 17:13:15','2021-01-26 17:13:15'),(4927,53,44,5,'2021-01-26 17:13:15','2021-01-26 17:13:15'),(4928,53,44,6,'2021-01-26 17:13:15','2021-01-26 17:13:15'),(4929,53,44,7,'2021-01-26 17:13:15','2021-01-26 17:13:15'),(4930,53,44,8,'2021-01-26 17:13:15','2021-01-26 17:13:15'),(4931,53,44,9,'2021-01-26 17:13:15','2021-01-26 17:13:15'),(4932,53,44,10,'2021-01-26 17:13:15','2021-01-26 17:13:15'),(4933,53,44,11,'2021-01-26 17:13:15','2021-01-26 17:13:15'),(4934,53,44,12,'2021-01-26 17:13:15','2021-01-26 17:13:15'),(4935,53,44,13,'2021-01-26 17:13:15','2021-01-26 17:13:15'),(4936,53,44,14,'2021-01-26 17:13:15','2021-01-26 17:13:15'),(4937,53,44,15,'2021-01-26 17:13:15','2021-01-26 17:13:15'),(4938,53,44,16,'2021-01-26 17:13:15','2021-01-26 17:13:15'),(4939,53,44,17,'2021-01-26 17:13:15','2021-01-26 17:13:15'),(4940,53,44,18,'2021-01-26 17:13:15','2021-01-26 17:13:15'),(4941,53,44,19,'2021-01-26 17:13:15','2021-01-26 17:13:15'),(4942,53,44,20,'2021-01-26 17:13:15','2021-01-26 17:13:15'),(4943,53,44,25,'2021-01-26 17:13:15','2021-01-26 17:13:15'),(4944,53,44,26,'2021-01-26 17:13:15','2021-01-26 17:13:15'),(4945,53,44,30,'2021-01-26 17:13:15','2021-01-26 17:13:15'),(4946,53,44,31,'2021-01-26 17:13:15','2021-01-26 17:13:15'),(4947,53,44,32,'2021-01-26 17:13:15','2021-01-26 17:13:15'),(4948,53,44,33,'2021-01-26 17:13:15','2021-01-26 17:13:15'),(4949,53,44,34,'2021-01-26 17:13:15','2021-01-26 17:13:15'),(4950,53,44,35,'2021-01-26 17:13:15','2021-01-26 17:13:15'),(4951,53,44,36,'2021-01-26 17:13:15','2021-01-26 17:13:15'),(4952,53,44,37,'2021-01-26 17:13:15','2021-01-26 17:13:15'),(4953,53,44,45,'2021-01-26 17:13:15','2021-01-26 17:13:15'),(4954,53,44,46,'2021-01-26 17:13:15','2021-01-26 17:13:15'),(4955,53,44,47,'2021-01-26 17:13:15','2021-01-26 17:13:15'),(4956,53,44,48,'2021-01-26 17:13:15','2021-01-26 17:13:15'),(4957,53,44,50,'2021-01-26 17:13:15','2021-01-26 17:13:15'),(4958,53,44,51,'2021-01-26 17:13:15','2021-01-26 17:13:15'),(4959,53,44,52,'2021-01-26 17:13:15','2021-01-26 17:13:15'),(4960,53,44,53,'2021-01-26 17:13:15','2021-01-26 17:13:15'),(4961,53,44,54,'2021-01-26 17:13:15','2021-01-26 17:13:15'),(4962,53,44,55,'2021-01-26 17:13:15','2021-01-26 17:13:15'),(4963,53,44,56,'2021-01-26 17:13:15','2021-01-26 17:13:15'),(4964,53,44,57,'2021-01-26 17:13:15','2021-01-26 17:13:15'),(4965,53,44,58,'2021-01-26 17:13:15','2021-01-26 17:13:15'),(4966,53,44,59,'2021-01-26 17:13:15','2021-01-26 17:13:15'),(4967,53,44,65,'2021-01-26 17:13:15','2021-01-26 17:13:15'),(4968,53,44,77,'2021-01-26 17:13:15','2021-01-26 17:13:15'),(4969,53,44,78,'2021-01-26 17:13:15','2021-01-26 17:13:15'),(4970,53,44,79,'2021-01-26 17:13:15','2021-01-26 17:13:15'),(4971,53,44,80,'2021-01-26 17:13:15','2021-01-26 17:13:15'),(4972,53,44,81,'2021-01-26 17:13:15','2021-01-26 17:13:15'),(4973,54,45,1,'2021-01-26 17:13:41','2021-01-26 17:13:41'),(4974,54,45,2,'2021-01-26 17:13:41','2021-01-26 17:13:41'),(4975,54,45,3,'2021-01-26 17:13:41','2021-01-26 17:13:41'),(4976,54,45,4,'2021-01-26 17:13:41','2021-01-26 17:13:41'),(4977,54,45,5,'2021-01-26 17:13:41','2021-01-26 17:13:41'),(4978,54,45,6,'2021-01-26 17:13:41','2021-01-26 17:13:41'),(4979,54,45,7,'2021-01-26 17:13:41','2021-01-26 17:13:41'),(4980,54,45,8,'2021-01-26 17:13:41','2021-01-26 17:13:41'),(4981,54,45,9,'2021-01-26 17:13:41','2021-01-26 17:13:41'),(4982,54,45,10,'2021-01-26 17:13:41','2021-01-26 17:13:41'),(4983,54,45,11,'2021-01-26 17:13:41','2021-01-26 17:13:41'),(4984,54,45,12,'2021-01-26 17:13:41','2021-01-26 17:13:41'),(4985,54,45,13,'2021-01-26 17:13:41','2021-01-26 17:13:41'),(4986,54,45,14,'2021-01-26 17:13:41','2021-01-26 17:13:41'),(4987,54,45,15,'2021-01-26 17:13:41','2021-01-26 17:13:41'),(4988,54,45,16,'2021-01-26 17:13:41','2021-01-26 17:13:41'),(4989,54,45,17,'2021-01-26 17:13:41','2021-01-26 17:13:41'),(4990,54,45,18,'2021-01-26 17:13:41','2021-01-26 17:13:41'),(4991,54,45,19,'2021-01-26 17:13:41','2021-01-26 17:13:41'),(4992,54,45,20,'2021-01-26 17:13:41','2021-01-26 17:13:41'),(4993,54,45,25,'2021-01-26 17:13:41','2021-01-26 17:13:41'),(4994,54,45,26,'2021-01-26 17:13:41','2021-01-26 17:13:41'),(4995,54,45,30,'2021-01-26 17:13:41','2021-01-26 17:13:41'),(4996,54,45,31,'2021-01-26 17:13:41','2021-01-26 17:13:41'),(4997,54,45,32,'2021-01-26 17:13:41','2021-01-26 17:13:41'),(4998,54,45,33,'2021-01-26 17:13:41','2021-01-26 17:13:41'),(4999,54,45,34,'2021-01-26 17:13:41','2021-01-26 17:13:41'),(5000,54,45,35,'2021-01-26 17:13:41','2021-01-26 17:13:41'),(5001,54,45,36,'2021-01-26 17:13:41','2021-01-26 17:13:41'),(5002,54,45,37,'2021-01-26 17:13:41','2021-01-26 17:13:41'),(5003,54,45,45,'2021-01-26 17:13:41','2021-01-26 17:13:41'),(5004,54,45,46,'2021-01-26 17:13:41','2021-01-26 17:13:41'),(5005,54,45,47,'2021-01-26 17:13:41','2021-01-26 17:13:41'),(5006,54,45,48,'2021-01-26 17:13:41','2021-01-26 17:13:41'),(5007,54,45,49,'2021-01-26 17:13:41','2021-01-26 17:13:41'),(5008,54,45,50,'2021-01-26 17:13:41','2021-01-26 17:13:41'),(5009,54,45,51,'2021-01-26 17:13:41','2021-01-26 17:13:41'),(5010,54,45,52,'2021-01-26 17:13:41','2021-01-26 17:13:41'),(5011,54,45,53,'2021-01-26 17:13:41','2021-01-26 17:13:41'),(5012,54,45,54,'2021-01-26 17:13:41','2021-01-26 17:13:41'),(5013,54,45,55,'2021-01-26 17:13:41','2021-01-26 17:13:41'),(5014,54,45,56,'2021-01-26 17:13:41','2021-01-26 17:13:41'),(5015,54,45,57,'2021-01-26 17:13:41','2021-01-26 17:13:41'),(5016,54,45,65,'2021-01-26 17:13:41','2021-01-26 17:13:41'),(5017,54,45,66,'2021-01-26 17:13:41','2021-01-26 17:13:41'),(5018,54,45,67,'2021-01-26 17:13:41','2021-01-26 17:13:41'),(5019,54,45,68,'2021-01-26 17:13:41','2021-01-26 17:13:41'),(5020,54,45,69,'2021-01-26 17:13:41','2021-01-26 17:13:41'),(5021,54,45,70,'2021-01-26 17:13:41','2021-01-26 17:13:41'),(5022,54,45,71,'2021-01-26 17:13:41','2021-01-26 17:13:41'),(5023,54,45,72,'2021-01-26 17:13:41','2021-01-26 17:13:41'),(5024,54,45,73,'2021-01-26 17:13:41','2021-01-26 17:13:41'),(5025,54,45,74,'2021-01-26 17:13:41','2021-01-26 17:13:41'),(5026,54,45,75,'2021-01-26 17:13:41','2021-01-26 17:13:41'),(5027,54,45,76,'2021-01-26 17:13:41','2021-01-26 17:13:41'),(5028,54,45,77,'2021-01-26 17:13:41','2021-01-26 17:13:41'),(5029,54,45,78,'2021-01-26 17:13:41','2021-01-26 17:13:41'),(5030,54,45,79,'2021-01-26 17:13:41','2021-01-26 17:13:41'),(5031,54,45,80,'2021-01-26 17:13:41','2021-01-26 17:13:41'),(5032,54,45,81,'2021-01-26 17:13:41','2021-01-26 17:13:41'),(5033,55,46,1,'2021-01-26 17:14:59','2021-01-26 17:14:59'),(5034,55,46,2,'2021-01-26 17:14:59','2021-01-26 17:14:59'),(5035,55,46,3,'2021-01-26 17:14:59','2021-01-26 17:14:59'),(5036,55,46,4,'2021-01-26 17:14:59','2021-01-26 17:14:59'),(5037,55,46,5,'2021-01-26 17:14:59','2021-01-26 17:14:59'),(5038,55,46,6,'2021-01-26 17:14:59','2021-01-26 17:14:59'),(5039,55,46,7,'2021-01-26 17:14:59','2021-01-26 17:14:59'),(5040,55,46,8,'2021-01-26 17:14:59','2021-01-26 17:14:59'),(5041,55,46,9,'2021-01-26 17:14:59','2021-01-26 17:14:59'),(5042,55,46,10,'2021-01-26 17:14:59','2021-01-26 17:14:59'),(5043,55,46,11,'2021-01-26 17:14:59','2021-01-26 17:14:59'),(5044,55,46,12,'2021-01-26 17:14:59','2021-01-26 17:14:59'),(5045,55,46,13,'2021-01-26 17:14:59','2021-01-26 17:14:59'),(5046,55,46,14,'2021-01-26 17:14:59','2021-01-26 17:14:59'),(5047,55,46,15,'2021-01-26 17:14:59','2021-01-26 17:14:59'),(5048,55,46,16,'2021-01-26 17:14:59','2021-01-26 17:14:59'),(5049,55,46,17,'2021-01-26 17:14:59','2021-01-26 17:14:59'),(5050,55,46,18,'2021-01-26 17:14:59','2021-01-26 17:14:59'),(5051,55,46,19,'2021-01-26 17:14:59','2021-01-26 17:14:59'),(5052,55,46,20,'2021-01-26 17:14:59','2021-01-26 17:14:59'),(5053,55,46,25,'2021-01-26 17:14:59','2021-01-26 17:14:59'),(5054,55,46,26,'2021-01-26 17:14:59','2021-01-26 17:14:59'),(5055,55,46,30,'2021-01-26 17:14:59','2021-01-26 17:14:59'),(5056,55,46,31,'2021-01-26 17:14:59','2021-01-26 17:14:59'),(5057,55,46,32,'2021-01-26 17:14:59','2021-01-26 17:14:59'),(5058,55,46,33,'2021-01-26 17:14:59','2021-01-26 17:14:59'),(5059,55,46,34,'2021-01-26 17:14:59','2021-01-26 17:14:59'),(5060,55,46,35,'2021-01-26 17:14:59','2021-01-26 17:14:59'),(5061,55,46,36,'2021-01-26 17:14:59','2021-01-26 17:14:59'),(5062,55,46,37,'2021-01-26 17:14:59','2021-01-26 17:14:59'),(5063,55,46,45,'2021-01-26 17:14:59','2021-01-26 17:14:59'),(5064,55,46,46,'2021-01-26 17:14:59','2021-01-26 17:14:59'),(5065,55,46,47,'2021-01-26 17:14:59','2021-01-26 17:14:59'),(5066,55,46,48,'2021-01-26 17:14:59','2021-01-26 17:14:59'),(5067,55,46,50,'2021-01-26 17:14:59','2021-01-26 17:14:59'),(5068,55,46,51,'2021-01-26 17:14:59','2021-01-26 17:14:59'),(5069,55,46,52,'2021-01-26 17:14:59','2021-01-26 17:14:59'),(5070,55,46,53,'2021-01-26 17:14:59','2021-01-26 17:14:59'),(5071,55,46,54,'2021-01-26 17:14:59','2021-01-26 17:14:59'),(5072,55,46,55,'2021-01-26 17:14:59','2021-01-26 17:14:59'),(5073,55,46,56,'2021-01-26 17:14:59','2021-01-26 17:14:59'),(5074,55,46,57,'2021-01-26 17:14:59','2021-01-26 17:14:59'),(5075,55,46,77,'2021-01-26 17:14:59','2021-01-26 17:14:59'),(5076,55,46,78,'2021-01-26 17:14:59','2021-01-26 17:14:59'),(5077,55,46,79,'2021-01-26 17:14:59','2021-01-26 17:14:59'),(5078,55,46,80,'2021-01-26 17:14:59','2021-01-26 17:14:59'),(5079,55,46,81,'2021-01-26 17:14:59','2021-01-26 17:14:59'),(5080,56,47,1,'2021-01-26 17:15:21','2021-01-26 17:15:21'),(5081,56,47,2,'2021-01-26 17:15:21','2021-01-26 17:15:21'),(5082,56,47,3,'2021-01-26 17:15:21','2021-01-26 17:15:21'),(5083,56,47,4,'2021-01-26 17:15:21','2021-01-26 17:15:21'),(5084,56,47,5,'2021-01-26 17:15:21','2021-01-26 17:15:21'),(5085,56,47,6,'2021-01-26 17:15:21','2021-01-26 17:15:21'),(5086,56,47,7,'2021-01-26 17:15:21','2021-01-26 17:15:21'),(5087,56,47,8,'2021-01-26 17:15:21','2021-01-26 17:15:21'),(5088,56,47,9,'2021-01-26 17:15:21','2021-01-26 17:15:21'),(5089,56,47,10,'2021-01-26 17:15:21','2021-01-26 17:15:21'),(5090,56,47,11,'2021-01-26 17:15:21','2021-01-26 17:15:21'),(5091,56,47,12,'2021-01-26 17:15:21','2021-01-26 17:15:21'),(5092,56,47,13,'2021-01-26 17:15:21','2021-01-26 17:15:21'),(5093,56,47,14,'2021-01-26 17:15:21','2021-01-26 17:15:21'),(5094,56,47,15,'2021-01-26 17:15:21','2021-01-26 17:15:21'),(5095,56,47,16,'2021-01-26 17:15:21','2021-01-26 17:15:21'),(5096,56,47,17,'2021-01-26 17:15:21','2021-01-26 17:15:21'),(5097,56,47,18,'2021-01-26 17:15:21','2021-01-26 17:15:21'),(5098,56,47,19,'2021-01-26 17:15:21','2021-01-26 17:15:21'),(5099,56,47,20,'2021-01-26 17:15:21','2021-01-26 17:15:21'),(5100,56,47,25,'2021-01-26 17:15:21','2021-01-26 17:15:21'),(5101,56,47,26,'2021-01-26 17:15:21','2021-01-26 17:15:21'),(5102,56,47,30,'2021-01-26 17:15:21','2021-01-26 17:15:21'),(5103,56,47,31,'2021-01-26 17:15:21','2021-01-26 17:15:21'),(5104,56,47,32,'2021-01-26 17:15:21','2021-01-26 17:15:21'),(5105,56,47,33,'2021-01-26 17:15:21','2021-01-26 17:15:21'),(5106,56,47,34,'2021-01-26 17:15:21','2021-01-26 17:15:21'),(5107,56,47,35,'2021-01-26 17:15:21','2021-01-26 17:15:21'),(5108,56,47,36,'2021-01-26 17:15:21','2021-01-26 17:15:21'),(5109,56,47,37,'2021-01-26 17:15:21','2021-01-26 17:15:21'),(5110,56,47,45,'2021-01-26 17:15:21','2021-01-26 17:15:21'),(5111,56,47,46,'2021-01-26 17:15:21','2021-01-26 17:15:21'),(5112,56,47,47,'2021-01-26 17:15:21','2021-01-26 17:15:21'),(5113,56,47,48,'2021-01-26 17:15:21','2021-01-26 17:15:21'),(5114,56,47,49,'2021-01-26 17:15:21','2021-01-26 17:15:21'),(5115,56,47,50,'2021-01-26 17:15:21','2021-01-26 17:15:21'),(5116,56,47,51,'2021-01-26 17:15:21','2021-01-26 17:15:21'),(5117,56,47,52,'2021-01-26 17:15:21','2021-01-26 17:15:21'),(5118,56,47,53,'2021-01-26 17:15:21','2021-01-26 17:15:21'),(5119,56,47,54,'2021-01-26 17:15:21','2021-01-26 17:15:21'),(5120,56,47,55,'2021-01-26 17:15:21','2021-01-26 17:15:21'),(5121,56,47,56,'2021-01-26 17:15:21','2021-01-26 17:15:21'),(5122,56,47,57,'2021-01-26 17:15:21','2021-01-26 17:15:21'),(5123,56,47,65,'2021-01-26 17:15:21','2021-01-26 17:15:21'),(5124,56,47,66,'2021-01-26 17:15:21','2021-01-26 17:15:21'),(5125,56,47,67,'2021-01-26 17:15:21','2021-01-26 17:15:21'),(5126,56,47,68,'2021-01-26 17:15:21','2021-01-26 17:15:21'),(5127,56,47,69,'2021-01-26 17:15:21','2021-01-26 17:15:21'),(5128,56,47,70,'2021-01-26 17:15:21','2021-01-26 17:15:21'),(5129,56,47,71,'2021-01-26 17:15:21','2021-01-26 17:15:21'),(5130,56,47,72,'2021-01-26 17:15:21','2021-01-26 17:15:21'),(5131,56,47,73,'2021-01-26 17:15:21','2021-01-26 17:15:21'),(5132,56,47,74,'2021-01-26 17:15:21','2021-01-26 17:15:21'),(5133,56,47,75,'2021-01-26 17:15:21','2021-01-26 17:15:21'),(5134,56,47,76,'2021-01-26 17:15:21','2021-01-26 17:15:21'),(5135,56,47,77,'2021-01-26 17:15:21','2021-01-26 17:15:21'),(5136,56,47,78,'2021-01-26 17:15:21','2021-01-26 17:15:21'),(5137,56,47,79,'2021-01-26 17:15:21','2021-01-26 17:15:21'),(5138,56,47,80,'2021-01-26 17:15:21','2021-01-26 17:15:21'),(5139,56,47,81,'2021-01-26 17:15:21','2021-01-26 17:15:21'),(5140,57,48,1,'2021-01-26 17:16:29','2021-01-26 17:16:29'),(5141,57,48,2,'2021-01-26 17:16:29','2021-01-26 17:16:29'),(5142,57,48,3,'2021-01-26 17:16:29','2021-01-26 17:16:29'),(5143,57,48,4,'2021-01-26 17:16:29','2021-01-26 17:16:29'),(5144,57,48,5,'2021-01-26 17:16:29','2021-01-26 17:16:29'),(5145,57,48,6,'2021-01-26 17:16:29','2021-01-26 17:16:29'),(5146,57,48,7,'2021-01-26 17:16:29','2021-01-26 17:16:29'),(5147,57,48,8,'2021-01-26 17:16:29','2021-01-26 17:16:29'),(5148,57,48,9,'2021-01-26 17:16:29','2021-01-26 17:16:29'),(5149,57,48,10,'2021-01-26 17:16:29','2021-01-26 17:16:29'),(5150,57,48,11,'2021-01-26 17:16:29','2021-01-26 17:16:29'),(5151,57,48,12,'2021-01-26 17:16:29','2021-01-26 17:16:29'),(5152,57,48,13,'2021-01-26 17:16:29','2021-01-26 17:16:29'),(5153,57,48,14,'2021-01-26 17:16:29','2021-01-26 17:16:29'),(5154,57,48,15,'2021-01-26 17:16:29','2021-01-26 17:16:29'),(5155,57,48,16,'2021-01-26 17:16:29','2021-01-26 17:16:29'),(5156,57,48,17,'2021-01-26 17:16:29','2021-01-26 17:16:29'),(5157,57,48,18,'2021-01-26 17:16:29','2021-01-26 17:16:29'),(5158,57,48,19,'2021-01-26 17:16:29','2021-01-26 17:16:29'),(5159,57,48,20,'2021-01-26 17:16:29','2021-01-26 17:16:29'),(5160,57,48,25,'2021-01-26 17:16:29','2021-01-26 17:16:29'),(5161,57,48,26,'2021-01-26 17:16:29','2021-01-26 17:16:29'),(5162,57,48,30,'2021-01-26 17:16:29','2021-01-26 17:16:29'),(5163,57,48,31,'2021-01-26 17:16:29','2021-01-26 17:16:29'),(5164,57,48,32,'2021-01-26 17:16:29','2021-01-26 17:16:29'),(5165,57,48,33,'2021-01-26 17:16:29','2021-01-26 17:16:29'),(5166,57,48,34,'2021-01-26 17:16:29','2021-01-26 17:16:29'),(5167,57,48,35,'2021-01-26 17:16:29','2021-01-26 17:16:29'),(5168,57,48,36,'2021-01-26 17:16:29','2021-01-26 17:16:29'),(5169,57,48,37,'2021-01-26 17:16:29','2021-01-26 17:16:29'),(5170,57,48,45,'2021-01-26 17:16:29','2021-01-26 17:16:29'),(5171,57,48,46,'2021-01-26 17:16:29','2021-01-26 17:16:29'),(5172,57,48,47,'2021-01-26 17:16:29','2021-01-26 17:16:29'),(5173,57,48,48,'2021-01-26 17:16:29','2021-01-26 17:16:29'),(5174,57,48,50,'2021-01-26 17:16:29','2021-01-26 17:16:29'),(5175,57,48,51,'2021-01-26 17:16:29','2021-01-26 17:16:29'),(5176,57,48,52,'2021-01-26 17:16:29','2021-01-26 17:16:29'),(5177,57,48,53,'2021-01-26 17:16:29','2021-01-26 17:16:29'),(5178,57,48,54,'2021-01-26 17:16:29','2021-01-26 17:16:29'),(5179,57,48,55,'2021-01-26 17:16:29','2021-01-26 17:16:29'),(5180,57,48,56,'2021-01-26 17:16:29','2021-01-26 17:16:29'),(5181,57,48,57,'2021-01-26 17:16:29','2021-01-26 17:16:29'),(5182,57,48,77,'2021-01-26 17:16:29','2021-01-26 17:16:29'),(5183,57,48,78,'2021-01-26 17:16:29','2021-01-26 17:16:29'),(5184,57,48,79,'2021-01-26 17:16:29','2021-01-26 17:16:29'),(5185,57,48,80,'2021-01-26 17:16:29','2021-01-26 17:16:29'),(5186,57,48,81,'2021-01-26 17:16:29','2021-01-26 17:16:29'),(5187,58,49,1,'2021-01-26 17:17:12','2021-01-26 17:17:12'),(5188,58,49,2,'2021-01-26 17:17:12','2021-01-26 17:17:12'),(5189,58,49,3,'2021-01-26 17:17:12','2021-01-26 17:17:12'),(5190,58,49,4,'2021-01-26 17:17:12','2021-01-26 17:17:12'),(5191,58,49,5,'2021-01-26 17:17:12','2021-01-26 17:17:12'),(5192,58,49,6,'2021-01-26 17:17:12','2021-01-26 17:17:12'),(5193,58,49,7,'2021-01-26 17:17:12','2021-01-26 17:17:12'),(5194,58,49,8,'2021-01-26 17:17:12','2021-01-26 17:17:12'),(5195,58,49,9,'2021-01-26 17:17:12','2021-01-26 17:17:12'),(5196,58,49,10,'2021-01-26 17:17:12','2021-01-26 17:17:12'),(5197,58,49,11,'2021-01-26 17:17:12','2021-01-26 17:17:12'),(5198,58,49,12,'2021-01-26 17:17:12','2021-01-26 17:17:12'),(5199,58,49,13,'2021-01-26 17:17:12','2021-01-26 17:17:12'),(5200,58,49,14,'2021-01-26 17:17:12','2021-01-26 17:17:12'),(5201,58,49,15,'2021-01-26 17:17:12','2021-01-26 17:17:12'),(5202,58,49,16,'2021-01-26 17:17:12','2021-01-26 17:17:12'),(5203,58,49,17,'2021-01-26 17:17:12','2021-01-26 17:17:12'),(5204,58,49,18,'2021-01-26 17:17:12','2021-01-26 17:17:12'),(5205,58,49,19,'2021-01-26 17:17:12','2021-01-26 17:17:12'),(5206,58,49,20,'2021-01-26 17:17:12','2021-01-26 17:17:12'),(5207,58,49,25,'2021-01-26 17:17:12','2021-01-26 17:17:12'),(5208,58,49,26,'2021-01-26 17:17:12','2021-01-26 17:17:12'),(5209,58,49,30,'2021-01-26 17:17:12','2021-01-26 17:17:12'),(5210,58,49,31,'2021-01-26 17:17:12','2021-01-26 17:17:12'),(5211,58,49,32,'2021-01-26 17:17:12','2021-01-26 17:17:12'),(5212,58,49,33,'2021-01-26 17:17:12','2021-01-26 17:17:12'),(5213,58,49,34,'2021-01-26 17:17:12','2021-01-26 17:17:12'),(5214,58,49,35,'2021-01-26 17:17:12','2021-01-26 17:17:12'),(5215,58,49,36,'2021-01-26 17:17:12','2021-01-26 17:17:12'),(5216,58,49,37,'2021-01-26 17:17:12','2021-01-26 17:17:12'),(5217,58,49,45,'2021-01-26 17:17:12','2021-01-26 17:17:12'),(5218,58,49,46,'2021-01-26 17:17:12','2021-01-26 17:17:12'),(5219,58,49,47,'2021-01-26 17:17:12','2021-01-26 17:17:12'),(5220,58,49,48,'2021-01-26 17:17:12','2021-01-26 17:17:12'),(5221,58,49,49,'2021-01-26 17:17:12','2021-01-26 17:17:12'),(5222,58,49,50,'2021-01-26 17:17:12','2021-01-26 17:17:12'),(5223,58,49,51,'2021-01-26 17:17:12','2021-01-26 17:17:12'),(5224,58,49,52,'2021-01-26 17:17:12','2021-01-26 17:17:12'),(5225,58,49,53,'2021-01-26 17:17:12','2021-01-26 17:17:12'),(5226,58,49,54,'2021-01-26 17:17:12','2021-01-26 17:17:12'),(5227,58,49,55,'2021-01-26 17:17:12','2021-01-26 17:17:12'),(5228,58,49,56,'2021-01-26 17:17:12','2021-01-26 17:17:12'),(5229,58,49,57,'2021-01-26 17:17:12','2021-01-26 17:17:12'),(5230,58,49,65,'2021-01-26 17:17:12','2021-01-26 17:17:12'),(5231,58,49,66,'2021-01-26 17:17:12','2021-01-26 17:17:12'),(5232,58,49,67,'2021-01-26 17:17:12','2021-01-26 17:17:12'),(5233,58,49,68,'2021-01-26 17:17:12','2021-01-26 17:17:12'),(5234,58,49,69,'2021-01-26 17:17:12','2021-01-26 17:17:12'),(5235,58,49,70,'2021-01-26 17:17:12','2021-01-26 17:17:12'),(5236,58,49,71,'2021-01-26 17:17:12','2021-01-26 17:17:12'),(5237,58,49,72,'2021-01-26 17:17:13','2021-01-26 17:17:13'),(5238,58,49,73,'2021-01-26 17:17:13','2021-01-26 17:17:13'),(5239,58,49,74,'2021-01-26 17:17:13','2021-01-26 17:17:13'),(5240,58,49,75,'2021-01-26 17:17:13','2021-01-26 17:17:13'),(5241,58,49,76,'2021-01-26 17:17:13','2021-01-26 17:17:13'),(5242,58,49,77,'2021-01-26 17:17:13','2021-01-26 17:17:13'),(5243,58,49,78,'2021-01-26 17:17:13','2021-01-26 17:17:13'),(5244,58,49,79,'2021-01-26 17:17:13','2021-01-26 17:17:13'),(5245,58,49,80,'2021-01-26 17:17:13','2021-01-26 17:17:13'),(5246,58,49,81,'2021-01-26 17:17:13','2021-01-26 17:17:13'),(5247,59,50,1,'2021-01-26 17:18:20','2021-01-26 17:18:20'),(5248,59,50,2,'2021-01-26 17:18:20','2021-01-26 17:18:20'),(5249,59,50,3,'2021-01-26 17:18:20','2021-01-26 17:18:20'),(5250,59,50,4,'2021-01-26 17:18:20','2021-01-26 17:18:20'),(5251,59,50,5,'2021-01-26 17:18:20','2021-01-26 17:18:20'),(5252,59,50,6,'2021-01-26 17:18:20','2021-01-26 17:18:20'),(5253,59,50,7,'2021-01-26 17:18:20','2021-01-26 17:18:20'),(5254,59,50,8,'2021-01-26 17:18:20','2021-01-26 17:18:20'),(5255,59,50,9,'2021-01-26 17:18:20','2021-01-26 17:18:20'),(5256,59,50,10,'2021-01-26 17:18:20','2021-01-26 17:18:20'),(5257,59,50,11,'2021-01-26 17:18:20','2021-01-26 17:18:20'),(5258,59,50,12,'2021-01-26 17:18:20','2021-01-26 17:18:20'),(5259,59,50,13,'2021-01-26 17:18:20','2021-01-26 17:18:20'),(5260,59,50,14,'2021-01-26 17:18:20','2021-01-26 17:18:20'),(5261,59,50,15,'2021-01-26 17:18:20','2021-01-26 17:18:20'),(5262,59,50,16,'2021-01-26 17:18:20','2021-01-26 17:18:20'),(5263,59,50,17,'2021-01-26 17:18:20','2021-01-26 17:18:20'),(5264,59,50,18,'2021-01-26 17:18:20','2021-01-26 17:18:20'),(5265,59,50,19,'2021-01-26 17:18:20','2021-01-26 17:18:20'),(5266,59,50,20,'2021-01-26 17:18:20','2021-01-26 17:18:20'),(5267,59,50,25,'2021-01-26 17:18:20','2021-01-26 17:18:20'),(5268,59,50,26,'2021-01-26 17:18:20','2021-01-26 17:18:20'),(5269,59,50,30,'2021-01-26 17:18:20','2021-01-26 17:18:20'),(5270,59,50,31,'2021-01-26 17:18:20','2021-01-26 17:18:20'),(5271,59,50,32,'2021-01-26 17:18:20','2021-01-26 17:18:20'),(5272,59,50,33,'2021-01-26 17:18:20','2021-01-26 17:18:20'),(5273,59,50,34,'2021-01-26 17:18:20','2021-01-26 17:18:20'),(5274,59,50,35,'2021-01-26 17:18:20','2021-01-26 17:18:20'),(5275,59,50,36,'2021-01-26 17:18:20','2021-01-26 17:18:20'),(5276,59,50,37,'2021-01-26 17:18:20','2021-01-26 17:18:20'),(5277,59,50,45,'2021-01-26 17:18:20','2021-01-26 17:18:20'),(5278,59,50,46,'2021-01-26 17:18:20','2021-01-26 17:18:20'),(5279,59,50,47,'2021-01-26 17:18:20','2021-01-26 17:18:20'),(5280,59,50,48,'2021-01-26 17:18:20','2021-01-26 17:18:20'),(5281,59,50,50,'2021-01-26 17:18:20','2021-01-26 17:18:20'),(5282,59,50,51,'2021-01-26 17:18:20','2021-01-26 17:18:20'),(5283,59,50,52,'2021-01-26 17:18:20','2021-01-26 17:18:20'),(5284,59,50,53,'2021-01-26 17:18:20','2021-01-26 17:18:20'),(5285,59,50,54,'2021-01-26 17:18:20','2021-01-26 17:18:20'),(5286,59,50,55,'2021-01-26 17:18:20','2021-01-26 17:18:20'),(5287,59,50,56,'2021-01-26 17:18:20','2021-01-26 17:18:20'),(5288,59,50,57,'2021-01-26 17:18:20','2021-01-26 17:18:20'),(5289,59,50,77,'2021-01-26 17:18:20','2021-01-26 17:18:20'),(5290,59,50,78,'2021-01-26 17:18:20','2021-01-26 17:18:20'),(5291,59,50,79,'2021-01-26 17:18:20','2021-01-26 17:18:20'),(5292,59,50,80,'2021-01-26 17:18:20','2021-01-26 17:18:20'),(5293,59,50,81,'2021-01-26 17:18:20','2021-01-26 17:18:20'),(5294,60,51,1,'2021-01-26 17:19:01','2021-01-26 17:19:01'),(5295,60,51,2,'2021-01-26 17:19:01','2021-01-26 17:19:01'),(5296,60,51,3,'2021-01-26 17:19:01','2021-01-26 17:19:01'),(5297,60,51,4,'2021-01-26 17:19:01','2021-01-26 17:19:01'),(5298,60,51,5,'2021-01-26 17:19:01','2021-01-26 17:19:01'),(5299,60,51,6,'2021-01-26 17:19:01','2021-01-26 17:19:01'),(5300,60,51,7,'2021-01-26 17:19:01','2021-01-26 17:19:01'),(5301,60,51,8,'2021-01-26 17:19:01','2021-01-26 17:19:01'),(5302,60,51,9,'2021-01-26 17:19:01','2021-01-26 17:19:01'),(5303,60,51,10,'2021-01-26 17:19:01','2021-01-26 17:19:01'),(5304,60,51,11,'2021-01-26 17:19:01','2021-01-26 17:19:01'),(5305,60,51,12,'2021-01-26 17:19:01','2021-01-26 17:19:01'),(5306,60,51,13,'2021-01-26 17:19:01','2021-01-26 17:19:01'),(5307,60,51,14,'2021-01-26 17:19:01','2021-01-26 17:19:01'),(5308,60,51,15,'2021-01-26 17:19:01','2021-01-26 17:19:01'),(5309,60,51,16,'2021-01-26 17:19:01','2021-01-26 17:19:01'),(5310,60,51,17,'2021-01-26 17:19:01','2021-01-26 17:19:01'),(5311,60,51,18,'2021-01-26 17:19:01','2021-01-26 17:19:01'),(5312,60,51,19,'2021-01-26 17:19:01','2021-01-26 17:19:01'),(5313,60,51,20,'2021-01-26 17:19:01','2021-01-26 17:19:01'),(5314,60,51,25,'2021-01-26 17:19:01','2021-01-26 17:19:01'),(5315,60,51,26,'2021-01-26 17:19:01','2021-01-26 17:19:01'),(5316,60,51,30,'2021-01-26 17:19:01','2021-01-26 17:19:01'),(5317,60,51,31,'2021-01-26 17:19:01','2021-01-26 17:19:01'),(5318,60,51,32,'2021-01-26 17:19:01','2021-01-26 17:19:01'),(5319,60,51,33,'2021-01-26 17:19:01','2021-01-26 17:19:01'),(5320,60,51,34,'2021-01-26 17:19:01','2021-01-26 17:19:01'),(5321,60,51,35,'2021-01-26 17:19:01','2021-01-26 17:19:01'),(5322,60,51,36,'2021-01-26 17:19:01','2021-01-26 17:19:01'),(5323,60,51,37,'2021-01-26 17:19:01','2021-01-26 17:19:01'),(5324,60,51,45,'2021-01-26 17:19:01','2021-01-26 17:19:01'),(5325,60,51,46,'2021-01-26 17:19:01','2021-01-26 17:19:01'),(5326,60,51,47,'2021-01-26 17:19:01','2021-01-26 17:19:01'),(5327,60,51,48,'2021-01-26 17:19:01','2021-01-26 17:19:01'),(5328,60,51,49,'2021-01-26 17:19:01','2021-01-26 17:19:01'),(5329,60,51,50,'2021-01-26 17:19:01','2021-01-26 17:19:01'),(5330,60,51,51,'2021-01-26 17:19:01','2021-01-26 17:19:01'),(5331,60,51,52,'2021-01-26 17:19:01','2021-01-26 17:19:01'),(5332,60,51,53,'2021-01-26 17:19:01','2021-01-26 17:19:01'),(5333,60,51,54,'2021-01-26 17:19:01','2021-01-26 17:19:01'),(5334,60,51,55,'2021-01-26 17:19:01','2021-01-26 17:19:01'),(5335,60,51,56,'2021-01-26 17:19:01','2021-01-26 17:19:01'),(5336,60,51,57,'2021-01-26 17:19:01','2021-01-26 17:19:01'),(5337,60,51,65,'2021-01-26 17:19:01','2021-01-26 17:19:01'),(5338,60,51,66,'2021-01-26 17:19:01','2021-01-26 17:19:01'),(5339,60,51,67,'2021-01-26 17:19:01','2021-01-26 17:19:01'),(5340,60,51,68,'2021-01-26 17:19:01','2021-01-26 17:19:01'),(5341,60,51,69,'2021-01-26 17:19:01','2021-01-26 17:19:01'),(5342,60,51,70,'2021-01-26 17:19:01','2021-01-26 17:19:01'),(5343,60,51,71,'2021-01-26 17:19:01','2021-01-26 17:19:01'),(5344,60,51,72,'2021-01-26 17:19:01','2021-01-26 17:19:01'),(5345,60,51,73,'2021-01-26 17:19:01','2021-01-26 17:19:01'),(5346,60,51,74,'2021-01-26 17:19:01','2021-01-26 17:19:01'),(5347,60,51,75,'2021-01-26 17:19:01','2021-01-26 17:19:01'),(5348,60,51,76,'2021-01-26 17:19:01','2021-01-26 17:19:01'),(5349,60,51,77,'2021-01-26 17:19:01','2021-01-26 17:19:01'),(5350,60,51,78,'2021-01-26 17:19:01','2021-01-26 17:19:01'),(5351,60,51,79,'2021-01-26 17:19:01','2021-01-26 17:19:01'),(5352,60,51,80,'2021-01-26 17:19:01','2021-01-26 17:19:01'),(5353,60,51,81,'2021-01-26 17:19:01','2021-01-26 17:19:01'),(5354,61,52,1,'2021-01-26 17:20:02','2021-01-26 17:20:02'),(5355,61,52,2,'2021-01-26 17:20:02','2021-01-26 17:20:02'),(5356,61,52,3,'2021-01-26 17:20:02','2021-01-26 17:20:02'),(5357,61,52,4,'2021-01-26 17:20:02','2021-01-26 17:20:02'),(5358,61,52,5,'2021-01-26 17:20:02','2021-01-26 17:20:02'),(5359,61,52,6,'2021-01-26 17:20:02','2021-01-26 17:20:02'),(5360,61,52,7,'2021-01-26 17:20:02','2021-01-26 17:20:02'),(5361,61,52,8,'2021-01-26 17:20:02','2021-01-26 17:20:02'),(5362,61,52,9,'2021-01-26 17:20:02','2021-01-26 17:20:02'),(5363,61,52,10,'2021-01-26 17:20:02','2021-01-26 17:20:02'),(5364,61,52,11,'2021-01-26 17:20:02','2021-01-26 17:20:02'),(5365,61,52,12,'2021-01-26 17:20:02','2021-01-26 17:20:02'),(5366,61,52,13,'2021-01-26 17:20:02','2021-01-26 17:20:02'),(5367,61,52,14,'2021-01-26 17:20:02','2021-01-26 17:20:02'),(5368,61,52,15,'2021-01-26 17:20:02','2021-01-26 17:20:02'),(5369,61,52,16,'2021-01-26 17:20:02','2021-01-26 17:20:02'),(5370,61,52,17,'2021-01-26 17:20:02','2021-01-26 17:20:02'),(5371,61,52,18,'2021-01-26 17:20:02','2021-01-26 17:20:02'),(5372,61,52,19,'2021-01-26 17:20:02','2021-01-26 17:20:02'),(5373,61,52,20,'2021-01-26 17:20:02','2021-01-26 17:20:02'),(5374,61,52,25,'2021-01-26 17:20:02','2021-01-26 17:20:02'),(5375,61,52,26,'2021-01-26 17:20:02','2021-01-26 17:20:02'),(5376,61,52,30,'2021-01-26 17:20:02','2021-01-26 17:20:02'),(5377,61,52,31,'2021-01-26 17:20:02','2021-01-26 17:20:02'),(5378,61,52,32,'2021-01-26 17:20:02','2021-01-26 17:20:02'),(5379,61,52,33,'2021-01-26 17:20:02','2021-01-26 17:20:02'),(5380,61,52,34,'2021-01-26 17:20:02','2021-01-26 17:20:02'),(5381,61,52,35,'2021-01-26 17:20:02','2021-01-26 17:20:02'),(5382,61,52,36,'2021-01-26 17:20:02','2021-01-26 17:20:02'),(5383,61,52,37,'2021-01-26 17:20:02','2021-01-26 17:20:02'),(5384,61,52,45,'2021-01-26 17:20:02','2021-01-26 17:20:02'),(5385,61,52,46,'2021-01-26 17:20:02','2021-01-26 17:20:02'),(5386,61,52,47,'2021-01-26 17:20:02','2021-01-26 17:20:02'),(5387,61,52,48,'2021-01-26 17:20:02','2021-01-26 17:20:02'),(5388,61,52,50,'2021-01-26 17:20:02','2021-01-26 17:20:02'),(5389,61,52,51,'2021-01-26 17:20:02','2021-01-26 17:20:02'),(5390,61,52,52,'2021-01-26 17:20:02','2021-01-26 17:20:02'),(5391,61,52,53,'2021-01-26 17:20:02','2021-01-26 17:20:02'),(5392,61,52,54,'2021-01-26 17:20:02','2021-01-26 17:20:02'),(5393,61,52,55,'2021-01-26 17:20:02','2021-01-26 17:20:02'),(5394,61,52,56,'2021-01-26 17:20:02','2021-01-26 17:20:02'),(5395,61,52,57,'2021-01-26 17:20:02','2021-01-26 17:20:02'),(5396,61,52,77,'2021-01-26 17:20:02','2021-01-26 17:20:02'),(5397,61,52,78,'2021-01-26 17:20:02','2021-01-26 17:20:02'),(5398,61,52,79,'2021-01-26 17:20:02','2021-01-26 17:20:02'),(5399,61,52,80,'2021-01-26 17:20:02','2021-01-26 17:20:02'),(5400,61,52,81,'2021-01-26 17:20:02','2021-01-26 17:20:02'),(5401,62,53,1,'2021-01-26 17:20:56','2021-01-26 17:20:56'),(5402,62,53,2,'2021-01-26 17:20:56','2021-01-26 17:20:56'),(5403,62,53,3,'2021-01-26 17:20:56','2021-01-26 17:20:56'),(5404,62,53,4,'2021-01-26 17:20:56','2021-01-26 17:20:56'),(5405,62,53,5,'2021-01-26 17:20:56','2021-01-26 17:20:56'),(5406,62,53,6,'2021-01-26 17:20:56','2021-01-26 17:20:56'),(5407,62,53,7,'2021-01-26 17:20:56','2021-01-26 17:20:56'),(5408,62,53,8,'2021-01-26 17:20:56','2021-01-26 17:20:56'),(5409,62,53,9,'2021-01-26 17:20:56','2021-01-26 17:20:56'),(5410,62,53,10,'2021-01-26 17:20:56','2021-01-26 17:20:56'),(5411,62,53,11,'2021-01-26 17:20:56','2021-01-26 17:20:56'),(5412,62,53,12,'2021-01-26 17:20:56','2021-01-26 17:20:56'),(5413,62,53,13,'2021-01-26 17:20:56','2021-01-26 17:20:56'),(5414,62,53,14,'2021-01-26 17:20:56','2021-01-26 17:20:56'),(5415,62,53,15,'2021-01-26 17:20:56','2021-01-26 17:20:56'),(5416,62,53,16,'2021-01-26 17:20:56','2021-01-26 17:20:56'),(5417,62,53,17,'2021-01-26 17:20:56','2021-01-26 17:20:56'),(5418,62,53,18,'2021-01-26 17:20:56','2021-01-26 17:20:56'),(5419,62,53,19,'2021-01-26 17:20:56','2021-01-26 17:20:56'),(5420,62,53,20,'2021-01-26 17:20:56','2021-01-26 17:20:56'),(5421,62,53,25,'2021-01-26 17:20:56','2021-01-26 17:20:56'),(5422,62,53,26,'2021-01-26 17:20:56','2021-01-26 17:20:56'),(5423,62,53,30,'2021-01-26 17:20:56','2021-01-26 17:20:56'),(5424,62,53,31,'2021-01-26 17:20:56','2021-01-26 17:20:56'),(5425,62,53,32,'2021-01-26 17:20:56','2021-01-26 17:20:56'),(5426,62,53,33,'2021-01-26 17:20:56','2021-01-26 17:20:56'),(5427,62,53,34,'2021-01-26 17:20:56','2021-01-26 17:20:56'),(5428,62,53,35,'2021-01-26 17:20:56','2021-01-26 17:20:56'),(5429,62,53,36,'2021-01-26 17:20:56','2021-01-26 17:20:56'),(5430,62,53,37,'2021-01-26 17:20:56','2021-01-26 17:20:56'),(5431,62,53,45,'2021-01-26 17:20:56','2021-01-26 17:20:56'),(5432,62,53,46,'2021-01-26 17:20:56','2021-01-26 17:20:56'),(5433,62,53,47,'2021-01-26 17:20:56','2021-01-26 17:20:56'),(5434,62,53,48,'2021-01-26 17:20:56','2021-01-26 17:20:56'),(5435,62,53,49,'2021-01-26 17:20:56','2021-01-26 17:20:56'),(5436,62,53,50,'2021-01-26 17:20:56','2021-01-26 17:20:56'),(5437,62,53,51,'2021-01-26 17:20:56','2021-01-26 17:20:56'),(5438,62,53,52,'2021-01-26 17:20:56','2021-01-26 17:20:56'),(5439,62,53,53,'2021-01-26 17:20:56','2021-01-26 17:20:56'),(5440,62,53,54,'2021-01-26 17:20:56','2021-01-26 17:20:56'),(5441,62,53,55,'2021-01-26 17:20:56','2021-01-26 17:20:56'),(5442,62,53,56,'2021-01-26 17:20:56','2021-01-26 17:20:56'),(5443,62,53,57,'2021-01-26 17:20:56','2021-01-26 17:20:56'),(5444,62,53,65,'2021-01-26 17:20:56','2021-01-26 17:20:56'),(5445,62,53,66,'2021-01-26 17:20:56','2021-01-26 17:20:56'),(5446,62,53,67,'2021-01-26 17:20:56','2021-01-26 17:20:56'),(5447,62,53,68,'2021-01-26 17:20:56','2021-01-26 17:20:56'),(5448,62,53,69,'2021-01-26 17:20:56','2021-01-26 17:20:56'),(5449,62,53,70,'2021-01-26 17:20:56','2021-01-26 17:20:56'),(5450,62,53,71,'2021-01-26 17:20:56','2021-01-26 17:20:56'),(5451,62,53,72,'2021-01-26 17:20:56','2021-01-26 17:20:56'),(5452,62,53,73,'2021-01-26 17:20:56','2021-01-26 17:20:56'),(5453,62,53,74,'2021-01-26 17:20:56','2021-01-26 17:20:56'),(5454,62,53,75,'2021-01-26 17:20:56','2021-01-26 17:20:56'),(5455,62,53,76,'2021-01-26 17:20:56','2021-01-26 17:20:56'),(5456,62,53,77,'2021-01-26 17:20:56','2021-01-26 17:20:56'),(5457,62,53,78,'2021-01-26 17:20:56','2021-01-26 17:20:56'),(5458,62,53,79,'2021-01-26 17:20:56','2021-01-26 17:20:56'),(5459,62,53,80,'2021-01-26 17:20:56','2021-01-26 17:20:56'),(5460,62,53,81,'2021-01-26 17:20:56','2021-01-26 17:20:56'),(5461,63,54,1,'2021-01-26 17:21:36','2021-01-26 17:21:36'),(5462,63,54,2,'2021-01-26 17:21:36','2021-01-26 17:21:36'),(5463,63,54,3,'2021-01-26 17:21:36','2021-01-26 17:21:36'),(5464,63,54,4,'2021-01-26 17:21:36','2021-01-26 17:21:36'),(5465,63,54,5,'2021-01-26 17:21:36','2021-01-26 17:21:36'),(5466,63,54,6,'2021-01-26 17:21:36','2021-01-26 17:21:36'),(5467,63,54,7,'2021-01-26 17:21:36','2021-01-26 17:21:36'),(5468,63,54,8,'2021-01-26 17:21:36','2021-01-26 17:21:36'),(5469,63,54,9,'2021-01-26 17:21:36','2021-01-26 17:21:36'),(5470,63,54,10,'2021-01-26 17:21:36','2021-01-26 17:21:36'),(5471,63,54,11,'2021-01-26 17:21:36','2021-01-26 17:21:36'),(5472,63,54,12,'2021-01-26 17:21:36','2021-01-26 17:21:36'),(5473,63,54,13,'2021-01-26 17:21:36','2021-01-26 17:21:36'),(5474,63,54,14,'2021-01-26 17:21:36','2021-01-26 17:21:36'),(5475,63,54,15,'2021-01-26 17:21:36','2021-01-26 17:21:36'),(5476,63,54,16,'2021-01-26 17:21:36','2021-01-26 17:21:36'),(5477,63,54,17,'2021-01-26 17:21:36','2021-01-26 17:21:36'),(5478,63,54,18,'2021-01-26 17:21:36','2021-01-26 17:21:36'),(5479,63,54,19,'2021-01-26 17:21:36','2021-01-26 17:21:36'),(5480,63,54,20,'2021-01-26 17:21:36','2021-01-26 17:21:36'),(5481,63,54,25,'2021-01-26 17:21:36','2021-01-26 17:21:36'),(5482,63,54,26,'2021-01-26 17:21:36','2021-01-26 17:21:36'),(5483,63,54,30,'2021-01-26 17:21:36','2021-01-26 17:21:36'),(5484,63,54,31,'2021-01-26 17:21:36','2021-01-26 17:21:36'),(5485,63,54,32,'2021-01-26 17:21:36','2021-01-26 17:21:36'),(5486,63,54,33,'2021-01-26 17:21:36','2021-01-26 17:21:36'),(5487,63,54,34,'2021-01-26 17:21:36','2021-01-26 17:21:36'),(5488,63,54,35,'2021-01-26 17:21:36','2021-01-26 17:21:36'),(5489,63,54,36,'2021-01-26 17:21:36','2021-01-26 17:21:36'),(5490,63,54,37,'2021-01-26 17:21:36','2021-01-26 17:21:36'),(5491,63,54,45,'2021-01-26 17:21:36','2021-01-26 17:21:36'),(5492,63,54,46,'2021-01-26 17:21:36','2021-01-26 17:21:36'),(5493,63,54,47,'2021-01-26 17:21:36','2021-01-26 17:21:36'),(5494,63,54,48,'2021-01-26 17:21:36','2021-01-26 17:21:36'),(5495,63,54,50,'2021-01-26 17:21:36','2021-01-26 17:21:36'),(5496,63,54,51,'2021-01-26 17:21:36','2021-01-26 17:21:36'),(5497,63,54,52,'2021-01-26 17:21:36','2021-01-26 17:21:36'),(5498,63,54,53,'2021-01-26 17:21:36','2021-01-26 17:21:36'),(5499,63,54,54,'2021-01-26 17:21:36','2021-01-26 17:21:36'),(5500,63,54,55,'2021-01-26 17:21:36','2021-01-26 17:21:36'),(5501,63,54,56,'2021-01-26 17:21:36','2021-01-26 17:21:36'),(5502,63,54,57,'2021-01-26 17:21:36','2021-01-26 17:21:36'),(5503,63,54,77,'2021-01-26 17:21:36','2021-01-26 17:21:36'),(5504,63,54,78,'2021-01-26 17:21:36','2021-01-26 17:21:36'),(5505,63,54,79,'2021-01-26 17:21:36','2021-01-26 17:21:36'),(5506,63,54,80,'2021-01-26 17:21:36','2021-01-26 17:21:36'),(5507,63,54,81,'2021-01-26 17:21:36','2021-01-26 17:21:36'),(5508,64,55,1,'2021-01-26 17:22:45','2021-01-26 17:22:45'),(5509,64,55,2,'2021-01-26 17:22:45','2021-01-26 17:22:45'),(5510,64,55,3,'2021-01-26 17:22:45','2021-01-26 17:22:45'),(5511,64,55,4,'2021-01-26 17:22:45','2021-01-26 17:22:45'),(5512,64,55,5,'2021-01-26 17:22:45','2021-01-26 17:22:45'),(5513,64,55,6,'2021-01-26 17:22:45','2021-01-26 17:22:45'),(5514,64,55,7,'2021-01-26 17:22:45','2021-01-26 17:22:45'),(5515,64,55,8,'2021-01-26 17:22:45','2021-01-26 17:22:45'),(5516,64,55,9,'2021-01-26 17:22:45','2021-01-26 17:22:45'),(5517,64,55,10,'2021-01-26 17:22:45','2021-01-26 17:22:45'),(5518,64,55,11,'2021-01-26 17:22:45','2021-01-26 17:22:45'),(5519,64,55,12,'2021-01-26 17:22:45','2021-01-26 17:22:45'),(5520,64,55,13,'2021-01-26 17:22:45','2021-01-26 17:22:45'),(5521,64,55,14,'2021-01-26 17:22:45','2021-01-26 17:22:45'),(5522,64,55,15,'2021-01-26 17:22:45','2021-01-26 17:22:45'),(5523,64,55,16,'2021-01-26 17:22:45','2021-01-26 17:22:45'),(5524,64,55,17,'2021-01-26 17:22:45','2021-01-26 17:22:45'),(5525,64,55,18,'2021-01-26 17:22:45','2021-01-26 17:22:45'),(5526,64,55,19,'2021-01-26 17:22:45','2021-01-26 17:22:45'),(5527,64,55,20,'2021-01-26 17:22:45','2021-01-26 17:22:45'),(5528,64,55,25,'2021-01-26 17:22:45','2021-01-26 17:22:45'),(5529,64,55,26,'2021-01-26 17:22:45','2021-01-26 17:22:45'),(5530,64,55,30,'2021-01-26 17:22:45','2021-01-26 17:22:45'),(5531,64,55,31,'2021-01-26 17:22:45','2021-01-26 17:22:45'),(5532,64,55,32,'2021-01-26 17:22:45','2021-01-26 17:22:45'),(5533,64,55,33,'2021-01-26 17:22:45','2021-01-26 17:22:45'),(5534,64,55,34,'2021-01-26 17:22:45','2021-01-26 17:22:45'),(5535,64,55,35,'2021-01-26 17:22:45','2021-01-26 17:22:45'),(5536,64,55,36,'2021-01-26 17:22:45','2021-01-26 17:22:45'),(5537,64,55,37,'2021-01-26 17:22:45','2021-01-26 17:22:45'),(5538,64,55,45,'2021-01-26 17:22:45','2021-01-26 17:22:45'),(5539,64,55,46,'2021-01-26 17:22:45','2021-01-26 17:22:45'),(5540,64,55,47,'2021-01-26 17:22:45','2021-01-26 17:22:45'),(5541,64,55,48,'2021-01-26 17:22:45','2021-01-26 17:22:45'),(5542,64,55,49,'2021-01-26 17:22:45','2021-01-26 17:22:45'),(5543,64,55,50,'2021-01-26 17:22:45','2021-01-26 17:22:45'),(5544,64,55,51,'2021-01-26 17:22:45','2021-01-26 17:22:45'),(5545,64,55,52,'2021-01-26 17:22:45','2021-01-26 17:22:45'),(5546,64,55,53,'2021-01-26 17:22:45','2021-01-26 17:22:45'),(5547,64,55,54,'2021-01-26 17:22:45','2021-01-26 17:22:45'),(5548,64,55,55,'2021-01-26 17:22:45','2021-01-26 17:22:45'),(5549,64,55,56,'2021-01-26 17:22:45','2021-01-26 17:22:45'),(5550,64,55,57,'2021-01-26 17:22:45','2021-01-26 17:22:45'),(5551,64,55,65,'2021-01-26 17:22:45','2021-01-26 17:22:45'),(5552,64,55,66,'2021-01-26 17:22:45','2021-01-26 17:22:45'),(5553,64,55,67,'2021-01-26 17:22:45','2021-01-26 17:22:45'),(5554,64,55,68,'2021-01-26 17:22:45','2021-01-26 17:22:45'),(5555,64,55,69,'2021-01-26 17:22:45','2021-01-26 17:22:45'),(5556,64,55,70,'2021-01-26 17:22:45','2021-01-26 17:22:45'),(5557,64,55,71,'2021-01-26 17:22:45','2021-01-26 17:22:45'),(5558,64,55,72,'2021-01-26 17:22:45','2021-01-26 17:22:45'),(5559,64,55,73,'2021-01-26 17:22:45','2021-01-26 17:22:45'),(5560,64,55,74,'2021-01-26 17:22:45','2021-01-26 17:22:45'),(5561,64,55,75,'2021-01-26 17:22:45','2021-01-26 17:22:45'),(5562,64,55,76,'2021-01-26 17:22:45','2021-01-26 17:22:45'),(5563,64,55,77,'2021-01-26 17:22:45','2021-01-26 17:22:45'),(5564,64,55,78,'2021-01-26 17:22:45','2021-01-26 17:22:45'),(5565,64,55,79,'2021-01-26 17:22:45','2021-01-26 17:22:45'),(5566,64,55,80,'2021-01-26 17:22:45','2021-01-26 17:22:45'),(5567,64,55,81,'2021-01-26 17:22:45','2021-01-26 17:22:45'),(5568,65,56,1,'2021-01-26 17:23:14','2021-01-26 17:23:14'),(5569,65,56,2,'2021-01-26 17:23:14','2021-01-26 17:23:14'),(5570,65,56,3,'2021-01-26 17:23:14','2021-01-26 17:23:14'),(5571,65,56,4,'2021-01-26 17:23:14','2021-01-26 17:23:14'),(5572,65,56,5,'2021-01-26 17:23:14','2021-01-26 17:23:14'),(5573,65,56,6,'2021-01-26 17:23:14','2021-01-26 17:23:14'),(5574,65,56,7,'2021-01-26 17:23:14','2021-01-26 17:23:14'),(5575,65,56,8,'2021-01-26 17:23:14','2021-01-26 17:23:14'),(5576,65,56,9,'2021-01-26 17:23:14','2021-01-26 17:23:14'),(5577,65,56,10,'2021-01-26 17:23:14','2021-01-26 17:23:14'),(5578,65,56,11,'2021-01-26 17:23:14','2021-01-26 17:23:14'),(5579,65,56,12,'2021-01-26 17:23:14','2021-01-26 17:23:14'),(5580,65,56,13,'2021-01-26 17:23:14','2021-01-26 17:23:14'),(5581,65,56,14,'2021-01-26 17:23:14','2021-01-26 17:23:14'),(5582,65,56,15,'2021-01-26 17:23:14','2021-01-26 17:23:14'),(5583,65,56,16,'2021-01-26 17:23:14','2021-01-26 17:23:14'),(5584,65,56,17,'2021-01-26 17:23:14','2021-01-26 17:23:14'),(5585,65,56,18,'2021-01-26 17:23:14','2021-01-26 17:23:14'),(5586,65,56,19,'2021-01-26 17:23:14','2021-01-26 17:23:14'),(5587,65,56,20,'2021-01-26 17:23:14','2021-01-26 17:23:14'),(5588,65,56,25,'2021-01-26 17:23:14','2021-01-26 17:23:14'),(5589,65,56,26,'2021-01-26 17:23:14','2021-01-26 17:23:14'),(5590,65,56,30,'2021-01-26 17:23:14','2021-01-26 17:23:14'),(5591,65,56,31,'2021-01-26 17:23:14','2021-01-26 17:23:14'),(5592,65,56,32,'2021-01-26 17:23:14','2021-01-26 17:23:14'),(5593,65,56,33,'2021-01-26 17:23:14','2021-01-26 17:23:14'),(5594,65,56,34,'2021-01-26 17:23:14','2021-01-26 17:23:14'),(5595,65,56,35,'2021-01-26 17:23:14','2021-01-26 17:23:14'),(5596,65,56,36,'2021-01-26 17:23:14','2021-01-26 17:23:14'),(5597,65,56,37,'2021-01-26 17:23:14','2021-01-26 17:23:14'),(5598,65,56,45,'2021-01-26 17:23:14','2021-01-26 17:23:14'),(5599,65,56,46,'2021-01-26 17:23:14','2021-01-26 17:23:14'),(5600,65,56,47,'2021-01-26 17:23:14','2021-01-26 17:23:14'),(5601,65,56,48,'2021-01-26 17:23:14','2021-01-26 17:23:14'),(5602,65,56,50,'2021-01-26 17:23:14','2021-01-26 17:23:14'),(5603,65,56,51,'2021-01-26 17:23:14','2021-01-26 17:23:14'),(5604,65,56,52,'2021-01-26 17:23:14','2021-01-26 17:23:14'),(5605,65,56,53,'2021-01-26 17:23:14','2021-01-26 17:23:14'),(5606,65,56,54,'2021-01-26 17:23:14','2021-01-26 17:23:14'),(5607,65,56,55,'2021-01-26 17:23:14','2021-01-26 17:23:14'),(5608,65,56,56,'2021-01-26 17:23:14','2021-01-26 17:23:14'),(5609,65,56,57,'2021-01-26 17:23:14','2021-01-26 17:23:14'),(5610,65,56,77,'2021-01-26 17:23:14','2021-01-26 17:23:14'),(5611,65,56,78,'2021-01-26 17:23:14','2021-01-26 17:23:14'),(5612,65,56,79,'2021-01-26 17:23:14','2021-01-26 17:23:14'),(5613,65,56,80,'2021-01-26 17:23:14','2021-01-26 17:23:14'),(5614,65,56,81,'2021-01-26 17:23:14','2021-01-26 17:23:14'),(5615,66,57,1,'2021-01-26 17:24:31','2021-01-26 17:24:31'),(5616,66,57,2,'2021-01-26 17:24:31','2021-01-26 17:24:31'),(5617,66,57,3,'2021-01-26 17:24:31','2021-01-26 17:24:31'),(5618,66,57,4,'2021-01-26 17:24:31','2021-01-26 17:24:31'),(5619,66,57,5,'2021-01-26 17:24:31','2021-01-26 17:24:31'),(5620,66,57,6,'2021-01-26 17:24:31','2021-01-26 17:24:31'),(5621,66,57,7,'2021-01-26 17:24:31','2021-01-26 17:24:31'),(5622,66,57,8,'2021-01-26 17:24:31','2021-01-26 17:24:31'),(5623,66,57,9,'2021-01-26 17:24:31','2021-01-26 17:24:31'),(5624,66,57,10,'2021-01-26 17:24:31','2021-01-26 17:24:31'),(5625,66,57,11,'2021-01-26 17:24:31','2021-01-26 17:24:31'),(5626,66,57,12,'2021-01-26 17:24:31','2021-01-26 17:24:31'),(5627,66,57,13,'2021-01-26 17:24:31','2021-01-26 17:24:31'),(5628,66,57,14,'2021-01-26 17:24:31','2021-01-26 17:24:31'),(5629,66,57,15,'2021-01-26 17:24:31','2021-01-26 17:24:31'),(5630,66,57,16,'2021-01-26 17:24:31','2021-01-26 17:24:31'),(5631,66,57,17,'2021-01-26 17:24:31','2021-01-26 17:24:31'),(5632,66,57,18,'2021-01-26 17:24:31','2021-01-26 17:24:31'),(5633,66,57,19,'2021-01-26 17:24:31','2021-01-26 17:24:31'),(5634,66,57,20,'2021-01-26 17:24:31','2021-01-26 17:24:31'),(5635,66,57,25,'2021-01-26 17:24:31','2021-01-26 17:24:31'),(5636,66,57,26,'2021-01-26 17:24:31','2021-01-26 17:24:31'),(5637,66,57,30,'2021-01-26 17:24:31','2021-01-26 17:24:31'),(5638,66,57,31,'2021-01-26 17:24:31','2021-01-26 17:24:31'),(5639,66,57,32,'2021-01-26 17:24:31','2021-01-26 17:24:31'),(5640,66,57,33,'2021-01-26 17:24:31','2021-01-26 17:24:31'),(5641,66,57,34,'2021-01-26 17:24:31','2021-01-26 17:24:31'),(5642,66,57,35,'2021-01-26 17:24:31','2021-01-26 17:24:31'),(5643,66,57,36,'2021-01-26 17:24:31','2021-01-26 17:24:31'),(5644,66,57,37,'2021-01-26 17:24:31','2021-01-26 17:24:31'),(5645,66,57,45,'2021-01-26 17:24:31','2021-01-26 17:24:31'),(5646,66,57,46,'2021-01-26 17:24:31','2021-01-26 17:24:31'),(5647,66,57,47,'2021-01-26 17:24:31','2021-01-26 17:24:31'),(5648,66,57,48,'2021-01-26 17:24:31','2021-01-26 17:24:31'),(5649,66,57,49,'2021-01-26 17:24:31','2021-01-26 17:24:31'),(5650,66,57,50,'2021-01-26 17:24:31','2021-01-26 17:24:31'),(5651,66,57,51,'2021-01-26 17:24:31','2021-01-26 17:24:31'),(5652,66,57,52,'2021-01-26 17:24:31','2021-01-26 17:24:31'),(5653,66,57,53,'2021-01-26 17:24:31','2021-01-26 17:24:31'),(5654,66,57,54,'2021-01-26 17:24:31','2021-01-26 17:24:31'),(5655,66,57,55,'2021-01-26 17:24:31','2021-01-26 17:24:31'),(5656,66,57,56,'2021-01-26 17:24:31','2021-01-26 17:24:31'),(5657,66,57,57,'2021-01-26 17:24:31','2021-01-26 17:24:31'),(5658,66,57,65,'2021-01-26 17:24:31','2021-01-26 17:24:31'),(5659,66,57,66,'2021-01-26 17:24:31','2021-01-26 17:24:31'),(5660,66,57,67,'2021-01-26 17:24:31','2021-01-26 17:24:31'),(5661,66,57,68,'2021-01-26 17:24:31','2021-01-26 17:24:31'),(5662,66,57,69,'2021-01-26 17:24:31','2021-01-26 17:24:31'),(5663,66,57,70,'2021-01-26 17:24:31','2021-01-26 17:24:31'),(5664,66,57,71,'2021-01-26 17:24:31','2021-01-26 17:24:31'),(5665,66,57,72,'2021-01-26 17:24:31','2021-01-26 17:24:31'),(5666,66,57,73,'2021-01-26 17:24:31','2021-01-26 17:24:31'),(5667,66,57,74,'2021-01-26 17:24:31','2021-01-26 17:24:31'),(5668,66,57,75,'2021-01-26 17:24:31','2021-01-26 17:24:31'),(5669,66,57,76,'2021-01-26 17:24:31','2021-01-26 17:24:31'),(5670,66,57,77,'2021-01-26 17:24:31','2021-01-26 17:24:31'),(5671,66,57,78,'2021-01-26 17:24:31','2021-01-26 17:24:31'),(5672,66,57,79,'2021-01-26 17:24:31','2021-01-26 17:24:31'),(5673,66,57,80,'2021-01-26 17:24:31','2021-01-26 17:24:31'),(5674,66,57,81,'2021-01-26 17:24:31','2021-01-26 17:24:31'),(5675,67,58,1,'2021-01-26 17:24:56','2021-01-26 17:24:56'),(5676,67,58,2,'2021-01-26 17:24:56','2021-01-26 17:24:56'),(5677,67,58,3,'2021-01-26 17:24:56','2021-01-26 17:24:56'),(5678,67,58,4,'2021-01-26 17:24:56','2021-01-26 17:24:56'),(5679,67,58,5,'2021-01-26 17:24:56','2021-01-26 17:24:56'),(5680,67,58,6,'2021-01-26 17:24:56','2021-01-26 17:24:56'),(5681,67,58,7,'2021-01-26 17:24:56','2021-01-26 17:24:56'),(5682,67,58,8,'2021-01-26 17:24:56','2021-01-26 17:24:56'),(5683,67,58,9,'2021-01-26 17:24:56','2021-01-26 17:24:56'),(5684,67,58,10,'2021-01-26 17:24:56','2021-01-26 17:24:56'),(5685,67,58,11,'2021-01-26 17:24:56','2021-01-26 17:24:56'),(5686,67,58,12,'2021-01-26 17:24:56','2021-01-26 17:24:56'),(5687,67,58,13,'2021-01-26 17:24:56','2021-01-26 17:24:56'),(5688,67,58,14,'2021-01-26 17:24:56','2021-01-26 17:24:56'),(5689,67,58,15,'2021-01-26 17:24:56','2021-01-26 17:24:56'),(5690,67,58,16,'2021-01-26 17:24:56','2021-01-26 17:24:56'),(5691,67,58,17,'2021-01-26 17:24:56','2021-01-26 17:24:56'),(5692,67,58,18,'2021-01-26 17:24:56','2021-01-26 17:24:56'),(5693,67,58,19,'2021-01-26 17:24:56','2021-01-26 17:24:56'),(5694,67,58,20,'2021-01-26 17:24:56','2021-01-26 17:24:56'),(5695,67,58,25,'2021-01-26 17:24:56','2021-01-26 17:24:56'),(5696,67,58,26,'2021-01-26 17:24:56','2021-01-26 17:24:56'),(5697,67,58,30,'2021-01-26 17:24:56','2021-01-26 17:24:56'),(5698,67,58,31,'2021-01-26 17:24:56','2021-01-26 17:24:56'),(5699,67,58,32,'2021-01-26 17:24:56','2021-01-26 17:24:56'),(5700,67,58,33,'2021-01-26 17:24:56','2021-01-26 17:24:56'),(5701,67,58,34,'2021-01-26 17:24:56','2021-01-26 17:24:56'),(5702,67,58,35,'2021-01-26 17:24:56','2021-01-26 17:24:56'),(5703,67,58,36,'2021-01-26 17:24:56','2021-01-26 17:24:56'),(5704,67,58,37,'2021-01-26 17:24:56','2021-01-26 17:24:56'),(5705,67,58,45,'2021-01-26 17:24:56','2021-01-26 17:24:56'),(5706,67,58,46,'2021-01-26 17:24:56','2021-01-26 17:24:56'),(5707,67,58,47,'2021-01-26 17:24:56','2021-01-26 17:24:56'),(5708,67,58,48,'2021-01-26 17:24:56','2021-01-26 17:24:56'),(5709,67,58,50,'2021-01-26 17:24:56','2021-01-26 17:24:56'),(5710,67,58,51,'2021-01-26 17:24:56','2021-01-26 17:24:56'),(5711,67,58,52,'2021-01-26 17:24:56','2021-01-26 17:24:56'),(5712,67,58,53,'2021-01-26 17:24:56','2021-01-26 17:24:56'),(5713,67,58,54,'2021-01-26 17:24:56','2021-01-26 17:24:56'),(5714,67,58,55,'2021-01-26 17:24:56','2021-01-26 17:24:56'),(5715,67,58,56,'2021-01-26 17:24:56','2021-01-26 17:24:56'),(5716,67,58,57,'2021-01-26 17:24:56','2021-01-26 17:24:56'),(5717,67,58,77,'2021-01-26 17:24:56','2021-01-26 17:24:56'),(5718,67,58,78,'2021-01-26 17:24:56','2021-01-26 17:24:56'),(5719,67,58,79,'2021-01-26 17:24:56','2021-01-26 17:24:56'),(5720,67,58,80,'2021-01-26 17:24:56','2021-01-26 17:24:56'),(5721,67,58,81,'2021-01-26 17:24:56','2021-01-26 17:24:56'),(5722,68,59,1,'2021-01-26 17:27:28','2021-01-26 17:27:28'),(5723,68,59,2,'2021-01-26 17:27:28','2021-01-26 17:27:28'),(5724,68,59,3,'2021-01-26 17:27:28','2021-01-26 17:27:28'),(5725,68,59,4,'2021-01-26 17:27:28','2021-01-26 17:27:28'),(5726,68,59,5,'2021-01-26 17:27:28','2021-01-26 17:27:28'),(5727,68,59,6,'2021-01-26 17:27:28','2021-01-26 17:27:28'),(5728,68,59,7,'2021-01-26 17:27:28','2021-01-26 17:27:28'),(5729,68,59,8,'2021-01-26 17:27:28','2021-01-26 17:27:28'),(5730,68,59,9,'2021-01-26 17:27:28','2021-01-26 17:27:28'),(5731,68,59,10,'2021-01-26 17:27:28','2021-01-26 17:27:28'),(5732,68,59,11,'2021-01-26 17:27:28','2021-01-26 17:27:28'),(5733,68,59,12,'2021-01-26 17:27:28','2021-01-26 17:27:28'),(5734,68,59,13,'2021-01-26 17:27:28','2021-01-26 17:27:28'),(5735,68,59,14,'2021-01-26 17:27:28','2021-01-26 17:27:28'),(5736,68,59,15,'2021-01-26 17:27:28','2021-01-26 17:27:28'),(5737,68,59,16,'2021-01-26 17:27:28','2021-01-26 17:27:28'),(5738,68,59,17,'2021-01-26 17:27:28','2021-01-26 17:27:28'),(5739,68,59,18,'2021-01-26 17:27:28','2021-01-26 17:27:28'),(5740,68,59,19,'2021-01-26 17:27:28','2021-01-26 17:27:28'),(5741,68,59,20,'2021-01-26 17:27:28','2021-01-26 17:27:28'),(5742,68,59,25,'2021-01-26 17:27:28','2021-01-26 17:27:28'),(5743,68,59,26,'2021-01-26 17:27:28','2021-01-26 17:27:28'),(5744,68,59,30,'2021-01-26 17:27:28','2021-01-26 17:27:28'),(5745,68,59,31,'2021-01-26 17:27:28','2021-01-26 17:27:28'),(5746,68,59,32,'2021-01-26 17:27:28','2021-01-26 17:27:28'),(5747,68,59,33,'2021-01-26 17:27:28','2021-01-26 17:27:28'),(5748,68,59,34,'2021-01-26 17:27:28','2021-01-26 17:27:28'),(5749,68,59,35,'2021-01-26 17:27:28','2021-01-26 17:27:28'),(5750,68,59,36,'2021-01-26 17:27:28','2021-01-26 17:27:28'),(5751,68,59,37,'2021-01-26 17:27:28','2021-01-26 17:27:28'),(5752,68,59,45,'2021-01-26 17:27:28','2021-01-26 17:27:28'),(5753,68,59,46,'2021-01-26 17:27:28','2021-01-26 17:27:28'),(5754,68,59,47,'2021-01-26 17:27:28','2021-01-26 17:27:28'),(5755,68,59,48,'2021-01-26 17:27:28','2021-01-26 17:27:28'),(5756,68,59,50,'2021-01-26 17:27:28','2021-01-26 17:27:28'),(5757,68,59,51,'2021-01-26 17:27:28','2021-01-26 17:27:28'),(5758,68,59,52,'2021-01-26 17:27:28','2021-01-26 17:27:28'),(5759,68,59,53,'2021-01-26 17:27:28','2021-01-26 17:27:28'),(5760,68,59,54,'2021-01-26 17:27:28','2021-01-26 17:27:28'),(5761,68,59,55,'2021-01-26 17:27:28','2021-01-26 17:27:28'),(5762,68,59,56,'2021-01-26 17:27:28','2021-01-26 17:27:28'),(5763,68,59,57,'2021-01-26 17:27:28','2021-01-26 17:27:28'),(5764,68,59,77,'2021-01-26 17:27:28','2021-01-26 17:27:28'),(5765,68,59,78,'2021-01-26 17:27:28','2021-01-26 17:27:28'),(5766,68,59,79,'2021-01-26 17:27:28','2021-01-26 17:27:28'),(5767,68,59,80,'2021-01-26 17:27:28','2021-01-26 17:27:28'),(5768,68,59,81,'2021-01-26 17:27:28','2021-01-26 17:27:28'),(5769,69,60,1,'2021-01-26 17:30:22','2021-01-26 17:30:22'),(5770,69,60,2,'2021-01-26 17:30:22','2021-01-26 17:30:22'),(5771,69,60,3,'2021-01-26 17:30:22','2021-01-26 17:30:22'),(5772,69,60,4,'2021-01-26 17:30:22','2021-01-26 17:30:22'),(5773,69,60,5,'2021-01-26 17:30:22','2021-01-26 17:30:22'),(5774,69,60,6,'2021-01-26 17:30:22','2021-01-26 17:30:22'),(5775,69,60,7,'2021-01-26 17:30:22','2021-01-26 17:30:22'),(5776,69,60,8,'2021-01-26 17:30:22','2021-01-26 17:30:22'),(5777,69,60,9,'2021-01-26 17:30:22','2021-01-26 17:30:22'),(5778,69,60,10,'2021-01-26 17:30:22','2021-01-26 17:30:22'),(5779,69,60,11,'2021-01-26 17:30:22','2021-01-26 17:30:22'),(5780,69,60,12,'2021-01-26 17:30:22','2021-01-26 17:30:22'),(5781,69,60,13,'2021-01-26 17:30:22','2021-01-26 17:30:22'),(5782,69,60,14,'2021-01-26 17:30:22','2021-01-26 17:30:22'),(5783,69,60,15,'2021-01-26 17:30:22','2021-01-26 17:30:22'),(5784,69,60,16,'2021-01-26 17:30:22','2021-01-26 17:30:22'),(5785,69,60,17,'2021-01-26 17:30:22','2021-01-26 17:30:22'),(5786,69,60,18,'2021-01-26 17:30:22','2021-01-26 17:30:22'),(5787,69,60,19,'2021-01-26 17:30:22','2021-01-26 17:30:22'),(5788,69,60,20,'2021-01-26 17:30:22','2021-01-26 17:30:22'),(5789,69,60,25,'2021-01-26 17:30:22','2021-01-26 17:30:22'),(5790,69,60,26,'2021-01-26 17:30:22','2021-01-26 17:30:22'),(5791,69,60,30,'2021-01-26 17:30:22','2021-01-26 17:30:22'),(5792,69,60,31,'2021-01-26 17:30:22','2021-01-26 17:30:22'),(5793,69,60,32,'2021-01-26 17:30:22','2021-01-26 17:30:22'),(5794,69,60,33,'2021-01-26 17:30:22','2021-01-26 17:30:22'),(5795,69,60,34,'2021-01-26 17:30:22','2021-01-26 17:30:22'),(5796,69,60,35,'2021-01-26 17:30:22','2021-01-26 17:30:22'),(5797,69,60,36,'2021-01-26 17:30:22','2021-01-26 17:30:22'),(5798,69,60,37,'2021-01-26 17:30:22','2021-01-26 17:30:22'),(5799,69,60,45,'2021-01-26 17:30:22','2021-01-26 17:30:22'),(5800,69,60,46,'2021-01-26 17:30:22','2021-01-26 17:30:22'),(5801,69,60,47,'2021-01-26 17:30:22','2021-01-26 17:30:22'),(5802,69,60,48,'2021-01-26 17:30:22','2021-01-26 17:30:22'),(5803,69,60,50,'2021-01-26 17:30:22','2021-01-26 17:30:22'),(5804,69,60,51,'2021-01-26 17:30:22','2021-01-26 17:30:22'),(5805,69,60,52,'2021-01-26 17:30:22','2021-01-26 17:30:22'),(5806,69,60,53,'2021-01-26 17:30:22','2021-01-26 17:30:22'),(5807,69,60,54,'2021-01-26 17:30:22','2021-01-26 17:30:22'),(5808,69,60,55,'2021-01-26 17:30:22','2021-01-26 17:30:22'),(5809,69,60,56,'2021-01-26 17:30:22','2021-01-26 17:30:22'),(5810,69,60,57,'2021-01-26 17:30:22','2021-01-26 17:30:22'),(5811,69,60,77,'2021-01-26 17:30:22','2021-01-26 17:30:22'),(5812,69,60,78,'2021-01-26 17:30:22','2021-01-26 17:30:22'),(5813,69,60,79,'2021-01-26 17:30:22','2021-01-26 17:30:22'),(5814,69,60,80,'2021-01-26 17:30:22','2021-01-26 17:30:22'),(5815,69,60,81,'2021-01-26 17:30:22','2021-01-26 17:30:22'),(5816,70,61,1,'2021-01-26 17:31:57','2021-01-26 17:31:57'),(5817,70,61,2,'2021-01-26 17:31:57','2021-01-26 17:31:57'),(5818,70,61,3,'2021-01-26 17:31:57','2021-01-26 17:31:57'),(5819,70,61,4,'2021-01-26 17:31:57','2021-01-26 17:31:57'),(5820,70,61,5,'2021-01-26 17:31:57','2021-01-26 17:31:57'),(5821,70,61,6,'2021-01-26 17:31:57','2021-01-26 17:31:57'),(5822,70,61,7,'2021-01-26 17:31:57','2021-01-26 17:31:57'),(5823,70,61,8,'2021-01-26 17:31:57','2021-01-26 17:31:57'),(5824,70,61,9,'2021-01-26 17:31:57','2021-01-26 17:31:57'),(5825,70,61,10,'2021-01-26 17:31:57','2021-01-26 17:31:57'),(5826,70,61,11,'2021-01-26 17:31:57','2021-01-26 17:31:57'),(5827,70,61,12,'2021-01-26 17:31:57','2021-01-26 17:31:57'),(5828,70,61,13,'2021-01-26 17:31:57','2021-01-26 17:31:57'),(5829,70,61,14,'2021-01-26 17:31:57','2021-01-26 17:31:57'),(5830,70,61,15,'2021-01-26 17:31:57','2021-01-26 17:31:57'),(5831,70,61,16,'2021-01-26 17:31:57','2021-01-26 17:31:57'),(5832,70,61,17,'2021-01-26 17:31:57','2021-01-26 17:31:57'),(5833,70,61,18,'2021-01-26 17:31:57','2021-01-26 17:31:57'),(5834,70,61,19,'2021-01-26 17:31:57','2021-01-26 17:31:57'),(5835,70,61,20,'2021-01-26 17:31:57','2021-01-26 17:31:57'),(5836,70,61,25,'2021-01-26 17:31:57','2021-01-26 17:31:57'),(5837,70,61,26,'2021-01-26 17:31:57','2021-01-26 17:31:57'),(5838,70,61,30,'2021-01-26 17:31:57','2021-01-26 17:31:57'),(5839,70,61,31,'2021-01-26 17:31:57','2021-01-26 17:31:57'),(5840,70,61,32,'2021-01-26 17:31:57','2021-01-26 17:31:57'),(5841,70,61,33,'2021-01-26 17:31:57','2021-01-26 17:31:57'),(5842,70,61,34,'2021-01-26 17:31:57','2021-01-26 17:31:57'),(5843,70,61,35,'2021-01-26 17:31:57','2021-01-26 17:31:57'),(5844,70,61,36,'2021-01-26 17:31:57','2021-01-26 17:31:57'),(5845,70,61,37,'2021-01-26 17:31:57','2021-01-26 17:31:57'),(5846,70,61,45,'2021-01-26 17:31:57','2021-01-26 17:31:57'),(5847,70,61,46,'2021-01-26 17:31:57','2021-01-26 17:31:57'),(5848,70,61,47,'2021-01-26 17:31:57','2021-01-26 17:31:57'),(5849,70,61,49,'2021-01-26 17:31:57','2021-01-26 17:31:57'),(5850,70,61,50,'2021-01-26 17:31:57','2021-01-26 17:31:57'),(5851,70,61,51,'2021-01-26 17:31:57','2021-01-26 17:31:57'),(5852,70,61,52,'2021-01-26 17:31:57','2021-01-26 17:31:57'),(5853,70,61,53,'2021-01-26 17:31:57','2021-01-26 17:31:57'),(5854,70,61,54,'2021-01-26 17:31:57','2021-01-26 17:31:57'),(5855,70,61,55,'2021-01-26 17:31:57','2021-01-26 17:31:57'),(5856,70,61,56,'2021-01-26 17:31:57','2021-01-26 17:31:57'),(5857,70,61,57,'2021-01-26 17:31:57','2021-01-26 17:31:57'),(5858,70,61,65,'2021-01-26 17:31:57','2021-01-26 17:31:57'),(5859,70,61,66,'2021-01-26 17:31:57','2021-01-26 17:31:57'),(5860,70,61,67,'2021-01-26 17:31:57','2021-01-26 17:31:57'),(5861,70,61,68,'2021-01-26 17:31:57','2021-01-26 17:31:57'),(5862,70,61,69,'2021-01-26 17:31:57','2021-01-26 17:31:57'),(5863,70,61,70,'2021-01-26 17:31:57','2021-01-26 17:31:57'),(5864,70,61,71,'2021-01-26 17:31:57','2021-01-26 17:31:57'),(5865,70,61,72,'2021-01-26 17:31:57','2021-01-26 17:31:57'),(5866,70,61,73,'2021-01-26 17:31:57','2021-01-26 17:31:57'),(5867,70,61,74,'2021-01-26 17:31:57','2021-01-26 17:31:57'),(5868,70,61,75,'2021-01-26 17:31:57','2021-01-26 17:31:57'),(5869,70,61,76,'2021-01-26 17:31:57','2021-01-26 17:31:57'),(5870,70,61,77,'2021-01-26 17:31:57','2021-01-26 17:31:57'),(5871,70,61,78,'2021-01-26 17:31:57','2021-01-26 17:31:57'),(5872,70,61,79,'2021-01-26 17:31:57','2021-01-26 17:31:57'),(5873,70,61,80,'2021-01-26 17:31:57','2021-01-26 17:31:57'),(5874,70,61,81,'2021-01-26 17:31:57','2021-01-26 17:31:57'),(5875,72,62,3,'2021-01-27 10:33:23','2021-01-27 10:33:23'),(5876,72,62,5,'2021-01-27 10:33:23','2021-01-27 10:33:23'),(5877,72,62,13,'2021-01-27 10:33:23','2021-01-27 10:33:23'),(5878,72,62,14,'2021-01-27 10:33:23','2021-01-27 10:33:23'),(5879,72,62,15,'2021-01-27 10:33:23','2021-01-27 10:33:23'),(5880,72,62,16,'2021-01-27 10:33:23','2021-01-27 10:33:23'),(5881,72,62,17,'2021-01-27 10:33:23','2021-01-27 10:33:23'),(5882,72,62,18,'2021-01-27 10:33:23','2021-01-27 10:33:23'),(5883,72,62,19,'2021-01-27 10:33:23','2021-01-27 10:33:23'),(5884,72,62,20,'2021-01-27 10:33:23','2021-01-27 10:33:23'),(5885,72,62,25,'2021-01-27 10:33:23','2021-01-27 10:33:23'),(5886,72,62,26,'2021-01-27 10:33:23','2021-01-27 10:33:23'),(5887,72,62,30,'2021-01-27 10:33:23','2021-01-27 10:33:23'),(5888,72,62,31,'2021-01-27 10:33:23','2021-01-27 10:33:23'),(5889,72,62,32,'2021-01-27 10:33:23','2021-01-27 10:33:23'),(5890,72,62,33,'2021-01-27 10:33:23','2021-01-27 10:33:23'),(5891,72,62,34,'2021-01-27 10:33:23','2021-01-27 10:33:23'),(5892,72,62,35,'2021-01-27 10:33:23','2021-01-27 10:33:23'),(5893,72,62,36,'2021-01-27 10:33:23','2021-01-27 10:33:23'),(5894,72,62,37,'2021-01-27 10:33:23','2021-01-27 10:33:23'),(5895,72,62,45,'2021-01-27 10:33:23','2021-01-27 10:33:23'),(5896,72,62,46,'2021-01-27 10:33:23','2021-01-27 10:33:23'),(5897,72,62,47,'2021-01-27 10:33:23','2021-01-27 10:33:23'),(5898,72,62,48,'2021-01-27 10:33:23','2021-01-27 10:33:23'),(5899,72,62,54,'2021-01-27 10:33:23','2021-01-27 10:33:23'),(5900,72,62,55,'2021-01-27 10:33:23','2021-01-27 10:33:23'),(5901,72,62,56,'2021-01-27 10:33:23','2021-01-27 10:33:23'),(5902,72,62,57,'2021-01-27 10:33:23','2021-01-27 10:33:23'),(5903,72,62,77,'2021-01-27 10:33:23','2021-01-27 10:33:23'),(5904,72,62,78,'2021-01-27 10:33:23','2021-01-27 10:33:23'),(5905,72,62,79,'2021-01-27 10:33:23','2021-01-27 10:33:23'),(5906,72,62,80,'2021-01-27 10:33:23','2021-01-27 10:33:23'),(5907,72,62,81,'2021-01-27 10:33:23','2021-01-27 10:33:23'),(5908,73,63,1,'2021-01-27 11:27:06','2021-01-27 11:27:06'),(5909,73,63,3,'2021-01-27 11:27:06','2021-01-27 11:27:06'),(5910,73,63,5,'2021-01-27 11:27:06','2021-01-27 11:27:06'),(5911,73,63,6,'2021-01-27 11:27:06','2021-01-27 11:27:06'),(5912,73,63,7,'2021-01-27 11:27:06','2021-01-27 11:27:06'),(5913,73,63,8,'2021-01-27 11:27:06','2021-01-27 11:27:06'),(5914,73,63,9,'2021-01-27 11:27:06','2021-01-27 11:27:06'),(5915,73,63,10,'2021-01-27 11:27:06','2021-01-27 11:27:06'),(5916,73,63,11,'2021-01-27 11:27:06','2021-01-27 11:27:06'),(5917,73,63,13,'2021-01-27 11:27:06','2021-01-27 11:27:06'),(5918,73,63,14,'2021-01-27 11:27:06','2021-01-27 11:27:06'),(5919,73,63,15,'2021-01-27 11:27:06','2021-01-27 11:27:06'),(5920,73,63,16,'2021-01-27 11:27:06','2021-01-27 11:27:06'),(5921,73,63,17,'2021-01-27 11:27:06','2021-01-27 11:27:06'),(5922,73,63,18,'2021-01-27 11:27:06','2021-01-27 11:27:06'),(5923,73,63,19,'2021-01-27 11:27:06','2021-01-27 11:27:06'),(5924,73,63,20,'2021-01-27 11:27:06','2021-01-27 11:27:06'),(5925,73,63,25,'2021-01-27 11:27:06','2021-01-27 11:27:06'),(5926,73,63,26,'2021-01-27 11:27:06','2021-01-27 11:27:06'),(5927,73,63,30,'2021-01-27 11:27:06','2021-01-27 11:27:06'),(5928,73,63,31,'2021-01-27 11:27:06','2021-01-27 11:27:06'),(5929,73,63,32,'2021-01-27 11:27:06','2021-01-27 11:27:06'),(5930,73,63,33,'2021-01-27 11:27:06','2021-01-27 11:27:06'),(5931,73,63,34,'2021-01-27 11:27:06','2021-01-27 11:27:06'),(5932,73,63,35,'2021-01-27 11:27:06','2021-01-27 11:27:06'),(5933,73,63,36,'2021-01-27 11:27:06','2021-01-27 11:27:06'),(5934,73,63,37,'2021-01-27 11:27:06','2021-01-27 11:27:06'),(5935,73,63,45,'2021-01-27 11:27:06','2021-01-27 11:27:06'),(5936,73,63,46,'2021-01-27 11:27:06','2021-01-27 11:27:06'),(5937,73,63,47,'2021-01-27 11:27:06','2021-01-27 11:27:06'),(5938,73,63,48,'2021-01-27 11:27:06','2021-01-27 11:27:06'),(5939,73,63,50,'2021-01-27 11:27:06','2021-01-27 11:27:06'),(5940,73,63,51,'2021-01-27 11:27:06','2021-01-27 11:27:06'),(5941,73,63,52,'2021-01-27 11:27:06','2021-01-27 11:27:06'),(5942,73,63,53,'2021-01-27 11:27:06','2021-01-27 11:27:06'),(5943,73,63,54,'2021-01-27 11:27:06','2021-01-27 11:27:06'),(5944,73,63,55,'2021-01-27 11:27:06','2021-01-27 11:27:06'),(5945,73,63,56,'2021-01-27 11:27:06','2021-01-27 11:27:06'),(5946,73,63,57,'2021-01-27 11:27:06','2021-01-27 11:27:06'),(5947,73,63,58,'2021-01-27 11:27:06','2021-01-27 11:27:06'),(5948,73,63,59,'2021-01-27 11:27:06','2021-01-27 11:27:06'),(5949,73,63,60,'2021-01-27 11:27:06','2021-01-27 11:27:06'),(5950,73,63,77,'2021-01-27 11:27:06','2021-01-27 11:27:06'),(5951,73,63,78,'2021-01-27 11:27:06','2021-01-27 11:27:06'),(5952,73,63,79,'2021-01-27 11:27:06','2021-01-27 11:27:06'),(5953,73,63,80,'2021-01-27 11:27:06','2021-01-27 11:27:06'),(5954,73,63,81,'2021-01-27 11:27:06','2021-01-27 11:27:06'),(5955,74,NULL,3,'2021-01-29 19:21:44','2021-01-29 19:21:44'),(5956,74,NULL,13,'2021-01-29 19:21:44','2021-01-29 19:21:44'),(5957,74,NULL,17,'2021-01-29 19:21:44','2021-01-29 19:21:44'),(5958,74,NULL,25,'2021-01-29 19:21:44','2021-01-29 19:21:44'),(5959,74,NULL,26,'2021-01-29 19:21:44','2021-01-29 19:21:44'),(5960,74,NULL,45,'2021-01-29 19:21:44','2021-01-29 19:21:44'),(5961,74,NULL,81,'2021-01-29 19:21:44','2021-01-29 19:21:44'),(5962,77,64,1,'2021-02-07 08:19:30','2021-02-07 08:19:30'),(5963,77,64,6,'2021-02-07 08:19:30','2021-02-07 08:19:30'),(5964,77,64,7,'2021-02-07 08:19:30','2021-02-07 08:19:30'),(5965,77,64,8,'2021-02-07 08:19:30','2021-02-07 08:19:30'),(5966,77,64,13,'2021-02-07 08:19:30','2021-02-07 08:19:30'),(5967,77,64,14,'2021-02-07 08:19:30','2021-02-07 08:19:30'),(5968,77,64,15,'2021-02-07 08:19:30','2021-02-07 08:19:30'),(5969,77,64,16,'2021-02-07 08:19:30','2021-02-07 08:19:30'),(5970,77,64,17,'2021-02-07 08:19:30','2021-02-07 08:19:30'),(5971,77,64,18,'2021-02-07 08:19:30','2021-02-07 08:19:30'),(5972,77,64,19,'2021-02-07 08:19:30','2021-02-07 08:19:30'),(5973,77,64,20,'2021-02-07 08:19:30','2021-02-07 08:19:30'),(5974,77,64,25,'2021-02-07 08:19:30','2021-02-07 08:19:30'),(5975,77,64,26,'2021-02-07 08:19:30','2021-02-07 08:19:30'),(5976,77,64,30,'2021-02-07 08:19:30','2021-02-07 08:19:30'),(5977,77,64,31,'2021-02-07 08:19:30','2021-02-07 08:19:30'),(5978,77,64,32,'2021-02-07 08:19:30','2021-02-07 08:19:30'),(5979,77,64,33,'2021-02-07 08:19:30','2021-02-07 08:19:30'),(5980,77,64,34,'2021-02-07 08:19:30','2021-02-07 08:19:30'),(5981,77,64,35,'2021-02-07 08:19:30','2021-02-07 08:19:30'),(5982,77,64,36,'2021-02-07 08:19:30','2021-02-07 08:19:30'),(5983,77,64,37,'2021-02-07 08:19:30','2021-02-07 08:19:30'),(5984,77,64,45,'2021-02-07 08:19:30','2021-02-07 08:19:30'),(5985,77,64,50,'2021-02-07 08:19:30','2021-02-07 08:19:30'),(5986,77,64,51,'2021-02-07 08:19:30','2021-02-07 08:19:30'),(5987,77,64,52,'2021-02-07 08:19:30','2021-02-07 08:19:30'),(5988,77,64,53,'2021-02-07 08:19:30','2021-02-07 08:19:30'),(5989,77,64,54,'2021-02-07 08:19:30','2021-02-07 08:19:30'),(5990,77,64,55,'2021-02-07 08:19:30','2021-02-07 08:19:30'),(5991,77,64,56,'2021-02-07 08:19:30','2021-02-07 08:19:30'),(5992,77,64,57,'2021-02-07 08:19:30','2021-02-07 08:19:30'),(5993,77,64,77,'2021-02-07 08:19:30','2021-02-07 08:19:30'),(5994,77,64,78,'2021-02-07 08:19:30','2021-02-07 08:19:30'),(5995,77,64,79,'2021-02-07 08:19:30','2021-02-07 08:19:30'),(5996,77,64,80,'2021-02-07 08:19:30','2021-02-07 08:19:30'),(5997,77,64,81,'2021-02-07 08:19:30','2021-02-07 08:19:30'),(5998,79,NULL,25,'2021-02-08 14:27:29','2021-02-08 14:27:29'),(5999,79,NULL,26,'2021-02-08 14:27:29','2021-02-08 14:27:29'),(6000,82,65,1,'2021-02-12 16:24:53','2021-02-12 16:24:53'),(6001,82,65,2,'2021-02-12 16:24:53','2021-02-12 16:24:53'),(6002,82,65,3,'2021-02-12 16:24:53','2021-02-12 16:24:53'),(6003,82,65,4,'2021-02-12 16:24:53','2021-02-12 16:24:53'),(6004,82,65,5,'2021-02-12 16:24:53','2021-02-12 16:24:53'),(6005,82,65,6,'2021-02-12 16:24:53','2021-02-12 16:24:53'),(6006,82,65,7,'2021-02-12 16:24:53','2021-02-12 16:24:53'),(6007,82,65,8,'2021-02-12 16:24:53','2021-02-12 16:24:53'),(6008,82,65,9,'2021-02-12 16:24:53','2021-02-12 16:24:53'),(6009,82,65,10,'2021-02-12 16:24:53','2021-02-12 16:24:53'),(6010,82,65,11,'2021-02-12 16:24:53','2021-02-12 16:24:53'),(6011,82,65,12,'2021-02-12 16:24:53','2021-02-12 16:24:53'),(6012,82,65,13,'2021-02-12 16:24:53','2021-02-12 16:24:53'),(6013,82,65,14,'2021-02-12 16:24:53','2021-02-12 16:24:53'),(6014,82,65,15,'2021-02-12 16:24:53','2021-02-12 16:24:53'),(6015,82,65,16,'2021-02-12 16:24:53','2021-02-12 16:24:53'),(6016,82,65,17,'2021-02-12 16:24:53','2021-02-12 16:24:53'),(6017,82,65,18,'2021-02-12 16:24:53','2021-02-12 16:24:53'),(6018,82,65,19,'2021-02-12 16:24:53','2021-02-12 16:24:53'),(6019,82,65,20,'2021-02-12 16:24:53','2021-02-12 16:24:53'),(6020,82,65,25,'2021-02-12 16:24:53','2021-02-12 16:24:53'),(6021,82,65,26,'2021-02-12 16:24:53','2021-02-12 16:24:53'),(6022,82,65,30,'2021-02-12 16:24:53','2021-02-12 16:24:53'),(6023,82,65,31,'2021-02-12 16:24:53','2021-02-12 16:24:53'),(6024,82,65,32,'2021-02-12 16:24:53','2021-02-12 16:24:53'),(6025,82,65,33,'2021-02-12 16:24:53','2021-02-12 16:24:53'),(6026,82,65,34,'2021-02-12 16:24:53','2021-02-12 16:24:53'),(6027,82,65,35,'2021-02-12 16:24:53','2021-02-12 16:24:53'),(6028,82,65,36,'2021-02-12 16:24:53','2021-02-12 16:24:53'),(6029,82,65,37,'2021-02-12 16:24:53','2021-02-12 16:24:53'),(6030,82,65,45,'2021-02-12 16:24:53','2021-02-12 16:24:53'),(6031,82,65,46,'2021-02-12 16:24:53','2021-02-12 16:24:53'),(6032,82,65,47,'2021-02-12 16:24:53','2021-02-12 16:24:53'),(6033,82,65,48,'2021-02-12 16:24:53','2021-02-12 16:24:53'),(6034,82,65,49,'2021-02-12 16:24:53','2021-02-12 16:24:53'),(6035,82,65,50,'2021-02-12 16:24:53','2021-02-12 16:24:53'),(6036,82,65,51,'2021-02-12 16:24:53','2021-02-12 16:24:53'),(6037,82,65,52,'2021-02-12 16:24:53','2021-02-12 16:24:53'),(6038,82,65,53,'2021-02-12 16:24:53','2021-02-12 16:24:53'),(6039,82,65,54,'2021-02-12 16:24:53','2021-02-12 16:24:53'),(6040,82,65,55,'2021-02-12 16:24:53','2021-02-12 16:24:53'),(6041,82,65,56,'2021-02-12 16:24:53','2021-02-12 16:24:53'),(6042,82,65,57,'2021-02-12 16:24:53','2021-02-12 16:24:53'),(6043,82,65,66,'2021-02-12 16:24:53','2021-02-12 16:24:53'),(6044,82,65,67,'2021-02-12 16:24:53','2021-02-12 16:24:53'),(6045,82,65,68,'2021-02-12 16:24:53','2021-02-12 16:24:53'),(6046,82,65,69,'2021-02-12 16:24:53','2021-02-12 16:24:53'),(6047,82,65,70,'2021-02-12 16:24:53','2021-02-12 16:24:53'),(6048,82,65,71,'2021-02-12 16:24:53','2021-02-12 16:24:53'),(6049,82,65,72,'2021-02-12 16:24:53','2021-02-12 16:24:53'),(6050,82,65,73,'2021-02-12 16:24:53','2021-02-12 16:24:53'),(6051,82,65,74,'2021-02-12 16:24:53','2021-02-12 16:24:53'),(6052,82,65,75,'2021-02-12 16:24:53','2021-02-12 16:24:53'),(6053,82,65,76,'2021-02-12 16:24:53','2021-02-12 16:24:53'),(6054,82,65,77,'2021-02-12 16:24:53','2021-02-12 16:24:53'),(6055,82,65,78,'2021-02-12 16:24:53','2021-02-12 16:24:53'),(6056,82,65,79,'2021-02-12 16:24:53','2021-02-12 16:24:53'),(6057,82,65,80,'2021-02-12 16:24:53','2021-02-12 16:24:53'),(6058,82,65,81,'2021-02-12 16:24:53','2021-02-12 16:24:53'),(6059,83,66,1,'2021-02-13 14:56:19','2021-02-13 14:56:19'),(6060,83,66,2,'2021-02-13 14:56:19','2021-02-13 14:56:19'),(6061,83,66,3,'2021-02-13 14:56:19','2021-02-13 14:56:19'),(6062,83,66,4,'2021-02-13 14:56:19','2021-02-13 14:56:19'),(6063,83,66,5,'2021-02-13 14:56:19','2021-02-13 14:56:19'),(6064,83,66,13,'2021-02-13 14:56:19','2021-02-13 14:56:19'),(6065,83,66,14,'2021-02-13 14:56:19','2021-02-13 14:56:19'),(6066,83,66,15,'2021-02-13 14:56:19','2021-02-13 14:56:19'),(6067,83,66,16,'2021-02-13 14:56:19','2021-02-13 14:56:19'),(6068,83,66,17,'2021-02-13 14:56:19','2021-02-13 14:56:19'),(6069,83,66,18,'2021-02-13 14:56:19','2021-02-13 14:56:19'),(6070,83,66,19,'2021-02-13 14:56:19','2021-02-13 14:56:19'),(6071,83,66,20,'2021-02-13 14:56:19','2021-02-13 14:56:19'),(6072,83,66,25,'2021-02-13 14:56:19','2021-02-13 14:56:19'),(6073,83,66,26,'2021-02-13 14:56:19','2021-02-13 14:56:19'),(6074,83,66,30,'2021-02-13 14:56:19','2021-02-13 14:56:19'),(6075,83,66,31,'2021-02-13 14:56:19','2021-02-13 14:56:19'),(6076,83,66,32,'2021-02-13 14:56:19','2021-02-13 14:56:19'),(6077,83,66,33,'2021-02-13 14:56:19','2021-02-13 14:56:19'),(6078,83,66,34,'2021-02-13 14:56:19','2021-02-13 14:56:19'),(6079,83,66,35,'2021-02-13 14:56:19','2021-02-13 14:56:19'),(6080,83,66,36,'2021-02-13 14:56:19','2021-02-13 14:56:19'),(6081,83,66,37,'2021-02-13 14:56:19','2021-02-13 14:56:19'),(6082,83,66,45,'2021-02-13 14:56:19','2021-02-13 14:56:19'),(6083,83,66,46,'2021-02-13 14:56:19','2021-02-13 14:56:19'),(6084,83,66,47,'2021-02-13 14:56:19','2021-02-13 14:56:19'),(6085,83,66,48,'2021-02-13 14:56:19','2021-02-13 14:56:19'),(6086,83,66,54,'2021-02-13 14:56:19','2021-02-13 14:56:19'),(6087,83,66,55,'2021-02-13 14:56:19','2021-02-13 14:56:19'),(6088,83,66,56,'2021-02-13 14:56:19','2021-02-13 14:56:19'),(6089,83,66,57,'2021-02-13 14:56:19','2021-02-13 14:56:19'),(6090,83,66,77,'2021-02-13 14:56:19','2021-02-13 14:56:19'),(6091,83,66,78,'2021-02-13 14:56:19','2021-02-13 14:56:19'),(6092,83,66,79,'2021-02-13 14:56:19','2021-02-13 14:56:19'),(6093,83,66,80,'2021-02-13 14:56:19','2021-02-13 14:56:19'),(6094,83,66,81,'2021-02-13 14:56:19','2021-02-13 14:56:19'),(6095,84,67,1,'2021-02-13 14:58:19','2021-02-13 14:58:19'),(6096,84,67,2,'2021-02-13 14:58:19','2021-02-13 14:58:19'),(6097,84,67,3,'2021-02-13 14:58:19','2021-02-13 14:58:19'),(6098,84,67,4,'2021-02-13 14:58:19','2021-02-13 14:58:19'),(6099,84,67,5,'2021-02-13 14:58:19','2021-02-13 14:58:19'),(6100,84,67,6,'2021-02-13 14:58:19','2021-02-13 14:58:19'),(6101,84,67,7,'2021-02-13 14:58:19','2021-02-13 14:58:19'),(6102,84,67,8,'2021-02-13 14:58:19','2021-02-13 14:58:19'),(6103,84,67,10,'2021-02-13 14:58:19','2021-02-13 14:58:19'),(6104,84,67,12,'2021-02-13 14:58:19','2021-02-13 14:58:19'),(6105,84,67,13,'2021-02-13 14:58:19','2021-02-13 14:58:19'),(6106,84,67,14,'2021-02-13 14:58:19','2021-02-13 14:58:19'),(6107,84,67,15,'2021-02-13 14:58:19','2021-02-13 14:58:19'),(6108,84,67,16,'2021-02-13 14:58:19','2021-02-13 14:58:19'),(6109,84,67,17,'2021-02-13 14:58:19','2021-02-13 14:58:19'),(6110,84,67,18,'2021-02-13 14:58:19','2021-02-13 14:58:19'),(6111,84,67,19,'2021-02-13 14:58:19','2021-02-13 14:58:19'),(6112,84,67,20,'2021-02-13 14:58:19','2021-02-13 14:58:19'),(6113,84,67,25,'2021-02-13 14:58:19','2021-02-13 14:58:19'),(6114,84,67,26,'2021-02-13 14:58:19','2021-02-13 14:58:19'),(6115,84,67,30,'2021-02-13 14:58:19','2021-02-13 14:58:19'),(6116,84,67,31,'2021-02-13 14:58:19','2021-02-13 14:58:19'),(6117,84,67,32,'2021-02-13 14:58:19','2021-02-13 14:58:19'),(6118,84,67,33,'2021-02-13 14:58:19','2021-02-13 14:58:19'),(6119,84,67,34,'2021-02-13 14:58:19','2021-02-13 14:58:19'),(6120,84,67,35,'2021-02-13 14:58:19','2021-02-13 14:58:19'),(6121,84,67,36,'2021-02-13 14:58:19','2021-02-13 14:58:19'),(6122,84,67,37,'2021-02-13 14:58:19','2021-02-13 14:58:19'),(6123,84,67,45,'2021-02-13 14:58:19','2021-02-13 14:58:19'),(6124,84,67,46,'2021-02-13 14:58:19','2021-02-13 14:58:19'),(6125,84,67,47,'2021-02-13 14:58:19','2021-02-13 14:58:19'),(6126,84,67,48,'2021-02-13 14:58:19','2021-02-13 14:58:19'),(6127,84,67,50,'2021-02-13 14:58:19','2021-02-13 14:58:19'),(6128,84,67,51,'2021-02-13 14:58:19','2021-02-13 14:58:19'),(6129,84,67,52,'2021-02-13 14:58:19','2021-02-13 14:58:19'),(6130,84,67,53,'2021-02-13 14:58:19','2021-02-13 14:58:19'),(6131,84,67,54,'2021-02-13 14:58:19','2021-02-13 14:58:19'),(6132,84,67,55,'2021-02-13 14:58:19','2021-02-13 14:58:19'),(6133,84,67,56,'2021-02-13 14:58:19','2021-02-13 14:58:19'),(6134,84,67,57,'2021-02-13 14:58:19','2021-02-13 14:58:19'),(6135,84,67,65,'2021-02-13 14:58:19','2021-02-13 14:58:19'),(6136,84,67,77,'2021-02-13 14:58:19','2021-02-13 14:58:19'),(6137,84,67,78,'2021-02-13 14:58:19','2021-02-13 14:58:19'),(6138,84,67,79,'2021-02-13 14:58:19','2021-02-13 14:58:19'),(6139,84,67,80,'2021-02-13 14:58:19','2021-02-13 14:58:19'),(6140,84,67,81,'2021-02-13 14:58:19','2021-02-13 14:58:19'),(6141,85,68,1,'2021-02-13 15:00:16','2021-02-13 15:00:16'),(6142,85,68,2,'2021-02-13 15:00:16','2021-02-13 15:00:16'),(6143,85,68,3,'2021-02-13 15:00:16','2021-02-13 15:00:16'),(6144,85,68,4,'2021-02-13 15:00:16','2021-02-13 15:00:16'),(6145,85,68,5,'2021-02-13 15:00:16','2021-02-13 15:00:16'),(6146,85,68,6,'2021-02-13 15:00:16','2021-02-13 15:00:16'),(6147,85,68,7,'2021-02-13 15:00:16','2021-02-13 15:00:16'),(6148,85,68,8,'2021-02-13 15:00:16','2021-02-13 15:00:16'),(6149,85,68,9,'2021-02-13 15:00:16','2021-02-13 15:00:16'),(6150,85,68,10,'2021-02-13 15:00:16','2021-02-13 15:00:16'),(6151,85,68,11,'2021-02-13 15:00:16','2021-02-13 15:00:16'),(6152,85,68,12,'2021-02-13 15:00:16','2021-02-13 15:00:16'),(6153,85,68,13,'2021-02-13 15:00:16','2021-02-13 15:00:16'),(6154,85,68,14,'2021-02-13 15:00:16','2021-02-13 15:00:16'),(6155,85,68,15,'2021-02-13 15:00:16','2021-02-13 15:00:16'),(6156,85,68,16,'2021-02-13 15:00:16','2021-02-13 15:00:16'),(6157,85,68,17,'2021-02-13 15:00:16','2021-02-13 15:00:16'),(6158,85,68,18,'2021-02-13 15:00:16','2021-02-13 15:00:16'),(6159,85,68,19,'2021-02-13 15:00:16','2021-02-13 15:00:16'),(6160,85,68,20,'2021-02-13 15:00:16','2021-02-13 15:00:16'),(6161,85,68,25,'2021-02-13 15:00:16','2021-02-13 15:00:16'),(6162,85,68,26,'2021-02-13 15:00:16','2021-02-13 15:00:16'),(6163,85,68,30,'2021-02-13 15:00:16','2021-02-13 15:00:16'),(6164,85,68,31,'2021-02-13 15:00:16','2021-02-13 15:00:16'),(6165,85,68,32,'2021-02-13 15:00:16','2021-02-13 15:00:16'),(6166,85,68,33,'2021-02-13 15:00:16','2021-02-13 15:00:16'),(6167,85,68,34,'2021-02-13 15:00:16','2021-02-13 15:00:16'),(6168,85,68,35,'2021-02-13 15:00:16','2021-02-13 15:00:16'),(6169,85,68,36,'2021-02-13 15:00:16','2021-02-13 15:00:16'),(6170,85,68,37,'2021-02-13 15:00:16','2021-02-13 15:00:16'),(6171,85,68,45,'2021-02-13 15:00:16','2021-02-13 15:00:16'),(6172,85,68,46,'2021-02-13 15:00:16','2021-02-13 15:00:16'),(6173,85,68,47,'2021-02-13 15:00:16','2021-02-13 15:00:16'),(6174,85,68,48,'2021-02-13 15:00:16','2021-02-13 15:00:16'),(6175,85,68,50,'2021-02-13 15:00:16','2021-02-13 15:00:16'),(6176,85,68,51,'2021-02-13 15:00:16','2021-02-13 15:00:16'),(6177,85,68,52,'2021-02-13 15:00:16','2021-02-13 15:00:16'),(6178,85,68,53,'2021-02-13 15:00:16','2021-02-13 15:00:16'),(6179,85,68,54,'2021-02-13 15:00:16','2021-02-13 15:00:16'),(6180,85,68,55,'2021-02-13 15:00:16','2021-02-13 15:00:16'),(6181,85,68,56,'2021-02-13 15:00:16','2021-02-13 15:00:16'),(6182,85,68,57,'2021-02-13 15:00:16','2021-02-13 15:00:16'),(6183,85,68,65,'2021-02-13 15:00:16','2021-02-13 15:00:16'),(6184,85,68,66,'2021-02-13 15:00:16','2021-02-13 15:00:16'),(6185,85,68,67,'2021-02-13 15:00:16','2021-02-13 15:00:16'),(6186,85,68,68,'2021-02-13 15:00:16','2021-02-13 15:00:16'),(6187,85,68,69,'2021-02-13 15:00:16','2021-02-13 15:00:16'),(6188,85,68,70,'2021-02-13 15:00:16','2021-02-13 15:00:16'),(6189,85,68,71,'2021-02-13 15:00:16','2021-02-13 15:00:16'),(6190,85,68,72,'2021-02-13 15:00:16','2021-02-13 15:00:16'),(6191,85,68,73,'2021-02-13 15:00:16','2021-02-13 15:00:16'),(6192,85,68,74,'2021-02-13 15:00:16','2021-02-13 15:00:16'),(6193,85,68,75,'2021-02-13 15:00:16','2021-02-13 15:00:16'),(6194,85,68,76,'2021-02-13 15:00:16','2021-02-13 15:00:16'),(6195,85,68,77,'2021-02-13 15:00:16','2021-02-13 15:00:16'),(6196,85,68,78,'2021-02-13 15:00:16','2021-02-13 15:00:16'),(6197,85,68,79,'2021-02-13 15:00:16','2021-02-13 15:00:16'),(6198,85,68,80,'2021-02-13 15:00:16','2021-02-13 15:00:16'),(6199,85,68,81,'2021-02-13 15:00:16','2021-02-13 15:00:16'),(6200,86,69,1,'2021-02-13 15:01:56','2021-02-13 15:01:56'),(6201,86,69,2,'2021-02-13 15:01:56','2021-02-13 15:01:56'),(6202,86,69,3,'2021-02-13 15:01:56','2021-02-13 15:01:56'),(6203,86,69,4,'2021-02-13 15:01:56','2021-02-13 15:01:56'),(6204,86,69,5,'2021-02-13 15:01:56','2021-02-13 15:01:56'),(6205,86,69,6,'2021-02-13 15:01:56','2021-02-13 15:01:56'),(6206,86,69,7,'2021-02-13 15:01:56','2021-02-13 15:01:56'),(6207,86,69,8,'2021-02-13 15:01:56','2021-02-13 15:01:56'),(6208,86,69,9,'2021-02-13 15:01:56','2021-02-13 15:01:56'),(6209,86,69,10,'2021-02-13 15:01:56','2021-02-13 15:01:56'),(6210,86,69,11,'2021-02-13 15:01:56','2021-02-13 15:01:56'),(6211,86,69,12,'2021-02-13 15:01:56','2021-02-13 15:01:56'),(6212,86,69,13,'2021-02-13 15:01:56','2021-02-13 15:01:56'),(6213,86,69,14,'2021-02-13 15:01:56','2021-02-13 15:01:56'),(6214,86,69,15,'2021-02-13 15:01:56','2021-02-13 15:01:56'),(6215,86,69,16,'2021-02-13 15:01:56','2021-02-13 15:01:56'),(6216,86,69,17,'2021-02-13 15:01:56','2021-02-13 15:01:56'),(6217,86,69,18,'2021-02-13 15:01:56','2021-02-13 15:01:56'),(6218,86,69,19,'2021-02-13 15:01:56','2021-02-13 15:01:56'),(6219,86,69,20,'2021-02-13 15:01:56','2021-02-13 15:01:56'),(6220,86,69,25,'2021-02-13 15:01:56','2021-02-13 15:01:56'),(6221,86,69,26,'2021-02-13 15:01:56','2021-02-13 15:01:56'),(6222,86,69,30,'2021-02-13 15:01:56','2021-02-13 15:01:56'),(6223,86,69,31,'2021-02-13 15:01:56','2021-02-13 15:01:56'),(6224,86,69,32,'2021-02-13 15:01:56','2021-02-13 15:01:56'),(6225,86,69,33,'2021-02-13 15:01:56','2021-02-13 15:01:56'),(6226,86,69,34,'2021-02-13 15:01:56','2021-02-13 15:01:56'),(6227,86,69,35,'2021-02-13 15:01:56','2021-02-13 15:01:56'),(6228,86,69,36,'2021-02-13 15:01:56','2021-02-13 15:01:56'),(6229,86,69,37,'2021-02-13 15:01:56','2021-02-13 15:01:56'),(6230,86,69,45,'2021-02-13 15:01:56','2021-02-13 15:01:56'),(6231,86,69,46,'2021-02-13 15:01:56','2021-02-13 15:01:56'),(6232,86,69,47,'2021-02-13 15:01:56','2021-02-13 15:01:56'),(6233,86,69,48,'2021-02-13 15:01:56','2021-02-13 15:01:56'),(6234,86,69,49,'2021-02-13 15:01:56','2021-02-13 15:01:56'),(6235,86,69,50,'2021-02-13 15:01:56','2021-02-13 15:01:56'),(6236,86,69,51,'2021-02-13 15:01:56','2021-02-13 15:01:56'),(6237,86,69,52,'2021-02-13 15:01:56','2021-02-13 15:01:56'),(6238,86,69,53,'2021-02-13 15:01:56','2021-02-13 15:01:56'),(6239,86,69,54,'2021-02-13 15:01:56','2021-02-13 15:01:56'),(6240,86,69,55,'2021-02-13 15:01:56','2021-02-13 15:01:56'),(6241,86,69,56,'2021-02-13 15:01:56','2021-02-13 15:01:56'),(6242,86,69,57,'2021-02-13 15:01:56','2021-02-13 15:01:56'),(6243,86,69,58,'2021-02-13 15:01:56','2021-02-13 15:01:56'),(6244,86,69,59,'2021-02-13 15:01:56','2021-02-13 15:01:56'),(6245,86,69,60,'2021-02-13 15:01:56','2021-02-13 15:01:56'),(6246,86,69,61,'2021-02-13 15:01:56','2021-02-13 15:01:56'),(6247,86,69,62,'2021-02-13 15:01:56','2021-02-13 15:01:56'),(6248,86,69,63,'2021-02-13 15:01:56','2021-02-13 15:01:56'),(6249,86,69,64,'2021-02-13 15:01:56','2021-02-13 15:01:56'),(6250,86,69,65,'2021-02-13 15:01:56','2021-02-13 15:01:56'),(6251,86,69,66,'2021-02-13 15:01:56','2021-02-13 15:01:56'),(6252,86,69,67,'2021-02-13 15:01:56','2021-02-13 15:01:56'),(6253,86,69,68,'2021-02-13 15:01:56','2021-02-13 15:01:56'),(6254,86,69,69,'2021-02-13 15:01:56','2021-02-13 15:01:56'),(6255,86,69,70,'2021-02-13 15:01:56','2021-02-13 15:01:56'),(6256,86,69,71,'2021-02-13 15:01:56','2021-02-13 15:01:56'),(6257,86,69,72,'2021-02-13 15:01:56','2021-02-13 15:01:56'),(6258,86,69,73,'2021-02-13 15:01:56','2021-02-13 15:01:56'),(6259,86,69,74,'2021-02-13 15:01:56','2021-02-13 15:01:56'),(6260,86,69,75,'2021-02-13 15:01:56','2021-02-13 15:01:56'),(6261,86,69,76,'2021-02-13 15:01:56','2021-02-13 15:01:56'),(6262,86,69,77,'2021-02-13 15:01:56','2021-02-13 15:01:56'),(6263,86,69,78,'2021-02-13 15:01:56','2021-02-13 15:01:56'),(6264,86,69,79,'2021-02-13 15:01:56','2021-02-13 15:01:56'),(6265,86,69,80,'2021-02-13 15:01:56','2021-02-13 15:01:56'),(6266,86,69,81,'2021-02-13 15:01:56','2021-02-13 15:01:56');
/*!40000 ALTER TABLE `role_permissions` ENABLE KEYS */;
UNLOCK TABLES;

--
-- Table structure for table `roles`
--

DROP TABLE IF EXISTS `roles`;
/*!40101 SET @saved_cs_client     = @@character_set_client */;
/*!40101 SET character_set_client = utf8 */;
CREATE TABLE `roles` (
  `id` int(10) unsigned NOT NULL AUTO_INCREMENT,
  `name` varchar(255) COLLATE utf8mb4_unicode_ci NOT NULL,
  `company_id` int(11) DEFAULT NULL,
  `created_at` timestamp NULL DEFAULT NULL,
  `updated_at` timestamp NULL DEFAULT NULL,
  PRIMARY KEY (`id`)
) ENGINE=InnoDB AUTO_INCREMENT=87 DEFAULT CHARSET=utf8mb4 COLLATE=utf8mb4_unicode_ci;
/*!40101 SET character_set_client = @saved_cs_client */;

--
-- Dumping data for table `roles`
--

LOCK TABLES `roles` WRITE;
/*!40000 ALTER TABLE `roles` DISABLE KEYS */;
INSERT INTO `roles` VALUES (1,'Super Admin',8,'2017-07-19 18:15:00','2017-07-20 18:15:00'),(2,'Admin',8,'2017-07-19 18:15:00','2017-07-20 18:15:00'),(18,'Technician',8,'2021-01-06 08:47:13','2021-01-06 08:47:13'),(19,'Admin',11,'2021-01-21 14:00:49',NULL),(20,'Admin',12,'2021-01-21 14:23:16',NULL),(21,'Admin',13,'2021-01-21 14:29:32',NULL),(22,'Admin',14,'2021-01-21 14:56:45',NULL),(23,'Admin',15,'2021-01-21 14:58:14',NULL),(24,'Admin',16,'2021-01-21 16:22:38',NULL),(25,'Admin',17,'2021-01-21 16:27:42',NULL),(26,'Admin',18,'2021-01-21 16:29:03',NULL),(27,'Admin',19,'2021-01-21 16:37:12',NULL),(28,'Admin',20,'2021-01-21 16:49:50',NULL),(29,'Admin',21,'2021-01-21 18:43:55',NULL),(30,'sales',21,'2021-01-22 03:21:27','2021-01-22 03:21:27'),(31,'Admin',22,'2021-01-22 06:35:48',NULL),(32,'Admin',23,'2021-01-22 12:52:40',NULL),(33,'Admin',24,'2021-01-22 21:43:48',NULL),(34,'Admin',25,'2021-01-22 21:47:42',NULL),(35,'Admin',26,'2021-01-22 21:50:01',NULL),(36,'Admin',27,'2021-01-23 08:49:01',NULL),(37,'Admin',28,'2021-01-23 10:33:42',NULL),(38,'Admin',29,'2021-01-26 16:11:30',NULL),(39,'Admin',30,'2021-01-26 16:35:55',NULL),(40,'Admin',31,'2021-01-26 16:43:46',NULL),(41,'Admin',32,'2021-01-26 16:46:48',NULL),(42,'Admin',33,'2021-01-26 16:49:47',NULL),(43,'Admin',34,'2021-01-26 16:52:32',NULL),(44,'Admin',35,'2021-01-26 16:54:44',NULL),(45,'Admin',36,'2021-01-26 16:57:03',NULL),(46,'Admin',37,'2021-01-26 16:59:57',NULL),(47,'Admin',38,'2021-01-26 17:02:06',NULL),(48,'Admin',39,'2021-01-26 17:05:55',NULL),(49,'Admin',40,'2021-01-26 17:08:00',NULL),(50,'Admin',41,'2021-01-26 17:09:58',NULL),(51,'Admin',42,'2021-01-26 17:10:30',NULL),(52,'Admin',43,'2021-01-26 17:11:48',NULL),(53,'Admin',44,'2021-01-26 17:13:15',NULL),(54,'Admin',45,'2021-01-26 17:13:41',NULL),(55,'Admin',46,'2021-01-26 17:14:59',NULL),(56,'Admin',47,'2021-01-26 17:15:21',NULL),(57,'Admin',48,'2021-01-26 17:16:29',NULL),(58,'Admin',49,'2021-01-26 17:17:12',NULL),(59,'Admin',50,'2021-01-26 17:18:20',NULL),(60,'Admin',51,'2021-01-26 17:19:01',NULL),(61,'Admin',52,'2021-01-26 17:20:02',NULL),(62,'Admin',53,'2021-01-26 17:20:56',NULL),(63,'Admin',54,'2021-01-26 17:21:36',NULL),(64,'Admin',55,'2021-01-26 17:22:45',NULL),(65,'Admin',56,'2021-01-26 17:23:14',NULL),(66,'Admin',57,'2021-01-26 17:24:31',NULL),(67,'Admin',58,'2021-01-26 17:24:56',NULL),(68,'Admin',59,'2021-01-26 17:27:28',NULL),(69,'Admin',60,'2021-01-26 17:30:22',NULL),(70,'Admin',61,'2021-01-26 17:31:57',NULL),(71,'Power Admin yuga',31,'2021-01-26 20:45:15','2021-01-26 20:45:15'),(72,'Admin',62,'2021-01-27 10:33:23',NULL),(73,'Admin',63,'2021-01-27 11:27:06',NULL),(74,'Sales Staff',24,'2021-01-29 19:20:08','2021-01-29 19:20:08'),(75,'purchase',32,'2021-02-06 15:22:18','2021-02-06 15:22:18'),(76,'sales',32,'2021-02-06 15:32:12','2021-02-06 15:32:12'),(77,'Admin',64,'2021-02-07 08:19:30',NULL),(79,'Sales dept',64,'2021-02-08 14:23:28','2021-02-08 14:23:28'),(80,'purchase dept',64,'2021-02-08 14:23:42','2021-02-08 14:23:42'),(81,'Accounts',64,'2021-02-08 14:23:57','2021-02-08 14:23:57'),(82,'Admin',65,'2021-02-12 16:24:53',NULL),(83,'Admin',66,'2021-02-13 14:56:19',NULL),(84,'Admin',67,'2021-02-13 14:58:19',NULL),(85,'Admin',68,'2021-02-13 15:00:15',NULL),(86,'Admin',69,'2021-02-13 15:01:56',NULL);
/*!40000 ALTER TABLE `roles` ENABLE KEYS */;
UNLOCK TABLES;

--
-- Table structure for table `salaries`
--

DROP TABLE IF EXISTS `salaries`;
/*!40101 SET @saved_cs_client     = @@character_set_client */;
/*!40101 SET character_set_client = utf8 */;
CREATE TABLE `salaries` (
  `id` bigint(20) unsigned NOT NULL AUTO_INCREMENT,
  `employee_id` int(11) NOT NULL,
  `salary_month` varchar(255) COLLATE utf8mb4_unicode_ci NOT NULL,
  `company_id` int(11) DEFAULT NULL,
  `paid_amount` int(11) NOT NULL,
  `created_at` timestamp NULL DEFAULT NULL,
  `updated_at` timestamp NULL DEFAULT NULL,
  PRIMARY KEY (`id`)
) ENGINE=InnoDB DEFAULT CHARSET=utf8mb4 COLLATE=utf8mb4_unicode_ci;
/*!40101 SET character_set_client = @saved_cs_client */;

--
-- Dumping data for table `salaries`
--

LOCK TABLES `salaries` WRITE;
/*!40000 ALTER TABLE `salaries` DISABLE KEYS */;
/*!40000 ALTER TABLE `salaries` ENABLE KEYS */;
UNLOCK TABLES;

--
-- Table structure for table `sales`
--

DROP TABLE IF EXISTS `sales`;
/*!40101 SET @saved_cs_client     = @@character_set_client */;
/*!40101 SET character_set_client = utf8 */;
CREATE TABLE `sales` (
  `id` int(10) unsigned NOT NULL AUTO_INCREMENT,
  `product_id` int(10) unsigned NOT NULL,
  `company_id` int(11) DEFAULT NULL,
  `customer_id` varchar(255) COLLATE utf8mb4_unicode_ci NOT NULL,
  `invoice_id` varchar(255) COLLATE utf8mb4_unicode_ci NOT NULL,
  `gst_rate` double DEFAULT NULL,
  `quantity` int(11) NOT NULL,
  `price` double NOT NULL,
  `saller_name` varchar(255) COLLATE utf8mb4_unicode_ci NOT NULL,
  `sales_status` tinyint(1) NOT NULL DEFAULT 1,
  `sales_date` date NOT NULL,
  `warenty_end` date DEFAULT NULL,
  `created_at` timestamp NULL DEFAULT NULL,
  `updated_at` timestamp NULL DEFAULT NULL,
  PRIMARY KEY (`id`),
  KEY `sales_product_id_foreign` (`product_id`),
  CONSTRAINT `sales_product_id_foreign` FOREIGN KEY (`product_id`) REFERENCES `products` (`id`) ON DELETE CASCADE ON UPDATE CASCADE
) ENGINE=InnoDB AUTO_INCREMENT=142 DEFAULT CHARSET=utf8mb4 COLLATE=utf8mb4_unicode_ci;
/*!40101 SET character_set_client = @saved_cs_client */;

--
-- Dumping data for table `sales`
--

LOCK TABLES `sales` WRITE;
/*!40000 ALTER TABLE `sales` DISABLE KEYS */;
INSERT INTO `sales` VALUES (57,40,NULL,'12345','INV-066',NULL,1,500,'admin',1,'2020-09-12',NULL,'2021-01-05 20:38:14',NULL),(58,40,NULL,'12345','INV-067',NULL,1,500,'admin',1,'2020-09-12',NULL,'2021-01-05 20:44:26',NULL),(59,40,NULL,'12345','INV-068',NULL,1,500,'admin',1,'2020-09-12',NULL,'2021-01-05 20:46:54',NULL),(60,40,NULL,'12345','INV-069',NULL,1,500,'admin',1,'2020-09-12',NULL,'2021-01-05 20:48:40',NULL),(61,40,NULL,'12345','INV-070',NULL,1,500,'admin',1,'2020-09-12',NULL,'2021-01-05 22:55:24',NULL),(62,41,NULL,'cust01','INV-071',NULL,1,10000,'admin',1,'2021-01-06',NULL,'2021-01-06 09:10:09',NULL),(63,42,NULL,'12345','INV-072',NULL,1,16500,'kumar123',1,'2020-09-12',NULL,'2021-01-10 19:21:08',NULL),(64,41,NULL,'12345','INV-072',NULL,1,10000,'kumar123',1,'2020-09-12',NULL,'2021-01-10 19:21:08',NULL),(65,42,NULL,'12345','INV-072',NULL,1,16500,'kumar123',1,'2020-09-12','2022-12-07','2021-01-10 19:21:08',NULL),(66,42,NULL,'123','INV-073',NULL,1,16500,'admin',1,'2020-09-13',NULL,'2021-01-11 09:02:25',NULL),(67,41,NULL,'123','INV-074',NULL,1,10000,'admin',1,'2020-09-14',NULL,'2021-01-11 09:09:07',NULL),(68,42,NULL,'CUST02','INV-075',NULL,1,16500,'admin',1,'2021-01-13','2022-12-01','2021-01-13 08:21:41',NULL),(69,43,NULL,'CUST03','INV-076',NULL,1,0,'sundar',1,'2021-01-13',NULL,'2021-01-13 08:36:01',NULL),(70,41,NULL,'5555','INV-077',NULL,1,10000,'admin',1,'2020-09-20',NULL,'2021-01-18 00:45:54',NULL),(71,42,NULL,'5555','INV-078',NULL,1,16500,'admin',1,'2020-09-19',NULL,'2021-01-18 00:47:40',NULL),(72,43,NULL,'5555','INV-079',NULL,1,0,'admin',1,'2020-09-21',NULL,'2021-01-18 00:48:57',NULL),(73,41,NULL,'Cust2021','INV-080',NULL,1,10000,'admin',1,'2020-09-20',NULL,'2021-01-18 09:36:17',NULL),(74,42,NULL,'Cust2021','INV-081',NULL,1,16500,'admin',1,'2020-09-21',NULL,'2021-01-18 09:37:18',NULL),(75,42,NULL,'2021','INV-082',NULL,1,16500,'admin',1,'2021-01-18',NULL,'2021-01-18 11:28:03',NULL),(76,43,NULL,'2022','INV-083',NULL,1,0,'Aquatech 2',1,'2021-01-18',NULL,'2021-01-18 11:37:29',NULL),(77,42,NULL,'2025','INV-084',NULL,1,16500,'admin',1,'2021-01-19','2022-01-19','2021-01-19 17:13:52',NULL),(78,42,NULL,'2026','INV-085',NULL,1,16500,'Senthil',1,'2021-01-19','2022-01-19','2021-01-19 17:26:52',NULL),(79,43,NULL,'2027','INV-086',NULL,1,0,'admin',1,'2021-01-20',NULL,'2021-01-20 10:56:28',NULL),(80,41,NULL,'2028','INV-087',NULL,1,10000,'admin',1,'2021-01-20',NULL,'2021-01-20 12:42:19',NULL),(81,44,20,'2025','INV-001',NULL,1,100,'3720shop',1,'2021-01-22','2021-01-24','2021-01-21 18:41:45',NULL),(82,45,22,'10011','INV-001',NULL,1,200,'6222shop',1,'2021-01-22',NULL,'2021-01-22 08:07:42',NULL),(83,46,26,'0','INV-001',NULL,1,200,'202126Shop',1,'2021-01-22','2021-01-23','2021-01-22 23:00:50',NULL),(84,47,27,'0','INV-001',NULL,1,200,'202127Shop',1,'2021-01-23',NULL,'2021-01-23 08:53:38',NULL),(85,47,27,'0','INV-002',NULL,1,200,'202127Shop',1,'2021-01-23',NULL,'2021-01-23 08:56:26',NULL),(86,47,27,'123113','INV-003',NULL,1,200,'202127Shop',1,'2021-01-23',NULL,'2021-01-23 14:26:34',NULL),(87,47,27,'123113','INV-003',NULL,1,200,'202127Shop',1,'2021-01-23',NULL,'2021-01-23 14:26:34',NULL),(88,53,62,'0','INV-001',NULL,1,25,'202162Shop',1,'2021-01-27',NULL,'2021-01-27 10:42:28',NULL),(89,53,62,'0','INV-002',NULL,2,50,'202162Shop',1,'2021-01-27',NULL,'2021-01-27 10:43:52',NULL),(90,53,62,'0','INV-003',NULL,1,25,'202162Shop',1,'2021-01-27',NULL,'2021-01-27 10:49:56',NULL),(91,54,62,'0','INV-004',NULL,2,40,'202162Shop',1,'2021-01-28',NULL,'2021-01-27 10:53:47',NULL),(92,56,62,'0','INV-005',NULL,3,60,'202162Shop',1,'2021-01-27',NULL,'2021-01-27 10:55:33',NULL),(93,56,62,'0','INV-006',NULL,1,20,'202162Shop',1,'0021-01-27',NULL,'2021-01-27 10:56:23',NULL),(94,56,62,'0','INV-007',NULL,2,40,'202162Shop',1,'2021-01-27',NULL,'2021-01-27 10:59:29',NULL),(95,56,62,'20202020','INV-008',NULL,1,20,'202162Shop',1,'2021-01-27',NULL,'2021-01-27 11:01:09',NULL),(96,54,62,'2222011110','INV-009',NULL,2,44,'202162Shop',1,'2021-01-27',NULL,'2021-01-27 11:10:07',NULL),(97,53,62,'2222011110','INV-010',NULL,2,50,'202162Shop',1,'2021-01-27',NULL,'2021-01-27 11:11:23',NULL),(98,53,62,'0','INV-011',NULL,2,50,'202162Shop',1,'2021-01-27',NULL,'2021-01-27 11:18:21',NULL),(99,53,62,'0000000','INV-012',NULL,1,25,'202162Shop',1,'2021-01-27',NULL,'2021-01-27 11:48:14',NULL),(100,56,62,'0','INV-013',NULL,1,20,'202162Shop',1,'2021-01-27','2021-07-27','2021-01-27 11:52:17',NULL),(101,57,62,'0','INV-014',NULL,1,30,'202162Shop',1,'2021-01-27',NULL,'2021-01-27 11:57:36',NULL),(102,57,62,'0','INV-015',NULL,1,30,'202162Shop',1,'2021-01-27',NULL,'2021-01-27 12:10:06',NULL),(103,53,62,'0','INV-016',NULL,2,50,'202162Shop',1,'2021-01-27',NULL,'2021-01-27 12:57:33',NULL),(104,58,62,'0','INV-017',NULL,2,40,'202162Shop',1,'2021-01-27',NULL,'2021-01-27 13:00:22',NULL),(105,56,62,'0','INV-018',NULL,1,20,'202162Shop',1,'2021-01-27',NULL,'2021-01-27 13:11:57',NULL),(106,56,62,'0','INV-019',NULL,1,20,'202162Shop',1,'2021-01-27',NULL,'2021-01-27 13:12:32',NULL),(107,60,62,'0','INV-020',NULL,2,40,'202162Shop',1,'2021-01-27',NULL,'2021-01-27 14:21:10',NULL),(108,58,62,'0','INV-021',NULL,1,20,'202162Shop',1,'2021-01-28',NULL,'2021-01-27 14:32:50',NULL),(109,54,62,'0','INV-022',NULL,2,40,'202162Shop',1,'2021-01-27',NULL,'2021-01-27 14:33:33',NULL),(110,58,62,'0','INV-022',NULL,1,20,'202162Shop',1,'2021-01-27',NULL,'2021-01-27 14:33:33',NULL),(111,60,62,'0','INV-023',NULL,3,60,'202162Shop',1,'2021-01-27',NULL,'2021-01-27 14:34:38',NULL),(112,56,62,'0','INV-023',NULL,1,20,'202162Shop',1,'2021-01-27',NULL,'2021-01-27 14:34:38',NULL),(113,53,62,'0','INV-023',NULL,1,25,'202162Shop',1,'2021-01-27',NULL,'2021-01-27 14:34:38',NULL),(114,60,62,'0','INV-024',NULL,1,20,'202162Shop',1,'2021-01-27',NULL,'2021-01-27 14:35:35',NULL),(115,59,62,'0','INV-024',NULL,1,30,'202162Shop',1,'2021-01-27',NULL,'2021-01-27 14:35:35',NULL),(116,58,62,'0','INV-024',NULL,1,20,'202162Shop',1,'2021-01-27',NULL,'2021-01-27 14:35:35',NULL),(117,54,62,'0','INV-024',NULL,1,20,'202162Shop',1,'2021-01-27',NULL,'2021-01-27 14:35:35',NULL),(118,56,62,'0','INV-024',NULL,1,20,'202162Shop',1,'2021-01-27',NULL,'2021-01-27 14:35:35',NULL),(119,54,62,'0','INV-025',NULL,5,100,'202162Shop',1,'2021-01-27',NULL,'2021-01-27 14:37:19',NULL),(120,59,62,'0','INV-025',NULL,5,150,'202162Shop',1,'2021-01-27',NULL,'2021-01-27 14:37:19',NULL),(121,60,62,'0','INV-025',NULL,2,40,'202162Shop',1,'2021-01-27',NULL,'2021-01-27 14:37:19',NULL),(122,58,62,'0','INV-025',NULL,5,100,'202162Shop',1,'2021-01-27',NULL,'2021-01-27 14:37:19',NULL),(123,56,62,'0','INV-025',NULL,5,100,'202162Shop',1,'2021-01-27',NULL,'2021-01-27 14:37:19',NULL),(124,60,62,'0','INV-026',NULL,1,20,'202162Shop',1,'2021-01-26',NULL,'2021-01-27 15:39:04',NULL),(125,61,32,'0','INV-001',NULL,1,100,'202132Shop',1,'2021-01-27',NULL,'2021-01-27 23:17:07',NULL),(126,62,32,'0','INV-002',NULL,1,100,'202132Shop',1,'2021-01-27',NULL,'2021-01-27 23:35:00',NULL),(128,67,62,'0','INV-028',NULL,2,1600,'202162Shop',1,'2021-01-28',NULL,'2021-01-28 17:03:28',NULL),(129,67,62,'0','INV-029',NULL,1,7000,'202162Shop',1,'2021-01-29',NULL,'2021-01-29 10:29:27',NULL),(130,75,24,'C0001','INV-001',NULL,2,400,'202124Shop',1,'2021-01-29',NULL,'2021-01-29 19:29:19',NULL),(131,76,64,'0','INV-001',NULL,4,4000,'202164Shop',1,'2021-02-08',NULL,'2021-02-08 11:51:49',NULL),(132,76,64,'0','INV-001',NULL,4,4000,'202164Shop',1,'2021-02-08',NULL,'2021-02-08 11:51:49',NULL),(133,76,64,'100','INV-002',NULL,1,1000,'202164Shop',1,'2021-02-08',NULL,'2021-02-08 14:43:33',NULL),(134,79,37,'0','INV-001',NULL,1,35,'202137Shop',1,'2021-02-11',NULL,'2021-02-11 13:10:25',NULL),(135,79,37,'0','INV-002',NULL,1,35,'202137Shop',1,'2021-02-11',NULL,'2021-02-11 13:24:59',NULL),(136,80,37,'0','INV-002',NULL,2,102,'202137Shop',1,'2021-02-11',NULL,'2021-02-11 13:24:59',NULL),(137,81,63,'0','INV-001',NULL,1,200,'202163Shop',1,'2021-02-11',NULL,'2021-02-11 15:41:54',NULL),(138,79,37,'0','INV-003',NULL,1,35,'202137Shop',1,'2021-02-11',NULL,'2021-02-11 15:41:57',NULL),(139,82,37,'0','INV-004',NULL,3,60,'202137Shop',1,'2021-02-11',NULL,'2021-02-11 15:50:19',NULL),(140,83,63,'0','BSSREC630001',NULL,1,400,'202163Shop',1,'2021-02-11',NULL,'2021-02-11 22:31:07',NULL),(141,81,63,'0','BSSREC630001',NULL,1,200,'202163Shop',1,'2021-02-11',NULL,'2021-02-11 22:31:07',NULL);
/*!40000 ALTER TABLE `sales` ENABLE KEYS */;
UNLOCK TABLES;

--
-- Table structure for table `salescarts`
--

DROP TABLE IF EXISTS `salescarts`;
/*!40101 SET @saved_cs_client     = @@character_set_client */;
/*!40101 SET character_set_client = utf8 */;
CREATE TABLE `salescarts` (
  `id` int(10) unsigned NOT NULL AUTO_INCREMENT,
  `product_id` int(10) unsigned NOT NULL,
  `customer_id` varchar(255) COLLATE utf8mb4_unicode_ci DEFAULT NULL,
  `company_id` int(11) DEFAULT NULL,
  `quantity` int(11) NOT NULL,
  `price` double NOT NULL,
  `gst` varchar(255) COLLATE utf8mb4_unicode_ci DEFAULT NULL,
  `saller_name` varchar(255) COLLATE utf8mb4_unicode_ci NOT NULL,
  `sales_status` tinyint(1) NOT NULL DEFAULT 1,
  `sales_date` datetime DEFAULT NULL,
  `warenty_end` date DEFAULT NULL,
  `created_at` timestamp NULL DEFAULT NULL,
  `updated_at` timestamp NULL DEFAULT NULL,
  PRIMARY KEY (`id`),
  KEY `salescarts_product_id_foreign` (`product_id`),
  CONSTRAINT `salescarts_product_id_foreign` FOREIGN KEY (`product_id`) REFERENCES `products` (`id`) ON DELETE CASCADE ON UPDATE CASCADE
) ENGINE=InnoDB AUTO_INCREMENT=77 DEFAULT CHARSET=utf8mb4 COLLATE=utf8mb4_unicode_ci;
/*!40101 SET character_set_client = @saved_cs_client */;

--
-- Dumping data for table `salescarts`
--

LOCK TABLES `salescarts` WRITE;
/*!40000 ALTER TABLE `salescarts` DISABLE KEYS */;
INSERT INTO `salescarts` VALUES (75,83,NULL,63,1,400,NULL,'202163Shop',1,'2021-02-12 00:00:00',NULL,'2021-02-12 00:03:55','2021-02-12 00:03:55'),(76,81,NULL,63,1,200,NULL,'202163Shop',1,'2021-02-12 00:00:00',NULL,'2021-02-12 00:04:04','2021-02-12 00:04:04');
/*!40000 ALTER TABLE `salescarts` ENABLE KEYS */;
UNLOCK TABLES;

--
-- Table structure for table `serviceorders`
--

DROP TABLE IF EXISTS `serviceorders`;
/*!40101 SET @saved_cs_client     = @@character_set_client */;
/*!40101 SET character_set_client = utf8 */;
CREATE TABLE `serviceorders` (
  `id` int(10) unsigned NOT NULL AUTO_INCREMENT,
  `customer_id` varchar(255) COLLATE utf8mb4_unicode_ci NOT NULL,
  `company_id` int(11) DEFAULT NULL,
  `invoice_id` varchar(255) COLLATE utf8mb4_unicode_ci NOT NULL,
  `order_id` varchar(255) COLLATE utf8mb4_unicode_ci NOT NULL,
  `product_id` varchar(255) COLLATE utf8mb4_unicode_ci NOT NULL,
  `servicetype_id` varchar(255) COLLATE utf8mb4_unicode_ci NOT NULL,
  `description` varchar(255) COLLATE utf8mb4_unicode_ci DEFAULT NULL,
  `contact_no` varchar(255) COLLATE utf8mb4_unicode_ci DEFAULT NULL,
  `status` tinyint(1) NOT NULL DEFAULT 1,
  `technician` varchar(255) COLLATE utf8mb4_unicode_ci DEFAULT NULL,
  `service_charge` varchar(255) COLLATE utf8mb4_unicode_ci DEFAULT NULL,
  `service_date` date DEFAULT NULL,
  `next_servicedate` date DEFAULT NULL,
  `created_at` timestamp NULL DEFAULT NULL,
  `updated_at` timestamp NULL DEFAULT NULL,
  PRIMARY KEY (`id`)
) ENGINE=InnoDB AUTO_INCREMENT=57 DEFAULT CHARSET=utf8mb4 COLLATE=utf8mb4_unicode_ci;
/*!40101 SET character_set_client = @saved_cs_client */;

--
-- Dumping data for table `serviceorders`
--

LOCK TABLES `serviceorders` WRITE;
/*!40000 ALTER TABLE `serviceorders` DISABLE KEYS */;
INSERT INTO `serviceorders` VALUES (4,'123112',NULL,'INV-007','WO-20201231001','24','5','fffffffff','9999900000',0,'MUSRAF ALI','200','2020-12-31','2021-01-09','2020-12-31 12:46:44',NULL),(5,'anwar',NULL,'INV-009','WO-20201231002','24','4','good','9384901232',0,'MUSRAF ALI','700','2020-12-31','2021-01-10','2020-12-31 12:58:55',NULL),(6,'musrafhussain',NULL,'INV-008','WO-20201231003','23','9','ok','9384901232',2,'MUSRAF ALI',NULL,'2020-12-31','2021-01-01','2020-12-31 13:00:30',NULL),(7,'000120',NULL,'INV-010','WO-20201231004','25','4','good','9384901232',0,'AquaTech RO','500','2020-12-31','2021-01-10','2020-12-31 13:01:00',NULL),(8,'anwarameer',NULL,'INV-011','WO-20201231005','33','4',NULL,'9384901232',0,'HAJIRA',NULL,'2020-12-31',NULL,'2020-12-31 13:06:58',NULL),(9,'musraftamil',NULL,'INV-012','WO-20201231006','25','4',NULL,'9384901232',0,'AquaTech RO','0','2020-12-31','2020-12-15','2020-12-31 13:07:21',NULL),(10,'000120',NULL,'INV-010','WO-20201231007','25','4',NULL,'9384901232',0,'AquaTech RO','200','2020-12-31','2021-01-03','2020-12-31 13:08:39',NULL),(11,'000120',NULL,'INV-010','WO-20201231008','25','4',NULL,'9384901232',2,'AquaTech RO',NULL,'2020-12-31',NULL,'2020-12-31 13:08:39',NULL),(12,'12345',NULL,'INV-005','WO-20201231008','23','4',NULL,'9384901232',2,'AquaTech RO',NULL,'2020-12-31',NULL,'2020-12-31 13:09:08',NULL),(13,'12345',NULL,'INV-005','WO-20201231009','23','4',NULL,'9384901232',0,'AquaTech RO','200','2020-12-31','2021-01-10','2020-12-31 13:09:08',NULL),(14,'musrafhussain',NULL,'INV-008','WO-20201231009','23','5',NULL,NULL,0,'AquaTech RO','200','2020-12-31','2021-01-10','2020-12-31 15:05:05',NULL),(15,'123123',NULL,'INV-022','WO-20201231010','24','5','dddddddddddd','999999999',0,'AquaTech RO','1000','2020-12-31','2021-04-29','2020-12-31 15:31:16',NULL),(16,'000120',NULL,'INV-010','WO-20201231011','25','5',NULL,NULL,0,'AquaTech RO','5000','2020-12-31','2021-01-10','2020-12-31 15:39:25',NULL),(17,'000120',NULL,'INV-010','WO-20201231012','25','5','ddddddddddddd','999999999',0,'AquaTech RO','150','2020-12-31','2021-01-09','2020-12-31 23:24:37',NULL),(18,'000120',NULL,'INV-010','WO-20201231013','25','5','ddddddddddddddddddd','999999999',0,'AquaTech RO','200','2020-12-31','2021-01-01','2020-12-31 23:34:41',NULL),(19,'000120',NULL,'INV-010','WO-20201231014','25','5','mmmmmmmmmmmmmmmmmm','999999999',1,'asasa',NULL,NULL,NULL,'2020-12-31 23:37:24',NULL),(20,'musraftamil',NULL,'INV-012','WO-20210101015','25','5',NULL,'9384901232',2,'AquaTech RO',NULL,'2021-01-01',NULL,'2021-01-01 10:53:59',NULL),(21,'000120',NULL,'INV-010','WO-20210101016','25','12',NULL,NULL,0,'AquaTech RO',NULL,'2021-01-01',NULL,'2021-01-01 11:25:09',NULL),(22,'musrafhussain',NULL,'INV-008','WO-20210101017','23','4',NULL,NULL,0,'AquaTech RO',NULL,'2021-01-01','2021-01-09','2021-01-01 11:47:18',NULL),(23,'musrafhussain',NULL,'INV-008','WO-20210101018','23','4',NULL,'9384901232',0,'MUSRAF ALI','8000','2021-01-02','2021-05-16','2021-01-01 11:56:14',NULL),(24,'then',NULL,'INV-047','WO-20210102019','26','5',NULL,NULL,0,'AquaTech RO',NULL,'2021-01-02','2021-01-12','2021-01-02 10:34:57',NULL),(25,'was',NULL,'INV-048','WO-20210102020','24','6',NULL,NULL,0,'AASIF','200','2021-01-02','2021-01-11','2021-01-02 10:35:26',NULL),(26,'what',NULL,'INV-044','WO-20210102021','23','9',NULL,NULL,0,'ARANWAR','7000','2021-01-02','2021-09-30','2021-01-02 10:35:46',NULL),(27,'what',NULL,'INV-044','WO-20210102022','23','5',NULL,NULL,0,'ALI','7000','2021-01-02','2021-08-04','2021-01-02 12:36:06',NULL),(28,'then',NULL,'INV-047','WO-20210102023','26','6','No good','9384901232',2,'ALI','8000','2021-01-02','2022-01-04','2021-01-02 12:39:41',NULL),(29,'musrafhussain',NULL,'INV-053','WO-20210102024','31','5',NULL,NULL,0,'MUSRAF ALI',NULL,'2021-01-02','2021-01-12','2021-01-02 16:07:33',NULL),(30,'909012',NULL,'INV-040','WO-20210104025','24','9',NULL,NULL,0,'Hussain','1000','2021-01-04','2021-03-22','2021-01-04 11:14:24',NULL),(31,'72181',NULL,'INV-037','WO-20210104026','27','4',NULL,NULL,0,'Hussain','300','2021-01-04','2021-02-01','2021-01-04 11:14:56',NULL),(32,'123113',NULL,'INV-060','WO-20210104027','39','4',NULL,NULL,0,'Hussain','3000','2021-01-04','2021-03-04','2021-01-04 11:18:00',NULL),(33,'123113',NULL,'INV-062','WO-20210104028','36','4',NULL,NULL,0,'Hussain','1000','2021-01-04','2021-01-10','2021-01-04 11:41:28',NULL),(34,'72181',NULL,'INV-037','WO-20210104029','27','5',NULL,NULL,0,'Hussain','5000','2021-01-04','2021-01-16','2021-01-04 11:44:24',NULL),(35,'ANWARAASIF',NULL,'INV-064','WO-20210104030','31','4',NULL,NULL,0,'Hussain','500','2021-01-04','2021-01-22','2021-01-04 11:47:39',NULL),(36,'then',NULL,'INV-047','WO-20210104031','26','5',NULL,NULL,1,'AquaTech RO',NULL,NULL,NULL,'2021-01-04 12:53:47',NULL),(37,'12345',NULL,'INV-066','WO-20210105032','40','4','sss',NULL,0,'AquaTech RO','600','2021-01-05','2021-01-30','2021-01-05 22:40:36',NULL),(38,'12345',NULL,'INV-066','WO-20210105033','40','4',NULL,NULL,0,'AquaTech RO','600','2021-01-05','2021-01-30','2021-01-05 22:44:04',NULL),(39,'12345',NULL,'INV-066','WO-20210105034','40','6',NULL,NULL,0,'AquaTech RO','800','2021-01-05','2021-01-31','2021-01-05 22:50:09',NULL),(40,'12345',NULL,'INV-066','WO-20210106035','40','4',NULL,NULL,0,'MUSRAF ALI',NULL,'2021-01-06',NULL,'2021-01-06 08:29:36',NULL),(41,'cust01',NULL,'INV-071','WO-20210106036','41','5',NULL,NULL,0,'Kumar','250','2021-01-06','2021-02-06','2021-01-06 09:16:50',NULL),(42,'cust01',NULL,'INV-071','WO-20210106037','41','5',NULL,NULL,0,'AquaTech RO','2000','2021-01-10','2021-01-31','2021-01-06 09:21:07',NULL),(43,'cust01',NULL,'INV-071','WO-20210107038','41','4',NULL,'7695803258',0,'sundaraj','100','2021-01-09','2021-01-30','2021-01-07 13:58:24',NULL),(44,'12345',NULL,'INV-066','WO-20210110039','40','5',NULL,NULL,0,'AquaTech RO','200','2021-01-10','2021-01-31','2021-01-10 18:50:13',NULL),(45,'12345',NULL,'INV-066','WO-20210110040','40','5',NULL,NULL,0,'Kumar','1500','2021-01-10','2021-01-31','2021-01-10 19:12:53',NULL),(46,'12345',NULL,'INV-072','WO-20210110041','42','6',NULL,NULL,0,'Kumar','5000','2021-01-10','2021-01-31','2021-01-10 19:26:35',NULL),(47,'12345',NULL,'INV-066','WO-20210110042','40','6',NULL,NULL,0,'Kumar','9990','2021-01-10','2021-01-31','2021-01-10 19:33:21',NULL),(48,'12345',NULL,'INV-066','WO-20210111043','40','6',NULL,NULL,0,'AquaTech RO','100','2021-01-11','2021-01-12','2021-01-11 08:40:06',NULL),(49,'CUST03',NULL,'INV-076','WO-20210113044','43','5',NULL,NULL,0,'sundaraj','100','2021-01-13','2022-12-01','2021-01-13 08:37:39',NULL),(50,'cust01',NULL,'INV-071','WO-20210117045','41','5',NULL,'9999999999',1,'Haja',NULL,NULL,NULL,'2021-01-17 17:26:04',NULL),(51,'cust01',NULL,'INV-071','WO-20210117046','41','6',NULL,'9999999999',1,'AquaTech RO',NULL,NULL,NULL,'2021-01-17 17:27:06',NULL),(52,'Cust2021',NULL,'INV-080','WO-20210118047','41','5',NULL,'9677037902',0,'AquaTech RO','100','2021-01-18','2021-01-18','2021-01-18 10:55:55',NULL),(53,'Cust2021',NULL,'INV-081','WO-20210118048','42','5',NULL,'9677037902',0,'Aquatech 2','500','2021-01-18','2021-01-18','2021-01-18 11:18:48',NULL),(54,'2022',NULL,'INV-083','WO-20210118049','43','4',NULL,'7695803258',0,'Aquatech 2','200','2021-01-18','2021-02-27','2021-01-18 11:38:10',NULL),(55,'2025',NULL,'INV-084','WO-20210119050','42','4',NULL,NULL,0,'AquaTech RO','100','2021-01-20','2021-01-30','2021-01-19 17:16:35',NULL),(56,'2026',NULL,'INV-085','WO-20210119051','42','4',NULL,NULL,0,'Senthi','500','2021-01-19','2021-04-22','2021-01-19 17:27:42',NULL);
/*!40000 ALTER TABLE `serviceorders` ENABLE KEYS */;
UNLOCK TABLES;

--
-- Table structure for table `servicetypes`
--

DROP TABLE IF EXISTS `servicetypes`;
/*!40101 SET @saved_cs_client     = @@character_set_client */;
/*!40101 SET character_set_client = utf8 */;
CREATE TABLE `servicetypes` (
  `id` int(10) unsigned NOT NULL AUTO_INCREMENT,
  `type_name` varchar(150) COLLATE utf8mb4_unicode_ci NOT NULL,
  `company_id` int(11) DEFAULT NULL,
  `slug` varchar(150) COLLATE utf8mb4_unicode_ci NOT NULL,
  `status` tinyint(1) NOT NULL DEFAULT 1,
  `created_by` varchar(100) COLLATE utf8mb4_unicode_ci NOT NULL,
  `modified_by` varchar(100) COLLATE utf8mb4_unicode_ci DEFAULT NULL,
  `created_at` timestamp NULL DEFAULT NULL,
  `updated_at` timestamp NULL DEFAULT NULL,
  PRIMARY KEY (`id`),
  UNIQUE KEY `servicetypes_slug_unique` (`slug`),
  KEY `servicetypes_created_by_foreign` (`created_by`),
  KEY `servicetypes_modified_by_foreign` (`modified_by`),
  CONSTRAINT `servicetypes_created_by_foreign` FOREIGN KEY (`created_by`) REFERENCES `users` (`username`) ON UPDATE CASCADE,
  CONSTRAINT `servicetypes_modified_by_foreign` FOREIGN KEY (`modified_by`) REFERENCES `users` (`username`) ON UPDATE CASCADE
) ENGINE=InnoDB AUTO_INCREMENT=15 DEFAULT CHARSET=utf8mb4 COLLATE=utf8mb4_unicode_ci;
/*!40101 SET character_set_client = @saved_cs_client */;

--
-- Dumping data for table `servicetypes`
--

LOCK TABLES `servicetypes` WRITE;
/*!40000 ALTER TABLE `servicetypes` DISABLE KEYS */;
INSERT INTO `servicetypes` VALUES (4,'Paid Service',NULL,'paid-service',1,'superadmin',NULL,'2020-12-31 11:22:24',NULL),(5,'Warranty Service',NULL,'warranty-service',1,'superadmin',NULL,'2020-12-31 11:22:38',NULL),(6,'AMC Service',NULL,'amc-service',1,'superadmin',NULL,'2020-12-31 11:23:03',NULL),(9,'service',NULL,'service',1,'superadmin',NULL,'2020-12-31 11:46:36',NULL),(12,'PAID',NULL,'paid',1,'superadmin',NULL,'2020-12-31 12:08:23',NULL),(13,'Aravinth',NULL,'aravinth',1,'superadmin',NULL,'2021-01-05 16:30:57',NULL),(14,'Aravinth',NULL,'ajj',1,'superadmin',NULL,'2021-01-06 08:16:48',NULL);
/*!40000 ALTER TABLE `servicetypes` ENABLE KEYS */;
UNLOCK TABLES;

--
-- Table structure for table `sms_status`
--

DROP TABLE IF EXISTS `sms_status`;
/*!40101 SET @saved_cs_client     = @@character_set_client */;
/*!40101 SET character_set_client = utf8 */;
CREATE TABLE `sms_status` (
  `id` int(10) unsigned NOT NULL AUTO_INCREMENT,
  `date` varchar(255) COLLATE utf8mb4_unicode_ci NOT NULL,
  `company_id` int(11) DEFAULT NULL,
  `smstype` varchar(255) COLLATE utf8mb4_unicode_ci NOT NULL,
  `created_at` timestamp NULL DEFAULT NULL,
  `updated_at` timestamp NULL DEFAULT NULL,
  PRIMARY KEY (`id`)
) ENGINE=InnoDB AUTO_INCREMENT=4 DEFAULT CHARSET=utf8mb4 COLLATE=utf8mb4_unicode_ci;
/*!40101 SET character_set_client = @saved_cs_client */;

--
-- Dumping data for table `sms_status`
--

LOCK TABLES `sms_status` WRITE;
/*!40000 ALTER TABLE `sms_status` DISABLE KEYS */;
INSERT INTO `sms_status` VALUES (1,'2021-01-11',NULL,'regular','2021-01-11 08:41:54','2021-01-11 08:41:54'),(2,'2021-01-11',NULL,'first','2021-01-11 09:22:28','2021-01-11 09:22:28'),(3,'2021-01-18',NULL,'first','2021-01-18 10:54:08','2021-01-18 10:54:08');
/*!40000 ALTER TABLE `sms_status` ENABLE KEYS */;
UNLOCK TABLES;

--
-- Table structure for table `transactions`
--

DROP TABLE IF EXISTS `transactions`;
/*!40101 SET @saved_cs_client     = @@character_set_client */;
/*!40101 SET character_set_client = utf8 */;
CREATE TABLE `transactions` (
  `id` int(10) unsigned NOT NULL AUTO_INCREMENT,
  `totalamount` double NOT NULL,
  `company_id` int(11) DEFAULT NULL,
  `depositeamount` double NOT NULL,
  `remainingamount` double NOT NULL,
  `deposite_by` varchar(255) COLLATE utf8mb4_unicode_ci NOT NULL,
  `deposite_date` date NOT NULL,
  `bank_name` varchar(255) COLLATE utf8mb4_unicode_ci NOT NULL,
  `created_by` varchar(100) COLLATE utf8mb4_unicode_ci NOT NULL,
  `modified_by` varchar(100) COLLATE utf8mb4_unicode_ci DEFAULT NULL,
  `created_at` timestamp NULL DEFAULT NULL,
  `updated_at` timestamp NULL DEFAULT NULL,
  PRIMARY KEY (`id`),
  KEY `transactions_created_by_foreign` (`created_by`),
  KEY `transactions_modified_by_foreign` (`modified_by`),
  CONSTRAINT `transactions_created_by_foreign` FOREIGN KEY (`created_by`) REFERENCES `users` (`username`) ON UPDATE CASCADE,
  CONSTRAINT `transactions_modified_by_foreign` FOREIGN KEY (`modified_by`) REFERENCES `users` (`username`) ON UPDATE CASCADE
) ENGINE=InnoDB AUTO_INCREMENT=15 DEFAULT CHARSET=utf8mb4 COLLATE=utf8mb4_unicode_ci;
/*!40101 SET character_set_client = @saved_cs_client */;

--
-- Dumping data for table `transactions`
--

LOCK TABLES `transactions` WRITE;
/*!40000 ALTER TABLE `transactions` DISABLE KEYS */;
INSERT INTO `transactions` VALUES (1,20000,NULL,20000,0,'musraf','2020-12-30','A H M T Bank','superadmin',NULL,'2020-12-31 13:10:21','2020-12-31 13:10:28'),(2,10000,NULL,10000,0,'ASLAM','2020-12-22','A H M T Bank','superadmin',NULL,'2020-12-31 13:11:21','2020-12-31 13:11:37'),(3,1000,NULL,1000,0,'HAJIRA','2020-12-19','A H M T Bank','superadmin',NULL,'2020-12-31 16:27:16','2020-12-31 16:29:05'),(4,20000,NULL,20000,0,'ASLAM','2021-01-20','A H M T Bank','superadmin',NULL,'2021-01-01 10:38:33','2021-01-01 10:38:33'),(5,500,NULL,500,0,'ANWAR','2021-01-30','A H M T Bank','superadmin',NULL,'2021-01-01 10:39:25','2021-01-05 10:33:34'),(6,1000,NULL,1000,0,'ANWAR','2021-01-30','M.T Bank','superadmin',NULL,'2021-01-01 10:40:27','2021-01-01 12:04:47'),(7,6000,NULL,6000,0,'Tharik','2021-01-01','M T Bank','superadmin',NULL,'2021-01-05 16:31:19','2021-01-05 16:31:19'),(8,20000,22,20000,0,'kk','2021-01-22','sbi','6222shop',NULL,'2021-01-22 08:29:47','2021-01-22 08:30:01'),(9,5000,62,5000,0,'Tharik','2021-01-27','M.T Bank','202162Shop',NULL,'2021-01-27 10:49:13','2021-01-27 10:57:16'),(10,10,62,5000,-4990,'Tharik','2021-01-30','M.T Bank','202162Shop',NULL,'2021-01-27 10:57:03','2021-01-27 10:57:03'),(11,5000,62,5000,0,'Anwar','2021-02-16','M.T Bank','202162Shop',NULL,'2021-01-27 13:04:20','2021-01-27 13:04:20'),(12,500,62,500,0,'Azar','2021-01-28','M.T Bank','202162Shop',NULL,'2021-01-27 14:31:31','2021-01-27 14:31:31'),(13,700,62,700,0,'Azar','2021-01-30','M.T Bank','202162Shop',NULL,'2021-01-27 14:32:19','2021-01-27 14:32:19'),(14,10000,24,10000,0,'Kumar','2021-01-29','SBI Bank','202124Shop',NULL,'2021-01-29 19:34:50','2021-01-29 19:34:50');
/*!40000 ALTER TABLE `transactions` ENABLE KEYS */;
UNLOCK TABLES;

--
-- Table structure for table `units`
--

DROP TABLE IF EXISTS `units`;
/*!40101 SET @saved_cs_client     = @@character_set_client */;
/*!40101 SET character_set_client = utf8 */;
CREATE TABLE `units` (
  `id` int(10) unsigned NOT NULL AUTO_INCREMENT,
  `units` varchar(255) COLLATE utf8mb4_unicode_ci NOT NULL,
  `company_id` varchar(255) COLLATE utf8mb4_unicode_ci NOT NULL,
  `status` tinyint(1) NOT NULL DEFAULT 1,
  `created_at` timestamp NULL DEFAULT NULL,
  `updated_at` timestamp NULL DEFAULT NULL,
  PRIMARY KEY (`id`)
) ENGINE=InnoDB AUTO_INCREMENT=4 DEFAULT CHARSET=utf8mb4 COLLATE=utf8mb4_unicode_ci;
/*!40101 SET character_set_client = @saved_cs_client */;

--
-- Dumping data for table `units`
--

LOCK TABLES `units` WRITE;
/*!40000 ALTER TABLE `units` DISABLE KEYS */;
INSERT INTO `units` VALUES (1,'kgs','63',1,'2021-02-11 23:46:22','2021-02-11 23:46:22'),(2,'kgs','63',1,'2021-02-11 23:46:28','2021-02-11 23:46:28'),(3,'gms','63',1,'2021-02-11 23:46:39','2021-02-11 23:46:39');
/*!40000 ALTER TABLE `units` ENABLE KEYS */;
UNLOCK TABLES;

--
-- Table structure for table `user_roles`
--

DROP TABLE IF EXISTS `user_roles`;
/*!40101 SET @saved_cs_client     = @@character_set_client */;
/*!40101 SET character_set_client = utf8 */;
CREATE TABLE `user_roles` (
  `id` int(10) unsigned NOT NULL AUTO_INCREMENT,
  `role_id` int(10) unsigned NOT NULL,
  `company_id` int(11) DEFAULT NULL,
  `user_id` int(10) unsigned NOT NULL,
  `created_at` timestamp NULL DEFAULT NULL,
  `updated_at` timestamp NULL DEFAULT NULL,
  PRIMARY KEY (`id`),
  KEY `user_roles_role_id_foreign` (`role_id`),
  KEY `user_roles_user_id_foreign` (`user_id`),
  CONSTRAINT `user_roles_role_id_foreign` FOREIGN KEY (`role_id`) REFERENCES `roles` (`id`) ON DELETE CASCADE ON UPDATE CASCADE,
  CONSTRAINT `user_roles_user_id_foreign` FOREIGN KEY (`user_id`) REFERENCES `users` (`id`) ON DELETE CASCADE ON UPDATE CASCADE
) ENGINE=InnoDB AUTO_INCREMENT=73 DEFAULT CHARSET=utf8mb4 COLLATE=utf8mb4_unicode_ci;
/*!40101 SET character_set_client = @saved_cs_client */;

--
-- Dumping data for table `user_roles`
--

LOCK TABLES `user_roles` WRITE;
/*!40000 ALTER TABLE `user_roles` DISABLE KEYS */;
INSERT INTO `user_roles` VALUES (1,1,NULL,1,'2017-06-05 21:35:29','2017-06-05 21:35:29'),(7,2,NULL,6,'2020-12-31 10:20:25','2021-01-18 00:32:59'),(8,1,NULL,11,'2021-01-21 13:11:13','2021-01-21 13:11:13'),(9,19,NULL,12,'2021-01-21 14:00:49','2021-01-21 14:00:49'),(10,20,NULL,13,'2021-01-21 14:23:16','2021-01-21 14:23:16'),(11,21,NULL,14,'2021-01-21 14:29:32','2021-01-21 14:29:32'),(12,22,NULL,15,'2021-01-21 14:56:45','2021-01-21 14:56:45'),(13,23,NULL,16,'2021-01-21 14:58:14','2021-01-21 14:58:14'),(14,24,NULL,17,'2021-01-21 16:22:38','2021-01-21 16:22:38'),(15,25,NULL,18,'2021-01-21 16:27:42','2021-01-21 16:27:42'),(16,26,NULL,19,'2021-01-21 16:29:03','2021-01-21 16:29:03'),(17,27,NULL,20,'2021-01-21 16:37:12','2021-01-21 16:37:12'),(18,28,NULL,21,'2021-01-21 16:49:50','2021-01-21 16:49:50'),(19,29,21,22,'2021-01-21 18:43:55','2021-01-21 18:43:55'),(20,30,21,23,'2021-01-22 03:23:06','2021-01-22 03:23:06'),(21,31,22,24,'2021-01-22 06:35:48','2021-01-22 06:35:48'),(22,32,23,25,'2021-01-22 12:52:40','2021-01-22 12:52:40'),(23,33,24,26,'2021-01-22 21:43:48','2021-01-22 21:43:48'),(24,34,25,27,'2021-01-22 21:47:42','2021-01-22 21:47:42'),(25,35,26,28,'2021-01-22 21:50:01','2021-01-22 21:50:01'),(26,36,27,29,'2021-01-23 08:49:01','2021-01-23 08:49:01'),(27,37,28,30,'2021-01-23 10:33:42','2021-01-23 10:33:42'),(28,38,29,31,'2021-01-26 16:11:30','2021-01-26 16:11:30'),(29,39,30,32,'2021-01-26 16:35:55','2021-01-26 16:35:55'),(30,40,31,33,'2021-01-26 16:43:46','2021-01-26 16:43:46'),(31,41,32,34,'2021-01-26 16:46:48','2021-01-26 16:46:48'),(32,42,33,35,'2021-01-26 16:49:47','2021-01-26 16:49:47'),(33,43,34,36,'2021-01-26 16:52:32','2021-01-26 16:52:32'),(34,44,35,37,'2021-01-26 16:54:44','2021-01-26 16:54:44'),(35,45,36,38,'2021-01-26 16:57:03','2021-01-26 16:57:03'),(36,46,37,39,'2021-01-26 16:59:57','2021-01-26 16:59:57'),(37,47,38,40,'2021-01-26 17:02:06','2021-01-26 17:02:06'),(38,48,39,41,'2021-01-26 17:05:55','2021-01-26 17:05:55'),(39,49,40,42,'2021-01-26 17:08:00','2021-01-26 17:08:00'),(40,50,41,43,'2021-01-26 17:09:58','2021-01-26 17:09:58'),(41,51,42,44,'2021-01-26 17:10:30','2021-01-26 17:10:30'),(42,52,43,45,'2021-01-26 17:11:48','2021-01-26 17:11:48'),(43,53,44,46,'2021-01-26 17:13:15','2021-01-26 17:13:15'),(44,54,45,47,'2021-01-26 17:13:41','2021-01-26 17:13:41'),(45,55,46,48,'2021-01-26 17:14:59','2021-01-26 17:14:59'),(46,56,47,49,'2021-01-26 17:15:21','2021-01-26 17:15:21'),(47,57,48,50,'2021-01-26 17:16:29','2021-01-26 17:16:29'),(48,58,49,51,'2021-01-26 17:17:12','2021-01-26 17:17:12'),(49,59,50,52,'2021-01-26 17:18:20','2021-01-26 17:18:20'),(50,60,51,53,'2021-01-26 17:19:01','2021-01-26 17:19:01'),(51,61,52,54,'2021-01-26 17:20:02','2021-01-26 17:20:02'),(52,62,53,55,'2021-01-26 17:20:56','2021-01-26 17:20:56'),(53,63,54,56,'2021-01-26 17:21:36','2021-01-26 17:21:36'),(54,64,55,57,'2021-01-26 17:22:45','2021-01-26 17:22:45'),(55,65,56,58,'2021-01-26 17:23:14','2021-01-26 17:23:14'),(56,66,57,59,'2021-01-26 17:24:31','2021-01-26 17:24:31'),(57,67,58,60,'2021-01-26 17:24:56','2021-01-26 17:24:56'),(58,68,59,61,'2021-01-26 17:27:28','2021-01-26 17:27:28'),(59,69,60,62,'2021-01-26 17:30:22','2021-01-26 17:30:22'),(60,70,61,63,'2021-01-26 17:31:57','2021-01-26 17:31:57'),(61,71,31,64,'2021-01-26 20:47:28','2021-01-26 20:47:28'),(62,72,62,65,'2021-01-27 10:33:23','2021-01-27 10:33:23'),(63,73,63,66,'2021-01-27 11:27:06','2021-01-27 11:27:06'),(64,74,24,67,'2021-01-29 19:23:51','2021-01-29 19:23:51'),(65,76,32,68,'2021-02-06 15:22:37','2021-02-06 15:37:49'),(66,77,64,69,'2021-02-07 08:19:30','2021-02-07 08:19:30'),(67,79,64,70,'2021-02-08 14:25:54','2021-02-08 14:25:54'),(68,82,65,71,'2021-02-12 16:24:53','2021-02-12 16:24:53'),(69,83,66,72,'2021-02-13 14:56:19','2021-02-13 14:56:19'),(70,84,67,73,'2021-02-13 14:58:19','2021-02-13 14:58:19'),(71,85,68,74,'2021-02-13 15:00:15','2021-02-13 15:00:15'),(72,86,69,75,'2021-02-13 15:01:56','2021-02-13 15:01:56');
/*!40000 ALTER TABLE `user_roles` ENABLE KEYS */;
UNLOCK TABLES;

--
-- Table structure for table `users`
--

DROP TABLE IF EXISTS `users`;
/*!40101 SET @saved_cs_client     = @@character_set_client */;
/*!40101 SET character_set_client = utf8 */;
CREATE TABLE `users` (
  `id` int(10) unsigned NOT NULL AUTO_INCREMENT,
  `name` varchar(255) COLLATE utf8mb4_unicode_ci DEFAULT NULL,
  `type` enum('superadmin','company','user') COLLATE utf8mb4_unicode_ci DEFAULT NULL,
  `company_id` varchar(255) COLLATE utf8mb4_unicode_ci DEFAULT NULL,
  `username` varchar(100) COLLATE utf8mb4_unicode_ci NOT NULL,
  `email` varchar(100) COLLATE utf8mb4_unicode_ci NOT NULL,
  `password` varchar(255) COLLATE utf8mb4_unicode_ci NOT NULL,
  `hint_password` varchar(255) COLLATE utf8mb4_unicode_ci DEFAULT NULL,
  `last_login` datetime DEFAULT NULL,
  `status` tinyint(1) NOT NULL DEFAULT 1,
  `salary` int(11) DEFAULT NULL,
  `remember_token` varchar(100) COLLATE utf8mb4_unicode_ci DEFAULT NULL,
  `created_at` timestamp NULL DEFAULT NULL,
  `updated_at` timestamp NULL DEFAULT NULL,
  PRIMARY KEY (`id`),
  UNIQUE KEY `users_username_unique` (`username`),
  UNIQUE KEY `users_email_unique` (`email`)
) ENGINE=InnoDB AUTO_INCREMENT=76 DEFAULT CHARSET=utf8mb4 COLLATE=utf8mb4_unicode_ci;
/*!40101 SET character_set_client = @saved_cs_client */;

--
-- Dumping data for table `users`
--

LOCK TABLES `users` WRITE;
/*!40000 ALTER TABLE `users` DISABLE KEYS */;
INSERT INTO `users` VALUES (1,'AquaTech RO','superadmin',NULL,'superadmin','superaquatechro@gmail.com','$2y$10$Z9Tb5dKg8giiVq1ja5bUVOcQZ3vUfAMh9hYA5fVzpA8Rn8tRIoyvW',NULL,'2021-02-13 14:52:53',1,50000,'4Srjp0r2lpgELjEbaE0YQ1okFZmIkX69zcnmcRYNj6j5lTJsnKbhYhIkGUj0','2017-06-05 21:35:29','2021-02-13 14:52:53'),(6,'kkk','company','1','admin','aquatechro@gmail.com','$2y$10$eh5d/B/feI7oTsPsSxAnc.A2CYJpHdogX2F2JgXGAdR0.EyccuMjC',NULL,'2021-01-28 16:58:05',1,NULL,'WmrycIe9uDqpGl6BMieXJtEoTfB4emxhmQu2uVeJdh0g5X4CpVnx4eZJiNt1','2020-12-31 09:05:23','2021-01-28 16:58:05'),(7,'Sundar Raj','user',NULL,'sundar123','musraf34@gmail.com','$2y$10$tY5DfCwF.Xnl84.nEVQpkurJSthaBl8iheNB.WO4b6Cm/5HlDyj32',NULL,'2021-01-06 08:38:25',1,10000,'234567','2020-12-31 10:20:25','2021-01-18 09:27:39'),(8,'kmm9','company','7','8107shop','kmm9@gmail.com','$2y$10$ypOe0vffO2IlV3EyPNTlKOy7HKoWn4ZiD9p/HIHeRR0TNfA4.rVMy','9003152809',NULL,1,NULL,NULL,NULL,NULL),(9,'kmm30','company','8','7608shop','kmm30@gmail.com','$2y$10$pxCYFwTEik.qZ0Jk86NvdOvsqqs157Xy0ON1gYEi7jOuIkYxEDK8G','9003152810','2021-01-21 17:43:37',1,NULL,NULL,NULL,'2021-01-21 12:13:37'),(10,'kmm50','company','9','3909shop','kmm50@gmail.com','$2y$10$YqQs9SAt0uEaeTH3V54KSe95.eFzhKYAi89t.TTjpi2oKfI14v.kK','9080152894',NULL,1,NULL,NULL,NULL,NULL),(11,'kmm100','company','10','7610shop','kmm100@gmail.com','$2y$10$PP7rVz3baVXjaMaBmMYw8uoXaYnzNjJ9IrqElH6HmigNJTQUhtnfm','9000011111','2021-01-21 18:43:17',1,NULL,'FB7A5XQJP16kbobVXw67QJNcHLi5nmhtBEKcUffNtbaVw62kusJ50c5lA00n',NULL,'2021-01-21 13:13:17'),(12,'kmm200','company','11','2011shop','kmm200@gmail.com','$2y$10$48zyYsmyzji9BixBN/xoSOmPraJJZlJRKz.qdrdom87tI/2dS/bIm','9003152200','2021-01-21 19:32:36',1,NULL,'L2IBSJXXPKh7xmrEe7puGqIrtfMTHrGUJYGyyhPaW9zf866a40XsLKBear8L','2021-01-21 14:00:49','2021-01-21 14:02:36'),(13,'kmm333','company','12','9112shop','kmm333@gmail.com','$2y$10$9jG9SKgKiQdTJO0o4NSH3.ERDsObBHzoBdng3ais2SICeGrGU7Wl2','9003133333',NULL,1,NULL,NULL,'2021-01-21 14:23:15',NULL),(14,'kmm400','company','13','6213shop','kmm400@gmail.com','$2y$10$9SQV31tDgCG1uT9Edoe.WuFDuSUK1YLZJ3/eqDz5BWhiP/MgiMINO','9003152400','2021-01-21 20:02:33',1,NULL,'gLtu3JrdbORxaFTMYRU6f0bTAmHVIHMob4BszpI5NjusOkRXECYrwZz0ZCLB','2021-01-21 14:29:32','2021-01-21 14:32:33'),(15,'kmmm','company','14','3814shop','kmmm@gmail.com','$2y$10$keevhTmUjbMI/2gP.sWgUu5VzfdP9B63Kp4K2rGFVrEd4Ly8Lv1aG','9003152000',NULL,1,NULL,NULL,'2021-01-21 14:56:45',NULL),(16,'kmm222','company','15','7815shop','kmm222@gmail.com','$2y$10$rFHlO9wqKsWtoZomEY1wL.2GIINtnmta4inYQ7p52U2kCsk2VBkWy','9003152111','2021-01-21 20:50:39',1,NULL,'kol6EoSSWS3G41A5A4La2K3lksudlFmEWJTayVTOgNbMFcn8DDlP1ozir4vn','2021-01-21 14:58:14','2021-01-21 15:20:39'),(17,'kmmmm','company','16','3816shop','kmmmm@gmail.com','$2y$10$M/syVu4kl7yrYDsiB.TDyuDu5QQ7WmFwZS3FbppmQCKFGWsleLZwG','9003100000',NULL,1,NULL,NULL,'2021-01-21 16:22:37',NULL),(18,'kmm3m','company','17','7017shop','kmm3m@gmail.com','$2y$10$3wLt/KOqWJXvLbDvXyuSRu3XfU8NfIS49Q6sgeEdG5HC2PNNrsC1O','9003122222',NULL,1,NULL,NULL,'2021-01-21 16:27:41',NULL),(19,'kmm3a','company','18','7118shop','kmm3a@gmail.com','$2y$10$oXvOgs7tfzsjbnBc78FqCeyLCY3UeD8Sn1ulTIdl4KOOiL77GQshC','9003333333',NULL,1,NULL,NULL,'2021-01-21 16:29:03',NULL),(20,'kmm3cc','company','19','7219shop','kmm3cc@gmail.com','$2y$10$YBVxvRiZqCHZwtTdpgkz.uteo0gDEAbdSlhGeVxKVmeQbcJvfOlOa','9003177777',NULL,1,NULL,NULL,'2021-01-21 16:37:12',NULL),(21,'kmm3ll','company','20','3720shop','kmm3ll@gmail.com','$2y$10$FtKHAYTc9HJfh1QbKqSZtOG.Jc1/2cQEp56iy9kDAGkLjxprSK8h6','9003155555','2021-01-21 22:20:40',1,NULL,'xIRHKfs9dH4sd84twP6s4uHmQizklhiESA4IhsfhB1jO3eaRh0l55tF6qsGy','2021-01-21 16:49:50','2021-01-21 16:50:40'),(22,'kmm3mmmm','company','21','9921shop','kmm3mmmm@gmail.com','$2y$10$ZKYrutu0dec.kn6nbuBX9uXTALADRZj8f/T2.B1bOumLYoCiPo2UK','9999999999','2021-01-22 08:40:55',1,NULL,'Z8m5sV2wZf07DzHv4D3rNfgHK4QRwAUznDmMVtsFecNgXZc7NXj3TDFoWHBH','2021-01-21 18:43:55','2021-01-22 03:29:08'),(23,'kmmsales',NULL,'21','kmmsales1','kmmsales@gmail.com','$2y$10$sJ/R/uRYKKgvbpfZv1F21e7HM.XM9rFBqHpf0rKM/4yviyYzhoNAq',NULL,'2021-01-22 08:57:15',1,5000,'12345678','2021-01-22 03:23:06','2021-01-22 03:27:15'),(24,'kmmadmin001','company','22','6222shop','kmmadmin001@gmail.com','$2y$10$zeUqdJ6TAanlcC.1UCqULONQdw.EsPxcG9A0pLdKSD.DWhpRTQSUi','9000000000','2021-01-22 12:06:50',1,NULL,'L8qUPZDV6uY9TcZyGlm4iiEUpPJ0TfjB37MChuns3BRIfTleg1QTbQR1IdGc','2021-01-22 06:35:48','2021-01-22 06:36:50'),(25,'kmmadmin002','company','23','3623shop','latest@gmail.com','$2y$10$qL9z.qj/M1gIIDVRPefxMuDwOz4eIy5LgkfCumRcvgLbp41IydNIO','9000011111','2021-01-22 18:23:43',1,NULL,'zSlAnw5y7uZEymeDNq7Nc9HAnZLlRe5mfsYvqZP3T3mwcWhn9aR1dd8s4tIK','2021-01-22 12:52:40','2021-01-22 12:53:43'),(26,'KMM BASIC','company','24','202124Shop','kmmbasic@gmail.com','$2y$10$emjcyFUl9BhFhXYmzDQyX.LAHk26W2auJ12gIaDrv6jBm22vbAFYe','9999999991','2021-02-04 15:48:52',1,NULL,'ImrBW5NLmpzy6H39IJRE4Sw5dctMYadxKRQlqGdlgfXcy96wG6kidvzWdHMS','2021-01-22 21:43:48','2021-02-04 15:48:52'),(27,'KMM STANDARD','company','25','202125Shop','kmmstandard@gmail.com','$2y$10$h.1f87meEb.zff7igSGVxu.ubJ5OSt6WObayBXanSfn1oH2pmVFHy','9999999992','2021-02-04 15:50:53',1,NULL,'667SStn85mUedqPrFEPhMbxGqWk1zEx83evhmXIZrHMPDLIPhQl2QP4TR26a','2021-01-22 21:47:42','2021-02-04 15:50:53'),(28,'KMM PREMIUM','company','26','202126Shop','kmmpremium@gmail.com','$2y$10$L3EQRDqklbYhRvax3dYuIOMWWTOGhjyds9FQRSvfyzGiVdQaxoGgy','9999999993','2021-02-04 15:52:30',1,NULL,'MrWo2itFwt1P4DYW58eBsFfFacLY7D96qRWee38bIQTtCRwZPfOsRk0ijaF6','2021-01-22 21:50:01','2021-02-04 15:52:30'),(29,'kmm testing','company','27','202127Shop','kmmtesting@gmail.com','$2y$10$..NHabwiJ.BztBKI1OtCs.S.RJQ5r513bigG7tnNXWV7sjcV89C4a','9999999994','2021-01-26 10:33:12',1,NULL,'ijrNUceANzvr9iln0X14JkEDKbjUr6C3NSTebyzICLbeoIjnqAYv2eObpWQX','2021-01-23 08:49:01','2021-01-26 10:33:12'),(30,'KMM MICRO','company','28','202128Shop','kmmmicro@gmail.com','$2y$10$O4PxWVtebUF/bjJu4oBi6.E3DZnbjESv..mi2qykC6NXD725labyW','9999999995','2021-01-23 11:01:44',1,NULL,'PAATVnqVuBRgliJxSOvtxrKwfgxzOnW5XiNp1SHVWJLXuN8qpfvNhDIzFl3O','2021-01-23 10:33:42','2021-01-23 11:01:44'),(31,'BESTSHINE BASIC','company','29','202129Shop','pallavarambasic@gmail.com','$2y$10$O4IT8kuyx7i/3Y0bz4qme.RA3UR6Ea3smrjlYooAmlEXjwNs922Ha','9003152804',NULL,1,NULL,NULL,'2021-01-26 16:11:30',NULL),(32,'Bestshine Standard','company','30','202130Shop','bestshine@gmail.com','$2y$10$P3kfr9yr79RjTGI87jexl.E.A1lO0eYMlb/msEJKQTgod5z3TWpim','8220787248',NULL,1,NULL,NULL,'2021-01-26 16:35:55',NULL),(33,'Bestshine Standard','company','31','202131Shop','bestshinepallavaram@gmail.com','$2y$10$/TVNPzeO3GUNykFp.IGyKuqoXdlsD1ZcZfD6KCsgcB1cvnn8eecE2','9087506904','2021-01-26 20:23:09',1,NULL,'M70tcFxpBNGAn2fxqUzZMTxEsPQtJV5ipPjPSO19gWb7WeWzHREq3xFX3hSE','2021-01-26 16:43:46','2021-01-26 20:23:09'),(34,'Bestshine Standard','company','32','202132Shop','bestshinekaraikkal@gmail.com','$2y$10$4LqNrTyj0Q72KfVXPJWs4uXHkGNuhYKXa46ua8NbxRYE2qePFVvPq','8220309479','2021-02-06 15:21:06',1,NULL,'AtIVn7A43dXi27H4R0Hoq1hhDAtYaD60BTYxPas69ZukS6NTRZd8lhbGCckU','2021-01-26 16:46:48','2021-02-06 15:21:06'),(35,'Bestshine Standard','company','33','202133Shop','bestshinelalgudi@gmail.com','$2y$10$r3jYcTMzL09PX/9.pulgue7DEbLS3QsdNsY7.Iq4ienJetQcTbR/m','9080745326','2021-01-26 19:48:57',1,NULL,NULL,'2021-01-26 16:49:47','2021-01-26 19:48:57'),(36,'Bestshine Standard','company','34','202134Shop','bestshinekadayanallur@gmail.com','$2y$10$gh0CAyd5GrVekfkVUwFR8uc4WDeqRzisS8KEPQffBkPDOTlIMs9eC','8778950291',NULL,1,NULL,NULL,'2021-01-26 16:52:32',NULL),(37,'Bestshine Standard','company','35','202135Shop','bestshinetitakudi@gmail.com','$2y$10$dBePNyv12MMqS8xBEVSEQe3n5pHBaKPnQ.sDj21nEkIAtY6Drcpv2','9894455582','2021-01-28 13:36:41',1,NULL,'7xyglbSUG1AfZ58U48QAN80bbuNCmfrxuAdy47znMBXLstLep89jaTacLTPB','2021-01-26 16:54:44','2021-01-28 13:36:41'),(38,'Bestshine Standard','company','36','202136Shop','bestshinemadurantakam@gmail.com','$2y$10$/IQmR4XW0Q/eea1T86WgYemqcyYzfC16nR9YhFGfV1Y3qCSIjyBW2','9884276252,7358550935',NULL,1,NULL,NULL,'2021-01-26 16:57:03',NULL),(39,'Bestshine Standard','company','37','202137Shop','bestshinekottayam@gmail.com','$2y$10$m.HS8pa4wzckmYhxOfhhiO3vY/OKaHZvYcyNxbl80sM4/m5jw6iqe','8590822502','2021-02-11 15:40:42',1,NULL,NULL,'2021-01-26 16:59:57','2021-02-11 15:40:42'),(40,'Bestshine Standard','company','38','202138Shop','bestshinepattukottai@gmail.com','$2y$10$auBx23s7QkK7BWT5Hke91eBfo9/JXcmg6X7hn2TDXsnFy9bclXv5C','7695803258','2021-01-26 19:54:11',1,NULL,'rj1Y6vMlOgm04sXLVHTN1CIPwFz4izWOw59uc920E1RRBpgyFsePLEpybcCP','2021-01-26 17:02:06','2021-01-26 19:54:11'),(41,'Bestshine Standard','company','39','202139Shop','bestshineattur@gmail.com','$2y$10$AGVyr7Q1c.96/h1gCuUU4.4Yxj.UBk39onqN0hNnFjoTRi3cLY1zK','6374841511',NULL,1,NULL,NULL,'2021-01-26 17:05:55',NULL),(42,'Bestshine Standard','company','40','202140Shop','bestshinebangaloreeast@gmail.com','$2y$10$Jea5n1/bCM71obRJl6BG2eVUG1W1rMsd4i0uZ8gMDGj1.vGNFgRs6','9845105895',NULL,1,NULL,NULL,'2021-01-26 17:08:00',NULL),(43,'Bestshine Standard','company','41','202141Shop','bestshinekangayam@gmail.com','$2y$10$nMwKIENtxj2wNhUrgrysTuPcHfsgMArFmiC6HQwPjizg0gvQjgRzW','9176585567','2021-01-27 07:08:06',1,NULL,'xKS2KdAAJP8zueAYvkHLrnaN6OewJtgyCkKQaD24gVcnOjkuxK7hHW3eqtsU','2021-01-26 17:09:57','2021-01-27 07:08:06'),(44,'BESTSHINE BASIC','company','42','202142Shop','bestshinesalem@gmail.com','$2y$10$T.VGJWppNo/2Dvwrhgp82.avfEH5Wb05RTp2pB6VxDW703mEIG3US','9444433600',NULL,1,NULL,NULL,'2021-01-26 17:10:30',NULL),(45,'Bestshine Standard','company','43','202143Shop','bestshinesrirangam@gmail.com','$2y$10$qhE7Nv/L.YhjQ260zb1WJOediHZZn0pzl2qC0UbUbgZAR.A8vk1mO','9976067654',NULL,1,NULL,NULL,'2021-01-26 17:11:48',NULL),(46,'BESTSHINE BASIC','company','44','202144Shop','bestshinebhuvanagiri@gmail.com','$2y$10$5710AdX/v9ZC3GQZyIKk8uGPKaXxuVh2RyiX7MLMI9u2N2leDW3QO','9600998585',NULL,1,NULL,NULL,'2021-01-26 17:13:15',NULL),(47,'Bestshine Standard','company','45','202145Shop','bestshineozhukarai@gmail.com','$2y$10$n.U8.X.DUzVmqEazHlrIJObHdbUVIZQCegK6FfYi6/Nyzh7c0AZOa','9790069042','2021-01-26 20:09:29',1,NULL,NULL,'2021-01-26 17:13:41','2021-01-26 20:09:29'),(48,'BESTSHINE BASIC','company','46','202146Shop','bestshinekarambakkam@gmail.com','$2y$10$BvmzdF9najiov6qIR/TMNuI19QRhzxVFPpTv7ntl2JtlXJq0wndNe','9788546486',NULL,1,NULL,NULL,'2021-01-26 17:14:59',NULL),(49,'Bestshine Standard','company','47','202147Shop','bestshinetambaram@gmail.com','$2y$10$sIpeJLgp3Fdyu5cq6xuqa.zq9tzyLm0nP1gL30f0yxp.IU7Mty4wm','9025591248','2021-01-28 12:55:25',1,NULL,NULL,'2021-01-26 17:15:21','2021-01-28 12:55:25'),(50,'BESTSHINE BASIC','company','48','202148Shop','bestshinemadukkarai@gmail.com','$2y$10$I5gJni/rKMthz1.hkJ4jp.yjijsi3IKQhkBexQUK/wxiEMFKB2qOy','6381711647','2021-02-12 15:46:13',1,NULL,'IRv9xoNsSrAizmEXJyTwJ4edMEY4b5P5OY11NEISpUDwifdd57k4HZUPfUby','2021-01-26 17:16:29','2021-02-12 15:46:13'),(51,'Bestshine Standard','company','49','202149Shop','bestshineandipatti@gmail.com','$2y$10$oE8rMQktQPZm4RR0eWTGM./mwmBQePt8tXzTQCPJnrYszHkHcwRY.','9626749487','2021-01-27 12:02:50',1,NULL,NULL,'2021-01-26 17:17:12','2021-01-27 12:02:50'),(52,'BESTSHINE BASIC','company','50','202150Shop','bestshinecoimbatoresouth@gmail.com','$2y$10$4eawYYF1Y/KhhjB9/ZxoReq11kMdPijiY/BPzbUwX0zs8C/jQaaBm','8056327431','2021-02-06 17:46:14',1,NULL,'hzecjKq7OeS3Io0bPNfxxIJ8tSWIDnE7trBoqGamJ93n4tcr8vaMjlAfOqis','2021-01-26 17:18:20','2021-02-06 17:46:14'),(53,'Bestshine Standard','company','51','202151Shop','bestshineaminjikarai@gmail.com','$2y$10$lG5R2696p.KNqeiahQDPTOCB8mwwtELO/G70tkpSDUABu.4mrRY8K','9344088831','2021-02-16 22:41:49',1,NULL,NULL,'2021-01-26 17:19:01','2021-02-16 22:41:49'),(54,'BESTSHINE BASIC','company','52','202152Shop','bestshinesomanur@gmail.com','$2y$10$o7QviVBPcFpwYpsBoEMJ3uvO66DgxONLZyuxnrz1sUWBXXPCSuBVC','7548826774',NULL,1,NULL,NULL,'2021-01-26 17:20:02',NULL),(55,'Bestshine Standard','company','53','202153Shop','bestshinethiruvaiyaru@gmail.com','$2y$10$G9tqiOGjoiFEdb9mxqcfHu30kca8j61ftPxu52gYSVSJGBs2kt/PK','9443783966',NULL,1,NULL,NULL,'2021-01-26 17:20:56',NULL),(56,'BESTSHINE BASIC','company','54','202154Shop','bestshinekrishnagiri@gmail.com','$2y$10$5xml/0VlTE5oucNDw7uMeOuxGeXNkdDcrxSoPn.aSvoiNPGI0y4OS','9677659979','2021-01-27 07:58:35',1,NULL,NULL,'2021-01-26 17:21:36','2021-01-27 07:58:35'),(57,'Bestshine Standard','company','55','202155Shop','bestshinetenkasi@gmail.com','$2y$10$8.eZx.Z78wyOFa/9yqKLoOQtOa3lR/j4wP2saSzbM1rL8e8FfiG8W','7418879984','2021-01-26 20:32:16',1,NULL,NULL,'2021-01-26 17:22:45','2021-01-26 20:32:16'),(58,'BESTSHINE BASIC','company','56','202156Shop','bestshinebangalorenorth@gmail.com','$2y$10$.OIISqfO6BLIKAevzdbRG.rwYH0/teZOj8WZfIdwm5PBrZXUhFsoy','9916429658','2021-01-26 20:49:26',1,NULL,NULL,'2021-01-26 17:23:14','2021-01-26 20:49:26'),(59,'Bestshine Standard','company','57','202157Shop','bestshinetiruppurnorth@gmail.com','$2y$10$JmRKjPO84Pe1sKVblPJFl.x/DouitDBzg9BUX14ap/JIdEz.exlbq','9698214828','2021-01-27 22:30:39',1,NULL,NULL,'2021-01-26 17:24:31','2021-01-27 22:30:39'),(60,'BESTSHINE BASIC','company','58','202158Shop','bestshinepuducherry@gmail.com','$2y$10$gtVA1zIEP0KvMxFhuFgb7uD6DzZdY1W6CfLk4OdpPrB5rCTEelRNO','9025793662','2021-01-29 06:13:40',1,NULL,NULL,'2021-01-26 17:24:56','2021-01-29 06:13:40'),(61,'BESTSHINE BASIC','company','59','202159Shop','bestshinetambaram1@gmail.com','$2y$10$mBAvrQZ43SB0AjHsB8MG3OEZLyB.ECUBg8WMDTn1i74Tr7leyC8Py','9176056467',NULL,1,NULL,NULL,'2021-01-26 17:27:28',NULL),(62,'BESTSHINE BASIC','company','60','202160Shop','bestshinethoothukudi@gmail.com','$2y$10$QFmzDmWe6pcOj5/ec5up8ObXijBRvwZp6.KfjOzOExaXy0S8M1H2C','9597245627','2021-01-27 10:40:01',1,NULL,NULL,'2021-01-26 17:30:22','2021-01-27 10:40:01'),(63,'Bestshine Standard','company','61','202161Shop','bestshinethiruvarur1@gmail.com','$2y$10$79GrBniDjJwWUzRPRXNMA.LAwdPyxWiuWYVsC3OHO8opVMny3B84a','8056329303',NULL,1,NULL,NULL,'2021-01-26 17:31:57',NULL),(64,'Yuganthar babu',NULL,'31','yuga419000','yu@gmail.com','$2y$10$GjTrhSuPhG/B2v5I6uvSD.ZF1OcPWSsr74/Fth8HL/NutaeEb2Esu',NULL,NULL,1,98000,'123456789','2021-01-26 20:47:28','2021-01-26 20:47:28'),(65,'Bestshine Micro','company','62','202162Shop','micro@gmail.com','$2y$10$RgUIGWTq.NMARWHnMslfOON51HVnI0IbIAAIQbubtmWBsftOtiTBK','9999977777','2021-02-04 16:13:00',1,NULL,'KXWqkQVsG907iHoGi9tZ3vEDiiAehwMwkkoAsHwZnCISeOxpau2KOcrDnOCj','2021-01-27 10:33:23','2021-02-04 16:13:00'),(66,'BSS','company','63','202163Shop','bestshinesalem12@gmail.com','$2y$10$JGFDONJwN0tlnVx0BTmzn.GJ2NEu8MbwmjVcPK5WaftPRlPk/8jL2','9003152802','2021-02-11 22:28:55',1,NULL,'NFJYgYrNKCclFDHQLW4vucjwQmK41o4EQjrWPUPyYvURL1ckwJu9gCzInLBc','2021-01-27 11:27:06','2021-02-11 22:28:55'),(67,'Ajay Krishnan',NULL,'24','Ajay Krishnan','ajay@gmail.com','$2y$10$JeEdtOjUYpKqcu2kET0JRuwvLx6oJXoXdd8YrYXXIsbY2CHRa8hou',NULL,NULL,1,10000,'12345678','2021-01-29 19:23:51','2021-01-29 19:23:51'),(68,'HARIHARAN',NULL,'32','24Shop','kmmkkv@gmail.com','$2y$10$q7gICwI4YMMDUvQYN9wxm.2/0EoKkhjwerhXO7J3.Rqtk7vNHQDg6','123456789',NULL,1,8000,'12345678','2021-02-06 15:22:37','2021-02-06 15:37:49'),(69,'SRI BALAJI MODERN RICE MILL','company','64','202164Shop','sribalaji@gmail.com','$2y$10$WY04xh6.fCwixz7I/AsfW.BKE3IMjv3lvGTh1I9wZ9Pt67SWfWg3e','9940787918','2021-02-09 10:49:02',1,NULL,'1XoTHqM7WT12XK5Dgx5Zgb1TO0E0tRTJkO8aT3IpRbKz5KlpKphuI1vGlSD3','2021-02-07 08:19:30','2021-02-09 10:49:02'),(70,'pandian',NULL,'64','pandian','arjunpandian25@gmail.com','$2y$10$HKJDALEMzZCfZiD0OzZWxe5pxsp0cO9Dq9/OKYhGMqh6NCJ.uD13q','pandian@123',NULL,1,20000,NULL,'2021-02-08 14:25:54','2021-02-08 14:25:54'),(71,'GREEN STORE','company','65','202165Shop','greenstore@gmail.com','$2y$10$JNcy50SAEEdrTfrvvYegCO3ef.s3YkLHf9oCiQeyVmq31P5FmEvqq','9999955555','2021-02-12 17:14:21',1,NULL,NULL,'2021-02-12 16:24:53','2021-02-12 17:14:21'),(72,'BESTSHINE MICRO','company','66','202166Shop','greenstore1@gmail.com','$2y$10$ZvxrSmKGGrH0uqYcC00H2urxS52VlCSr0KDTj/yUtFv1bwIA.RrDK','1111111111','2021-02-15 12:52:32',1,NULL,'zMQRrvrDcy89g1TAAclLFZ8lB9n2YEP18IDJ7DBl3pbLluV6HtbfdQhvsXr5','2021-02-13 14:56:19','2021-02-15 12:52:32'),(73,'BESTSHINE BASIC','company','67','202167Shop','greenstore12@gmail.com','$2y$10$agOhOSikRiu/yfMFwcENBO7FLI/j5vIugvPieDHGx3o0pFDREe2qm','1111111112','2021-02-15 12:52:51',1,NULL,'fnhj3u75NOB6Vy2zkvRCa4U11WPiRZxvQznExgMyN9KLNYatONN085ui9FKp','2021-02-13 14:58:19','2021-02-15 12:52:51'),(74,'BESTSHINE STANDARD','company','68','202168Shop','greenstore134@gmail.com','$2y$10$KOuNIo8MB.1CFYsNGPwPuO.dQOxROXV51Vc9Ax4TCchJnxkbCpK5q','1111111113','2021-02-15 12:53:28',1,NULL,'EX7KSW1KpYb1y6xMvLfiad2ACue5rdKzzpmDr2qoW3rizKgJcS1ICxzeEsI8','2021-02-13 15:00:15','2021-02-15 12:53:28'),(75,'BESTSHINE PREMIUM','company','69','202169Shop','greenstore43@gmail.com','$2y$10$CGtlIOpJQtHiGwERBC3jSOHXijyqlIC/gRAHZkIcAY2wDJ/5a5eIi','1111111114','2021-02-15 12:53:52',1,NULL,'CuW8h1ga9lGj5qyqiXtv5s48Z8SwSyJxa3KKN4WTyHbywEvezGHXBF9uB9jv','2021-02-13 15:01:56','2021-02-15 12:53:52');
/*!40000 ALTER TABLE `users` ENABLE KEYS */;
UNLOCK TABLES;
/*!40103 SET TIME_ZONE=@OLD_TIME_ZONE */;

/*!40101 SET SQL_MODE=@OLD_SQL_MODE */;
/*!40014 SET FOREIGN_KEY_CHECKS=@OLD_FOREIGN_KEY_CHECKS */;
/*!40014 SET UNIQUE_CHECKS=@OLD_UNIQUE_CHECKS */;
/*!40101 SET CHARACTER_SET_CLIENT=@OLD_CHARACTER_SET_CLIENT */;
/*!40101 SET CHARACTER_SET_RESULTS=@OLD_CHARACTER_SET_RESULTS */;
/*!40101 SET COLLATION_CONNECTION=@OLD_COLLATION_CONNECTION */;
/*!40111 SET SQL_NOTES=@OLD_SQL_NOTES */;

-- Dump completed on 2021-02-17 13:47:48
